<?xml version="1.0" encoding="UTF-8"?>
<kml xmlns="http://www.opengis.net/kml/2.2" xmlns:gx="http://www.google.com/kml/ext/2.2" xmlns:kml="http://www.opengis.net/kml/2.2" xmlns:atom="http://www.w3.org/2005/Atom">
<Document>
	<name>AREAS_REFERENCIA.kml</name>
	<Style id="style14">
		<LineStyle>
			<color>ff0000ff</color>
		</LineStyle>
		<PolyStyle>
			<fill>0</fill>
		</PolyStyle>
	</Style>
	<Style id="style119">
		<LineStyle>
			<color>ff0000ff</color>
		</LineStyle>
		<PolyStyle>
			<fill>0</fill>
		</PolyStyle>
	</Style>
	<Style id="style">
		<LineStyle>
			<color>ff0000ff</color>
		</LineStyle>
		<PolyStyle>
			<fill>0</fill>
		</PolyStyle>
	</Style>
	<Style id="style0">
		<LineStyle>
			<color>ff0000ff</color>
		</LineStyle>
		<PolyStyle>
			<fill>0</fill>
		</PolyStyle>
	</Style>
	<Style id="style1">
		<LineStyle>
			<color>ff0000ff</color>
		</LineStyle>
		<PolyStyle>
			<fill>0</fill>
		</PolyStyle>
	</Style>
	<Style id="style2">
		<LineStyle>
			<color>ff0000ff</color>
		</LineStyle>
		<PolyStyle>
			<fill>0</fill>
		</PolyStyle>
	</Style>
	<Style id="style3">
		<LineStyle>
			<color>ff0000ff</color>
		</LineStyle>
		<PolyStyle>
			<fill>0</fill>
		</PolyStyle>
	</Style>
	<Style id="style4">
		<LineStyle>
			<color>ff0000ff</color>
		</LineStyle>
		<PolyStyle>
			<fill>0</fill>
		</PolyStyle>
	</Style>
	<Style id="style81">
		<LineStyle>
			<color>ff0000ff</color>
		</LineStyle>
		<PolyStyle>
			<fill>0</fill>
		</PolyStyle>
	</Style>
	<Style id="style120">
		<LineStyle>
			<color>ff0000ff</color>
		</LineStyle>
		<PolyStyle>
			<fill>0</fill>
		</PolyStyle>
	</Style>
	<Style id="style80">
		<LineStyle>
			<color>ff0000ff</color>
		</LineStyle>
		<PolyStyle>
			<fill>0</fill>
		</PolyStyle>
	</Style>
	<Style id="style5">
		<LineStyle>
			<color>ff0000ff</color>
		</LineStyle>
		<PolyStyle>
			<fill>0</fill>
		</PolyStyle>
	</Style>
	<Style id="style6">
		<LineStyle>
			<color>ff0000ff</color>
		</LineStyle>
		<PolyStyle>
			<fill>0</fill>
		</PolyStyle>
	</Style>
	<Style id="style79">
		<LineStyle>
			<color>ff0000ff</color>
		</LineStyle>
		<PolyStyle>
			<fill>0</fill>
		</PolyStyle>
	</Style>
	<Style id="style7">
		<LineStyle>
			<color>ff0000ff</color>
		</LineStyle>
		<PolyStyle>
			<fill>0</fill>
		</PolyStyle>
	</Style>
	<Style id="style8">
		<LineStyle>
			<color>ff0000ff</color>
		</LineStyle>
		<PolyStyle>
			<fill>0</fill>
		</PolyStyle>
	</Style>
	<Style id="style121">
		<LineStyle>
			<color>ff0000ff</color>
		</LineStyle>
		<PolyStyle>
			<fill>0</fill>
		</PolyStyle>
	</Style>
	<Style id="style77">
		<LineStyle>
			<color>ff0000ff</color>
		</LineStyle>
		<PolyStyle>
			<fill>0</fill>
		</PolyStyle>
	</Style>
	<Style id="style9">
		<LineStyle>
			<color>ff0000ff</color>
		</LineStyle>
		<PolyStyle>
			<fill>0</fill>
		</PolyStyle>
	</Style>
	<Style id="style10">
		<LineStyle>
			<color>ff0000ff</color>
		</LineStyle>
		<PolyStyle>
			<fill>0</fill>
		</PolyStyle>
	</Style>
	<Style id="style11">
		<LineStyle>
			<color>ff0000ff</color>
		</LineStyle>
		<PolyStyle>
			<fill>0</fill>
		</PolyStyle>
	</Style>
	<Style id="style12">
		<LineStyle>
			<color>ff0000ff</color>
		</LineStyle>
		<PolyStyle>
			<fill>0</fill>
		</PolyStyle>
	</Style>
	<Style id="style76">
		<LineStyle>
			<color>ff0000ff</color>
		</LineStyle>
		<PolyStyle>
			<fill>0</fill>
		</PolyStyle>
	</Style>
	<Style id="style13">
		<LineStyle>
			<color>ff0000ff</color>
		</LineStyle>
		<PolyStyle>
			<fill>0</fill>
		</PolyStyle>
	</Style>
	<Style id="style78">
		<LineStyle>
			<color>ff0000ff</color>
		</LineStyle>
		<PolyStyle>
			<fill>0</fill>
		</PolyStyle>
	</Style>
	<Style id="style15">
		<LineStyle>
			<color>ff0000ff</color>
		</LineStyle>
		<PolyStyle>
			<fill>0</fill>
		</PolyStyle>
	</Style>
	<Style id="style75">
		<LineStyle>
			<color>ff0000ff</color>
		</LineStyle>
		<PolyStyle>
			<fill>0</fill>
		</PolyStyle>
	</Style>
	<Style id="style122">
		<LineStyle>
			<color>ff0000ff</color>
		</LineStyle>
		<PolyStyle>
			<fill>0</fill>
		</PolyStyle>
	</Style>
	<Style id="style123">
		<LineStyle>
			<color>ff0000ff</color>
		</LineStyle>
		<PolyStyle>
			<fill>0</fill>
		</PolyStyle>
	</Style>
	<Style id="style16">
		<LineStyle>
			<color>ff0000ff</color>
		</LineStyle>
		<PolyStyle>
			<fill>0</fill>
		</PolyStyle>
	</Style>
	<Style id="style17">
		<LineStyle>
			<color>ff0000ff</color>
		</LineStyle>
		<PolyStyle>
			<fill>0</fill>
		</PolyStyle>
	</Style>
	<Style id="style18">
		<LineStyle>
			<color>ff0000ff</color>
		</LineStyle>
		<PolyStyle>
			<fill>0</fill>
		</PolyStyle>
	</Style>
	<Style id="style19">
		<LineStyle>
			<color>ff0000ff</color>
		</LineStyle>
		<PolyStyle>
			<fill>0</fill>
		</PolyStyle>
	</Style>
	<Style id="style20">
		<LineStyle>
			<color>ff0000ff</color>
		</LineStyle>
		<PolyStyle>
			<fill>0</fill>
		</PolyStyle>
	</Style>
	<Style id="style21">
		<LineStyle>
			<color>ff0000ff</color>
		</LineStyle>
		<PolyStyle>
			<fill>0</fill>
		</PolyStyle>
	</Style>
	<Style id="style74">
		<LineStyle>
			<color>ff0000ff</color>
		</LineStyle>
		<PolyStyle>
			<fill>0</fill>
		</PolyStyle>
	</Style>
	<Style id="style22">
		<LineStyle>
			<color>ff0000ff</color>
		</LineStyle>
		<PolyStyle>
			<fill>0</fill>
		</PolyStyle>
	</Style>
	<Style id="style23">
		<LineStyle>
			<color>ff0000ff</color>
		</LineStyle>
		<PolyStyle>
			<fill>0</fill>
		</PolyStyle>
	</Style>
	<Style id="style24">
		<LineStyle>
			<color>ff0000ff</color>
		</LineStyle>
		<PolyStyle>
			<fill>0</fill>
		</PolyStyle>
	</Style>
	<Style id="style73">
		<LineStyle>
			<color>ff0000ff</color>
		</LineStyle>
		<PolyStyle>
			<fill>0</fill>
		</PolyStyle>
	</Style>
	<Style id="style124">
		<LineStyle>
			<color>ff0000ff</color>
		</LineStyle>
		<PolyStyle>
			<fill>0</fill>
		</PolyStyle>
	</Style>
	<Style id="style125">
		<LineStyle>
			<color>ff0000ff</color>
		</LineStyle>
		<PolyStyle>
			<fill>0</fill>
		</PolyStyle>
	</Style>
	<Style id="style25">
		<LineStyle>
			<color>ff0000ff</color>
		</LineStyle>
		<PolyStyle>
			<fill>0</fill>
		</PolyStyle>
	</Style>
	<Style id="style26">
		<LineStyle>
			<color>ff0000ff</color>
		</LineStyle>
		<PolyStyle>
			<fill>0</fill>
		</PolyStyle>
	</Style>
	<Style id="style72">
		<LineStyle>
			<color>ff0000ff</color>
		</LineStyle>
		<PolyStyle>
			<fill>0</fill>
		</PolyStyle>
	</Style>
	<Style id="style126">
		<LineStyle>
			<color>ff0000ff</color>
		</LineStyle>
		<PolyStyle>
			<fill>0</fill>
		</PolyStyle>
	</Style>
	<Style id="style27">
		<LineStyle>
			<color>ff0000ff</color>
		</LineStyle>
		<PolyStyle>
			<fill>0</fill>
		</PolyStyle>
	</Style>
	<Style id="style28">
		<LineStyle>
			<color>ff0000ff</color>
		</LineStyle>
		<PolyStyle>
			<fill>0</fill>
		</PolyStyle>
	</Style>
	<Style id="style71">
		<LineStyle>
			<color>ff0000ff</color>
		</LineStyle>
		<PolyStyle>
			<fill>0</fill>
		</PolyStyle>
	</Style>
	<Style id="style29">
		<LineStyle>
			<color>ff0000ff</color>
		</LineStyle>
		<PolyStyle>
			<fill>0</fill>
		</PolyStyle>
	</Style>
	<Style id="style70">
		<LineStyle>
			<color>ff0000ff</color>
		</LineStyle>
		<PolyStyle>
			<fill>0</fill>
		</PolyStyle>
	</Style>
	<Style id="style127">
		<LineStyle>
			<color>ff0000ff</color>
		</LineStyle>
		<PolyStyle>
			<fill>0</fill>
		</PolyStyle>
	</Style>
	<Style id="style69">
		<LineStyle>
			<color>ff0000ff</color>
		</LineStyle>
		<PolyStyle>
			<fill>0</fill>
		</PolyStyle>
	</Style>
	<Style id="style68">
		<LineStyle>
			<color>ff0000ff</color>
		</LineStyle>
		<PolyStyle>
			<fill>0</fill>
		</PolyStyle>
	</Style>
	<Style id="style30">
		<LineStyle>
			<color>ff0000ff</color>
		</LineStyle>
		<PolyStyle>
			<fill>0</fill>
		</PolyStyle>
	</Style>
	<Style id="style31">
		<LineStyle>
			<color>ff0000ff</color>
		</LineStyle>
		<PolyStyle>
			<fill>0</fill>
		</PolyStyle>
	</Style>
	<Style id="style32">
		<LineStyle>
			<color>ff0000ff</color>
		</LineStyle>
		<PolyStyle>
			<fill>0</fill>
		</PolyStyle>
	</Style>
	<Style id="style33">
		<LineStyle>
			<color>ff0000ff</color>
		</LineStyle>
		<PolyStyle>
			<fill>0</fill>
		</PolyStyle>
	</Style>
	<Style id="style34">
		<LineStyle>
			<color>ff0000ff</color>
		</LineStyle>
		<PolyStyle>
			<fill>0</fill>
		</PolyStyle>
	</Style>
	<Style id="style67">
		<LineStyle>
			<color>ff0000ff</color>
		</LineStyle>
		<PolyStyle>
			<fill>0</fill>
		</PolyStyle>
	</Style>
	<Style id="style66">
		<LineStyle>
			<color>ff0000ff</color>
		</LineStyle>
		<PolyStyle>
			<fill>0</fill>
		</PolyStyle>
	</Style>
	<Style id="style35">
		<LineStyle>
			<color>ff0000ff</color>
		</LineStyle>
		<PolyStyle>
			<fill>0</fill>
		</PolyStyle>
	</Style>
	<Style id="style36">
		<LineStyle>
			<color>ff0000ff</color>
		</LineStyle>
		<PolyStyle>
			<fill>0</fill>
		</PolyStyle>
	</Style>
	<Style id="style128">
		<LineStyle>
			<color>ff0000ff</color>
		</LineStyle>
		<PolyStyle>
			<fill>0</fill>
		</PolyStyle>
	</Style>
	<Style id="style37">
		<LineStyle>
			<color>ff0000ff</color>
		</LineStyle>
		<PolyStyle>
			<fill>0</fill>
		</PolyStyle>
	</Style>
	<Style id="style65">
		<LineStyle>
			<color>ff0000ff</color>
		</LineStyle>
		<PolyStyle>
			<fill>0</fill>
		</PolyStyle>
	</Style>
	<Style id="style38">
		<LineStyle>
			<color>ff0000ff</color>
		</LineStyle>
		<PolyStyle>
			<fill>0</fill>
		</PolyStyle>
	</Style>
	<Style id="style39">
		<LineStyle>
			<color>ff0000ff</color>
		</LineStyle>
		<PolyStyle>
			<fill>0</fill>
		</PolyStyle>
	</Style>
	<Style id="style64">
		<LineStyle>
			<color>ff0000ff</color>
		</LineStyle>
		<PolyStyle>
			<fill>0</fill>
		</PolyStyle>
	</Style>
	<Style id="style63">
		<LineStyle>
			<color>ff0000ff</color>
		</LineStyle>
		<PolyStyle>
			<fill>0</fill>
		</PolyStyle>
	</Style>
	<Style id="style40">
		<LineStyle>
			<color>ff0000ff</color>
		</LineStyle>
		<PolyStyle>
			<fill>0</fill>
		</PolyStyle>
	</Style>
	<Style id="style41">
		<LineStyle>
			<color>ff0000ff</color>
		</LineStyle>
		<PolyStyle>
			<fill>0</fill>
		</PolyStyle>
	</Style>
	<Style id="style42">
		<LineStyle>
			<color>ff0000ff</color>
		</LineStyle>
		<PolyStyle>
			<fill>0</fill>
		</PolyStyle>
	</Style>
	<Style id="style61">
		<LineStyle>
			<color>ff0000ff</color>
		</LineStyle>
		<PolyStyle>
			<fill>0</fill>
		</PolyStyle>
	</Style>
	<Style id="style43">
		<LineStyle>
			<color>ff0000ff</color>
		</LineStyle>
		<PolyStyle>
			<fill>0</fill>
		</PolyStyle>
	</Style>
	<Style id="style44">
		<LineStyle>
			<color>ff0000ff</color>
		</LineStyle>
		<PolyStyle>
			<fill>0</fill>
		</PolyStyle>
	</Style>
	<Style id="style45">
		<LineStyle>
			<color>ff0000ff</color>
		</LineStyle>
		<PolyStyle>
			<fill>0</fill>
		</PolyStyle>
	</Style>
	<Style id="style46">
		<LineStyle>
			<color>ff0000ff</color>
		</LineStyle>
		<PolyStyle>
			<fill>0</fill>
		</PolyStyle>
	</Style>
	<Style id="style47">
		<LineStyle>
			<color>ff0000ff</color>
		</LineStyle>
		<PolyStyle>
			<fill>0</fill>
		</PolyStyle>
	</Style>
	<Style id="style48">
		<LineStyle>
			<color>ff0000ff</color>
		</LineStyle>
		<PolyStyle>
			<fill>0</fill>
		</PolyStyle>
	</Style>
	<Style id="style49">
		<LineStyle>
			<color>ff0000ff</color>
		</LineStyle>
		<PolyStyle>
			<fill>0</fill>
		</PolyStyle>
	</Style>
	<Style id="style50">
		<LineStyle>
			<color>ff0000ff</color>
		</LineStyle>
		<PolyStyle>
			<fill>0</fill>
		</PolyStyle>
	</Style>
	<Style id="style51">
		<LineStyle>
			<color>ff0000ff</color>
		</LineStyle>
		<PolyStyle>
			<fill>0</fill>
		</PolyStyle>
	</Style>
	<Style id="style52">
		<LineStyle>
			<color>ff0000ff</color>
		</LineStyle>
		<PolyStyle>
			<fill>0</fill>
		</PolyStyle>
	</Style>
	<Style id="style62">
		<LineStyle>
			<color>ff0000ff</color>
		</LineStyle>
		<PolyStyle>
			<fill>0</fill>
		</PolyStyle>
	</Style>
	<Style id="style53">
		<LineStyle>
			<color>ff0000ff</color>
		</LineStyle>
		<PolyStyle>
			<fill>0</fill>
		</PolyStyle>
	</Style>
	<Style id="style54">
		<LineStyle>
			<color>ff0000ff</color>
		</LineStyle>
		<PolyStyle>
			<fill>0</fill>
		</PolyStyle>
	</Style>
	<Style id="style55">
		<LineStyle>
			<color>ff0000ff</color>
		</LineStyle>
		<PolyStyle>
			<fill>0</fill>
		</PolyStyle>
	</Style>
	<Style id="style56">
		<LineStyle>
			<color>ff0000ff</color>
		</LineStyle>
		<PolyStyle>
			<fill>0</fill>
		</PolyStyle>
	</Style>
	<Style id="style57">
		<LineStyle>
			<color>ff0000ff</color>
		</LineStyle>
		<PolyStyle>
			<fill>0</fill>
		</PolyStyle>
	</Style>
	<Style id="style58">
		<LineStyle>
			<color>ff0000ff</color>
		</LineStyle>
		<PolyStyle>
			<fill>0</fill>
		</PolyStyle>
	</Style>
	<Style id="style59">
		<LineStyle>
			<color>ff0000ff</color>
		</LineStyle>
		<PolyStyle>
			<fill>0</fill>
		</PolyStyle>
	</Style>
	<Style id="style60">
		<LineStyle>
			<color>ff0000ff</color>
		</LineStyle>
		<PolyStyle>
			<fill>0</fill>
		</PolyStyle>
	</Style>
	<Style id="style82">
		<LineStyle>
			<color>ff0000ff</color>
		</LineStyle>
		<PolyStyle>
			<fill>0</fill>
		</PolyStyle>
	</Style>
	<Style id="style83">
		<LineStyle>
			<color>ff0000ff</color>
		</LineStyle>
		<PolyStyle>
			<fill>0</fill>
		</PolyStyle>
	</Style>
	<Style id="style84">
		<LineStyle>
			<color>ff0000ff</color>
		</LineStyle>
		<PolyStyle>
			<fill>0</fill>
		</PolyStyle>
	</Style>
	<Style id="style85">
		<LineStyle>
			<color>ff0000ff</color>
		</LineStyle>
		<PolyStyle>
			<fill>0</fill>
		</PolyStyle>
	</Style>
	<Style id="style86">
		<LineStyle>
			<color>ff0000ff</color>
		</LineStyle>
		<PolyStyle>
			<fill>0</fill>
		</PolyStyle>
	</Style>
	<Style id="style87">
		<LineStyle>
			<color>ff0000ff</color>
		</LineStyle>
		<PolyStyle>
			<fill>0</fill>
		</PolyStyle>
	</Style>
	<Style id="style88">
		<LineStyle>
			<color>ff0000ff</color>
		</LineStyle>
		<PolyStyle>
			<fill>0</fill>
		</PolyStyle>
	</Style>
	<Style id="style89">
		<LineStyle>
			<color>ff0000ff</color>
		</LineStyle>
		<PolyStyle>
			<fill>0</fill>
		</PolyStyle>
	</Style>
	<Style id="style90">
		<LineStyle>
			<color>ff0000ff</color>
		</LineStyle>
		<PolyStyle>
			<fill>0</fill>
		</PolyStyle>
	</Style>
	<Style id="style91">
		<LineStyle>
			<color>ff0000ff</color>
		</LineStyle>
		<PolyStyle>
			<fill>0</fill>
		</PolyStyle>
	</Style>
	<Style id="style92">
		<LineStyle>
			<color>ff0000ff</color>
		</LineStyle>
		<PolyStyle>
			<fill>0</fill>
		</PolyStyle>
	</Style>
	<Style id="style93">
		<LineStyle>
			<color>ff0000ff</color>
		</LineStyle>
		<PolyStyle>
			<fill>0</fill>
		</PolyStyle>
	</Style>
	<Style id="style94">
		<LineStyle>
			<color>ff0000ff</color>
		</LineStyle>
		<PolyStyle>
			<fill>0</fill>
		</PolyStyle>
	</Style>
	<Style id="style95">
		<LineStyle>
			<color>ff0000ff</color>
		</LineStyle>
		<PolyStyle>
			<fill>0</fill>
		</PolyStyle>
	</Style>
	<Style id="style96">
		<LineStyle>
			<color>ff0000ff</color>
		</LineStyle>
		<PolyStyle>
			<fill>0</fill>
		</PolyStyle>
	</Style>
	<Style id="style97">
		<LineStyle>
			<color>ff0000ff</color>
		</LineStyle>
		<PolyStyle>
			<fill>0</fill>
		</PolyStyle>
	</Style>
	<Style id="style98">
		<LineStyle>
			<color>ff0000ff</color>
		</LineStyle>
		<PolyStyle>
			<fill>0</fill>
		</PolyStyle>
	</Style>
	<Style id="style99">
		<LineStyle>
			<color>ff0000ff</color>
		</LineStyle>
		<PolyStyle>
			<fill>0</fill>
		</PolyStyle>
	</Style>
	<Style id="style100">
		<LineStyle>
			<color>ff0000ff</color>
		</LineStyle>
		<PolyStyle>
			<fill>0</fill>
		</PolyStyle>
	</Style>
	<Style id="style101">
		<LineStyle>
			<color>ff0000ff</color>
		</LineStyle>
		<PolyStyle>
			<fill>0</fill>
		</PolyStyle>
	</Style>
	<Style id="style102">
		<LineStyle>
			<color>ff0000ff</color>
		</LineStyle>
		<PolyStyle>
			<fill>0</fill>
		</PolyStyle>
	</Style>
	<Style id="style103">
		<LineStyle>
			<color>ff0000ff</color>
		</LineStyle>
		<PolyStyle>
			<fill>0</fill>
		</PolyStyle>
	</Style>
	<Style id="style104">
		<LineStyle>
			<color>ff0000ff</color>
		</LineStyle>
		<PolyStyle>
			<fill>0</fill>
		</PolyStyle>
	</Style>
	<Style id="style105">
		<LineStyle>
			<color>ff0000ff</color>
		</LineStyle>
		<PolyStyle>
			<fill>0</fill>
		</PolyStyle>
	</Style>
	<Style id="style106">
		<LineStyle>
			<color>ff0000ff</color>
		</LineStyle>
		<PolyStyle>
			<fill>0</fill>
		</PolyStyle>
	</Style>
	<Style id="style107">
		<LineStyle>
			<color>ff0000ff</color>
		</LineStyle>
		<PolyStyle>
			<fill>0</fill>
		</PolyStyle>
	</Style>
	<Style id="style108">
		<LineStyle>
			<color>ff0000ff</color>
		</LineStyle>
		<PolyStyle>
			<fill>0</fill>
		</PolyStyle>
	</Style>
	<Style id="style109">
		<LineStyle>
			<color>ff0000ff</color>
		</LineStyle>
		<PolyStyle>
			<fill>0</fill>
		</PolyStyle>
	</Style>
	<Style id="style110">
		<LineStyle>
			<color>ff0000ff</color>
		</LineStyle>
		<PolyStyle>
			<fill>0</fill>
		</PolyStyle>
	</Style>
	<Style id="style111">
		<LineStyle>
			<color>ff0000ff</color>
		</LineStyle>
		<PolyStyle>
			<fill>0</fill>
		</PolyStyle>
	</Style>
	<Style id="style112">
		<LineStyle>
			<color>ff0000ff</color>
		</LineStyle>
		<PolyStyle>
			<fill>0</fill>
		</PolyStyle>
	</Style>
	<Style id="style113">
		<LineStyle>
			<color>ff0000ff</color>
		</LineStyle>
		<PolyStyle>
			<fill>0</fill>
		</PolyStyle>
	</Style>
	<Style id="style114">
		<LineStyle>
			<color>ff0000ff</color>
		</LineStyle>
		<PolyStyle>
			<fill>0</fill>
		</PolyStyle>
	</Style>
	<Style id="style115">
		<LineStyle>
			<color>ff0000ff</color>
		</LineStyle>
		<PolyStyle>
			<fill>0</fill>
		</PolyStyle>
	</Style>
	<Style id="style116">
		<LineStyle>
			<color>ff0000ff</color>
		</LineStyle>
		<PolyStyle>
			<fill>0</fill>
		</PolyStyle>
	</Style>
	<Style id="style117">
		<LineStyle>
			<color>ff0000ff</color>
		</LineStyle>
		<PolyStyle>
			<fill>0</fill>
		</PolyStyle>
	</Style>
	<Style id="style118">
		<LineStyle>
			<color>ff0000ff</color>
		</LineStyle>
		<PolyStyle>
			<fill>0</fill>
		</PolyStyle>
	</Style>
	<StyleMap id="stylemap_id0">
		<Pair>
			<key>normal</key>
			<styleUrl>#style116</styleUrl>
		</Pair>
		<Pair>
			<key>highlight</key>
			<styleUrl>#style112</styleUrl>
		</Pair>
	</StyleMap>
	<StyleMap id="stylemap_id1">
		<Pair>
			<key>normal</key>
			<styleUrl>#style</styleUrl>
		</Pair>
		<Pair>
			<key>highlight</key>
			<styleUrl>#style0</styleUrl>
		</Pair>
	</StyleMap>
	<StyleMap id="stylemap_id10">
		<Pair>
			<key>normal</key>
			<styleUrl>#style16</styleUrl>
		</Pair>
		<Pair>
			<key>highlight</key>
			<styleUrl>#style17</styleUrl>
		</Pair>
	</StyleMap>
	<StyleMap id="stylemap_id11">
		<Pair>
			<key>normal</key>
			<styleUrl>#style37</styleUrl>
		</Pair>
		<Pair>
			<key>highlight</key>
			<styleUrl>#style38</styleUrl>
		</Pair>
	</StyleMap>
	<StyleMap id="stylemap_id12">
		<Pair>
			<key>normal</key>
			<styleUrl>#style73</styleUrl>
		</Pair>
		<Pair>
			<key>highlight</key>
			<styleUrl>#style35</styleUrl>
		</Pair>
	</StyleMap>
	<StyleMap id="stylemap_id13">
		<Pair>
			<key>normal</key>
			<styleUrl>#style46</styleUrl>
		</Pair>
		<Pair>
			<key>highlight</key>
			<styleUrl>#style79</styleUrl>
		</Pair>
	</StyleMap>
	<StyleMap id="stylemap_id14">
		<Pair>
			<key>normal</key>
			<styleUrl>#style71</styleUrl>
		</Pair>
		<Pair>
			<key>highlight</key>
			<styleUrl>#style85</styleUrl>
		</Pair>
	</StyleMap>
	<StyleMap id="stylemap_id15">
		<Pair>
			<key>normal</key>
			<styleUrl>#style20</styleUrl>
		</Pair>
		<Pair>
			<key>highlight</key>
			<styleUrl>#style21</styleUrl>
		</Pair>
	</StyleMap>
	<StyleMap id="stylemap_id16">
		<Pair>
			<key>normal</key>
			<styleUrl>#style67</styleUrl>
		</Pair>
		<Pair>
			<key>highlight</key>
			<styleUrl>#style86</styleUrl>
		</Pair>
	</StyleMap>
	<StyleMap id="stylemap_id17">
		<Pair>
			<key>normal</key>
			<styleUrl>#style101</styleUrl>
		</Pair>
		<Pair>
			<key>highlight</key>
			<styleUrl>#style83</styleUrl>
		</Pair>
	</StyleMap>
	<StyleMap id="stylemap_id18">
		<Pair>
			<key>normal</key>
			<styleUrl>#style47</styleUrl>
		</Pair>
		<Pair>
			<key>highlight</key>
			<styleUrl>#style53</styleUrl>
		</Pair>
	</StyleMap>
	<StyleMap id="stylemap_id19">
		<Pair>
			<key>normal</key>
			<styleUrl>#style50</styleUrl>
		</Pair>
		<Pair>
			<key>highlight</key>
			<styleUrl>#style45</styleUrl>
		</Pair>
	</StyleMap>
	<StyleMap id="stylemap_id2">
		<Pair>
			<key>normal</key>
			<styleUrl>#style30</styleUrl>
		</Pair>
		<Pair>
			<key>highlight</key>
			<styleUrl>#style31</styleUrl>
		</Pair>
	</StyleMap>
	<StyleMap id="stylemap_id20">
		<Pair>
			<key>normal</key>
			<styleUrl>#style76</styleUrl>
		</Pair>
		<Pair>
			<key>highlight</key>
			<styleUrl>#style48</styleUrl>
		</Pair>
	</StyleMap>
	<StyleMap id="stylemap_id21">
		<Pair>
			<key>normal</key>
			<styleUrl>#style59</styleUrl>
		</Pair>
		<Pair>
			<key>highlight</key>
			<styleUrl>#style29</styleUrl>
		</Pair>
	</StyleMap>
	<StyleMap id="stylemap_id22">
		<Pair>
			<key>normal</key>
			<styleUrl>#style34</styleUrl>
		</Pair>
		<Pair>
			<key>highlight</key>
			<styleUrl>#style61</styleUrl>
		</Pair>
	</StyleMap>
	<StyleMap id="stylemap_id23">
		<Pair>
			<key>normal</key>
			<styleUrl>#style54</styleUrl>
		</Pair>
		<Pair>
			<key>highlight</key>
			<styleUrl>#style57</styleUrl>
		</Pair>
	</StyleMap>
	<StyleMap id="stylemap_id24">
		<Pair>
			<key>normal</key>
			<styleUrl>#style32</styleUrl>
		</Pair>
		<Pair>
			<key>highlight</key>
			<styleUrl>#style97</styleUrl>
		</Pair>
	</StyleMap>
	<StyleMap id="stylemap_id25">
		<Pair>
			<key>normal</key>
			<styleUrl>#style126</styleUrl>
		</Pair>
		<Pair>
			<key>highlight</key>
			<styleUrl>#style84</styleUrl>
		</Pair>
	</StyleMap>
	<StyleMap id="stylemap_id26">
		<Pair>
			<key>normal</key>
			<styleUrl>#style42</styleUrl>
		</Pair>
		<Pair>
			<key>highlight</key>
			<styleUrl>#style82</styleUrl>
		</Pair>
	</StyleMap>
	<StyleMap id="stylemap_id27">
		<Pair>
			<key>normal</key>
			<styleUrl>#style81</styleUrl>
		</Pair>
		<Pair>
			<key>highlight</key>
			<styleUrl>#style125</styleUrl>
		</Pair>
	</StyleMap>
	<StyleMap id="stylemap_id28">
		<Pair>
			<key>normal</key>
			<styleUrl>#style92</styleUrl>
		</Pair>
		<Pair>
			<key>highlight</key>
			<styleUrl>#style90</styleUrl>
		</Pair>
	</StyleMap>
	<StyleMap id="stylemap_id29">
		<Pair>
			<key>normal</key>
			<styleUrl>#style99</styleUrl>
		</Pair>
		<Pair>
			<key>highlight</key>
			<styleUrl>#style108</styleUrl>
		</Pair>
	</StyleMap>
	<StyleMap id="stylemap_id3">
		<Pair>
			<key>normal</key>
			<styleUrl>#style118</styleUrl>
		</Pair>
		<Pair>
			<key>highlight</key>
			<styleUrl>#style124</styleUrl>
		</Pair>
	</StyleMap>
	<StyleMap id="stylemap_id30">
		<Pair>
			<key>normal</key>
			<styleUrl>#style109</styleUrl>
		</Pair>
		<Pair>
			<key>highlight</key>
			<styleUrl>#style114</styleUrl>
		</Pair>
	</StyleMap>
	<StyleMap id="stylemap_id31">
		<Pair>
			<key>normal</key>
			<styleUrl>#style113</styleUrl>
		</Pair>
		<Pair>
			<key>highlight</key>
			<styleUrl>#style70</styleUrl>
		</Pair>
	</StyleMap>
	<StyleMap id="stylemap_id32">
		<Pair>
			<key>normal</key>
			<styleUrl>#style123</styleUrl>
		</Pair>
		<Pair>
			<key>highlight</key>
			<styleUrl>#style72</styleUrl>
		</Pair>
	</StyleMap>
	<StyleMap id="stylemap_id33">
		<Pair>
			<key>normal</key>
			<styleUrl>#style106</styleUrl>
		</Pair>
		<Pair>
			<key>highlight</key>
			<styleUrl>#style69</styleUrl>
		</Pair>
	</StyleMap>
	<StyleMap id="stylemap_id34">
		<Pair>
			<key>normal</key>
			<styleUrl>#style95</styleUrl>
		</Pair>
		<Pair>
			<key>highlight</key>
			<styleUrl>#style96</styleUrl>
		</Pair>
	</StyleMap>
	<StyleMap id="stylemap_id35">
		<Pair>
			<key>normal</key>
			<styleUrl>#style119</styleUrl>
		</Pair>
		<Pair>
			<key>highlight</key>
			<styleUrl>#style121</styleUrl>
		</Pair>
	</StyleMap>
	<StyleMap id="stylemap_id36">
		<Pair>
			<key>normal</key>
			<styleUrl>#style43</styleUrl>
		</Pair>
		<Pair>
			<key>highlight</key>
			<styleUrl>#style77</styleUrl>
		</Pair>
	</StyleMap>
	<StyleMap id="stylemap_id37">
		<Pair>
			<key>normal</key>
			<styleUrl>#style4</styleUrl>
		</Pair>
		<Pair>
			<key>highlight</key>
			<styleUrl>#style2</styleUrl>
		</Pair>
	</StyleMap>
	<StyleMap id="stylemap_id38">
		<Pair>
			<key>normal</key>
			<styleUrl>#style10</styleUrl>
		</Pair>
		<Pair>
			<key>highlight</key>
			<styleUrl>#style23</styleUrl>
		</Pair>
	</StyleMap>
	<StyleMap id="stylemap_id39">
		<Pair>
			<key>normal</key>
			<styleUrl>#style15</styleUrl>
		</Pair>
		<Pair>
			<key>highlight</key>
			<styleUrl>#style19</styleUrl>
		</Pair>
	</StyleMap>
	<StyleMap id="stylemap_id4">
		<Pair>
			<key>normal</key>
			<styleUrl>#style80</styleUrl>
		</Pair>
		<Pair>
			<key>highlight</key>
			<styleUrl>#style93</styleUrl>
		</Pair>
	</StyleMap>
	<StyleMap id="stylemap_id40">
		<Pair>
			<key>normal</key>
			<styleUrl>#style58</styleUrl>
		</Pair>
		<Pair>
			<key>highlight</key>
			<styleUrl>#style60</styleUrl>
		</Pair>
	</StyleMap>
	<StyleMap id="stylemap_id41">
		<Pair>
			<key>normal</key>
			<styleUrl>#style12</styleUrl>
		</Pair>
		<Pair>
			<key>highlight</key>
			<styleUrl>#style14</styleUrl>
		</Pair>
	</StyleMap>
	<StyleMap id="stylemap_id42">
		<Pair>
			<key>normal</key>
			<styleUrl>#style87</styleUrl>
		</Pair>
		<Pair>
			<key>highlight</key>
			<styleUrl>#style117</styleUrl>
		</Pair>
	</StyleMap>
	<StyleMap id="stylemap_id43">
		<Pair>
			<key>normal</key>
			<styleUrl>#style26</styleUrl>
		</Pair>
		<Pair>
			<key>highlight</key>
			<styleUrl>#style25</styleUrl>
		</Pair>
	</StyleMap>
	<StyleMap id="stylemap_id44">
		<Pair>
			<key>normal</key>
			<styleUrl>#style74</styleUrl>
		</Pair>
		<Pair>
			<key>highlight</key>
			<styleUrl>#style64</styleUrl>
		</Pair>
	</StyleMap>
	<StyleMap id="stylemap_id45">
		<Pair>
			<key>normal</key>
			<styleUrl>#style127</styleUrl>
		</Pair>
		<Pair>
			<key>highlight</key>
			<styleUrl>#style9</styleUrl>
		</Pair>
	</StyleMap>
	<StyleMap id="stylemap_id46">
		<Pair>
			<key>normal</key>
			<styleUrl>#style104</styleUrl>
		</Pair>
		<Pair>
			<key>highlight</key>
			<styleUrl>#style65</styleUrl>
		</Pair>
	</StyleMap>
	<StyleMap id="stylemap_id47">
		<Pair>
			<key>normal</key>
			<styleUrl>#style98</styleUrl>
		</Pair>
		<Pair>
			<key>highlight</key>
			<styleUrl>#style88</styleUrl>
		</Pair>
	</StyleMap>
	<StyleMap id="stylemap_id48">
		<Pair>
			<key>normal</key>
			<styleUrl>#style122</styleUrl>
		</Pair>
		<Pair>
			<key>highlight</key>
			<styleUrl>#style94</styleUrl>
		</Pair>
	</StyleMap>
	<StyleMap id="stylemap_id49">
		<Pair>
			<key>normal</key>
			<styleUrl>#style6</styleUrl>
		</Pair>
		<Pair>
			<key>highlight</key>
			<styleUrl>#style18</styleUrl>
		</Pair>
	</StyleMap>
	<StyleMap id="stylemap_id5">
		<Pair>
			<key>normal</key>
			<styleUrl>#style33</styleUrl>
		</Pair>
		<Pair>
			<key>highlight</key>
			<styleUrl>#style24</styleUrl>
		</Pair>
	</StyleMap>
	<StyleMap id="stylemap_id50">
		<Pair>
			<key>normal</key>
			<styleUrl>#style102</styleUrl>
		</Pair>
		<Pair>
			<key>highlight</key>
			<styleUrl>#style62</styleUrl>
		</Pair>
	</StyleMap>
	<StyleMap id="stylemap_id51">
		<Pair>
			<key>normal</key>
			<styleUrl>#style44</styleUrl>
		</Pair>
		<Pair>
			<key>highlight</key>
			<styleUrl>#style78</styleUrl>
		</Pair>
	</StyleMap>
	<StyleMap id="stylemap_id52">
		<Pair>
			<key>normal</key>
			<styleUrl>#style39</styleUrl>
		</Pair>
		<Pair>
			<key>highlight</key>
			<styleUrl>#style41</styleUrl>
		</Pair>
	</StyleMap>
	<StyleMap id="stylemap_id53">
		<Pair>
			<key>normal</key>
			<styleUrl>#style115</styleUrl>
		</Pair>
		<Pair>
			<key>highlight</key>
			<styleUrl>#style63</styleUrl>
		</Pair>
	</StyleMap>
	<StyleMap id="stylemap_id54">
		<Pair>
			<key>normal</key>
			<styleUrl>#style1</styleUrl>
		</Pair>
		<Pair>
			<key>highlight</key>
			<styleUrl>#style55</styleUrl>
		</Pair>
	</StyleMap>
	<StyleMap id="stylemap_id55">
		<Pair>
			<key>normal</key>
			<styleUrl>#style91</styleUrl>
		</Pair>
		<Pair>
			<key>highlight</key>
			<styleUrl>#style103</styleUrl>
		</Pair>
	</StyleMap>
	<StyleMap id="stylemap_id56">
		<Pair>
			<key>normal</key>
			<styleUrl>#style3</styleUrl>
		</Pair>
		<Pair>
			<key>highlight</key>
			<styleUrl>#style5</styleUrl>
		</Pair>
	</StyleMap>
	<StyleMap id="stylemap_id57">
		<Pair>
			<key>normal</key>
			<styleUrl>#style36</styleUrl>
		</Pair>
		<Pair>
			<key>highlight</key>
			<styleUrl>#style13</styleUrl>
		</Pair>
	</StyleMap>
	<StyleMap id="stylemap_id58">
		<Pair>
			<key>normal</key>
			<styleUrl>#style128</styleUrl>
		</Pair>
		<Pair>
			<key>highlight</key>
			<styleUrl>#style75</styleUrl>
		</Pair>
	</StyleMap>
	<StyleMap id="stylemap_id59">
		<Pair>
			<key>normal</key>
			<styleUrl>#style22</styleUrl>
		</Pair>
		<Pair>
			<key>highlight</key>
			<styleUrl>#style27</styleUrl>
		</Pair>
	</StyleMap>
	<StyleMap id="stylemap_id6">
		<Pair>
			<key>normal</key>
			<styleUrl>#style8</styleUrl>
		</Pair>
		<Pair>
			<key>highlight</key>
			<styleUrl>#style68</styleUrl>
		</Pair>
	</StyleMap>
	<StyleMap id="stylemap_id60">
		<Pair>
			<key>normal</key>
			<styleUrl>#style105</styleUrl>
		</Pair>
		<Pair>
			<key>highlight</key>
			<styleUrl>#style107</styleUrl>
		</Pair>
	</StyleMap>
	<StyleMap id="stylemap_id61">
		<Pair>
			<key>normal</key>
			<styleUrl>#style52</styleUrl>
		</Pair>
		<Pair>
			<key>highlight</key>
			<styleUrl>#style49</styleUrl>
		</Pair>
	</StyleMap>
	<StyleMap id="stylemap_id62">
		<Pair>
			<key>normal</key>
			<styleUrl>#style7</styleUrl>
		</Pair>
		<Pair>
			<key>highlight</key>
			<styleUrl>#style120</styleUrl>
		</Pair>
	</StyleMap>
	<StyleMap id="stylemap_id63">
		<Pair>
			<key>normal</key>
			<styleUrl>#style28</styleUrl>
		</Pair>
		<Pair>
			<key>highlight</key>
			<styleUrl>#style11</styleUrl>
		</Pair>
	</StyleMap>
	<StyleMap id="stylemap_id64">
		<Pair>
			<key>normal</key>
			<styleUrl>#style100</styleUrl>
		</Pair>
		<Pair>
			<key>highlight</key>
			<styleUrl>#style89</styleUrl>
		</Pair>
	</StyleMap>
	<StyleMap id="stylemap_id7">
		<Pair>
			<key>normal</key>
			<styleUrl>#style110</styleUrl>
		</Pair>
		<Pair>
			<key>highlight</key>
			<styleUrl>#style111</styleUrl>
		</Pair>
	</StyleMap>
	<StyleMap id="stylemap_id8">
		<Pair>
			<key>normal</key>
			<styleUrl>#style40</styleUrl>
		</Pair>
		<Pair>
			<key>highlight</key>
			<styleUrl>#style51</styleUrl>
		</Pair>
	</StyleMap>
	<StyleMap id="stylemap_id9">
		<Pair>
			<key>normal</key>
			<styleUrl>#style56</styleUrl>
		</Pair>
		<Pair>
			<key>highlight</key>
			<styleUrl>#style66</styleUrl>
		</Pair>
	</StyleMap>
	<Folder>
		<name>POLIGONOS</name>
		<Placemark id="CONCEPCIÓN_MENDIZÁBAL_MENDOZA_FASE_I__II___III__PO_2182891910192.1">
			<name>CONCEPCIÓN MENDIZÁBAL MENDOZA FASE I, II &amp; III</name>
			<styleUrl>#stylemap_id4</styleUrl>
			<ExtendedData>
				<SchemaData schemaUrl="#CONCEPCIÓN_MENDIZÁBAL_MENDOZA_FASE_I__II___III__PO_2182891910192">
					<SimpleData name="descriptio"><![CDATA[<div style="font-family:Arial, Helvetica, sans-serif; width:340px; color:#2a2622;">

  <div style="background:#335955; padding:10px 12px;">
    <span style="color:#e6d194; font-size:10px; letter-spacing:1px;">FICHA TÉCNICA DEL PROYECTO</span><br>
    <s]]></SimpleData>
				</SchemaData>
			</ExtendedData>
			<MultiGeometry>
				<Polygon>
					<outerBoundaryIs>
						<LinearRing>
							<coordinates>
								-100.704447377852,28.4659744895082,0 -100.702845857794,28.46488601125469,0 -100.703975179235,28.4637714470551,0 -100.705499357153,28.46488698554939,0 -100.704447377852,28.4659744895082,0 
							</coordinates>
						</LinearRing>
					</outerBoundaryIs>
				</Polygon>
			</MultiGeometry>
		</Placemark>
		<Placemark id="CONCEPCIÓN_MENDIZÁBAL_MENDOZA_FASE_I__II___III__PO_2182891910192.2">
			<name>CONCEPCIÓN MENDIZÁBAL MENDOZA FASE I, II &amp; III</name>
			<styleUrl>#stylemap_id5</styleUrl>
			<ExtendedData>
				<SchemaData schemaUrl="#CONCEPCIÓN_MENDIZÁBAL_MENDOZA_FASE_I__II___III__PO_2182891910192">
					<SimpleData name="descriptio"><![CDATA[<div style="font-family:Arial, Helvetica, sans-serif; width:340px; color:#2a2622;">

  <div style="background:#335955; padding:10px 12px;">
    <span style="color:#e6d194; font-size:10px; letter-spacing:1px;">FICHA TÉCNICA DEL PROYECTO</span><br>
    <s]]></SimpleData>
				</SchemaData>
			</ExtendedData>
			<MultiGeometry>
				<Polygon>
					<outerBoundaryIs>
						<LinearRing>
							<coordinates>
								-100.744844190873,28.4525682654548,0 -100.722231795958,28.47300896263731,0 -100.718571866652,28.4629903055891,0 -100.735318249171,28.4454115586445,0 -100.73580327002,28.445796276052,0 -100.736055947519,28.4461105889737,0 -100.737058416352,28.4468280789166,0 -100.737420565075,28.4469701098947,0 -100.744844190873,28.4525682654548,0 
							</coordinates>
						</LinearRing>
					</outerBoundaryIs>
				</Polygon>
			</MultiGeometry>
		</Placemark>
		<Placemark id="CONCEPCIÓN_MENDIZÁBAL_MENDOZA_FASE_I__II___III__PO_2182891910192.3">
			<name>CONCEPCIÓN MENDIZÁBAL MENDOZA FASE I, II &amp; III</name>
			<styleUrl>#stylemap_id6</styleUrl>
			<ExtendedData>
				<SchemaData schemaUrl="#CONCEPCIÓN_MENDIZÁBAL_MENDOZA_FASE_I__II___III__PO_2182891910192">
					<SimpleData name="descriptio"><![CDATA[<div style="font-family:Arial, Helvetica, sans-serif; width:340px; color:#2a2622;">

  <div style="background:#335955; padding:10px 12px;">
    <span style="color:#e6d194; font-size:10px; letter-spacing:1px;">FICHA TÉCNICA DEL PROYECTO</span><br>
    <s]]></SimpleData>
				</SchemaData>
			</ExtendedData>
			<MultiGeometry>
				<Polygon>
					<outerBoundaryIs>
						<LinearRing>
							<coordinates>
								-100.734050801126,28.4444242009635,0 -100.733386839428,28.4450708942511,0 -100.727308816606,28.446581823406,0 -100.729222139741,28.4406144768679,0 -100.734050801126,28.4444242009635,0 
							</coordinates>
						</LinearRing>
					</outerBoundaryIs>
				</Polygon>
			</MultiGeometry>
		</Placemark>
		<Placemark id="CONCEPCIÓN_MENDIZÁBAL_MENDOZA_FASE_I__II___III__PO_2182891910192.4">
			<name>CONCEPCIÓN MENDIZÁBAL MENDOZA FASE I, II &amp; III</name>
			<styleUrl>#stylemap_id7</styleUrl>
			<ExtendedData>
				<SchemaData schemaUrl="#CONCEPCIÓN_MENDIZÁBAL_MENDOZA_FASE_I__II___III__PO_2182891910192">
					<SimpleData name="descriptio"><![CDATA[<div style="font-family:Arial, Helvetica, sans-serif; width:340px; color:#2a2622;">

  <div style="background:#335955; padding:10px 12px;">
    <span style="color:#e6d194; font-size:10px; letter-spacing:1px;">FICHA TÉCNICA DEL PROYECTO</span><br>
    <s]]></SimpleData>
				</SchemaData>
			</ExtendedData>
			<MultiGeometry>
				<Polygon>
					<outerBoundaryIs>
						<LinearRing>
							<coordinates>
								-100.717050863593,28.4433310084163,0 -100.703062140441,28.4330217566045,0 -100.707664869616,28.4282409607591,0 -100.717882048106,28.4352389797051,0 -100.719446308104,28.4410404588045,0 -100.717050863593,28.4433310084163,0 
							</coordinates>
						</LinearRing>
					</outerBoundaryIs>
				</Polygon>
			</MultiGeometry>
		</Placemark>
		<Placemark id="CONCEPCIÓN_MENDIZÁBAL_MENDOZA_FASE_I__II___III__PO_2182891910192.5">
			<name>CONCEPCIÓN MENDIZÁBAL MENDOZA FASE I, II &amp; III</name>
			<styleUrl>#stylemap_id8</styleUrl>
			<ExtendedData>
				<SchemaData schemaUrl="#CONCEPCIÓN_MENDIZÁBAL_MENDOZA_FASE_I__II___III__PO_2182891910192">
					<SimpleData name="descriptio"><![CDATA[<div style="font-family:Arial, Helvetica, sans-serif; width:340px; color:#2a2622;">

  <div style="background:#335955; padding:10px 12px;">
    <span style="color:#e6d194; font-size:10px; letter-spacing:1px;">FICHA TÉCNICA DEL PROYECTO</span><br>
    <s]]></SimpleData>
				</SchemaData>
			</ExtendedData>
			<MultiGeometry>
				<Polygon>
					<outerBoundaryIs>
						<LinearRing>
							<coordinates>
								-100.696525946078,28.4854096864864,0 -100.71007474574,28.4716554247984,0 -100.711057457921,28.4724134140529,0 -100.715313718374,28.4756543398299,0 -100.717519352049,28.4773332226888,0 -100.716798150201,28.4779917169338,0 -100.716358593427,28.4783979448628,0 -100.715308409054,28.479432563039,0 -100.713547117437,28.4810477669179,0 -100.711147339269,28.4832399846789,0 -100.708110891101,28.486009656963,0 -100.704408180078,28.4893867093214,0 -100.70158952212,28.4919631662984,0 -100.701589078877,28.4919623184556,0 -100.701586974995,28.491958686965,0 -100.701493719231,28.4919608350743,0 -100.701401628535,28.492044806175,0 -100.701334271286,28.4921062244456,0 -100.70129780211,28.4921400552338,0 -100.701048247931,28.4920044827666,0 -100.700838752523,28.4918447878827,0 -100.700466131572,28.4915601648649,0 -100.699865124751,28.491100041368,0 -100.699051685797,28.4904793063384,0 -100.698746910155,28.490246770397,0 -100.697913467766,28.4896111756294,0 -100.69779558053,28.4895213211086,0 -100.698183221939,28.4891243563088,0 -100.698616411551,28.4886853263867,0 -100.70003419754,28.489786366304,0 -100.700698674808,28.4890945263835,0 -100.699775174684,28.4884087543101,0 -100.700614323244,28.4875501326454,0 -100.699044889636,28.4863524207951,0 -100.698498206184,28.4869126258214,0 -100.696574767378,28.4854472335131,0 -100.696525946078,28.4854096864864,0 
							</coordinates>
						</LinearRing>
					</outerBoundaryIs>
				</Polygon>
			</MultiGeometry>
		</Placemark>
		<Placemark id="CONCEPCIÓN_MENDIZÁBAL_MENDOZA_FASE_I__II___III__PO_2182891910192.6">
			<name>CONCEPCIÓN MENDIZÁBAL MENDOZA FASE I, II &amp; III</name>
			<styleUrl>#stylemap_id9</styleUrl>
			<ExtendedData>
				<SchemaData schemaUrl="#CONCEPCIÓN_MENDIZÁBAL_MENDOZA_FASE_I__II___III__PO_2182891910192">
					<SimpleData name="descriptio"><![CDATA[<div style="font-family:Arial, Helvetica, sans-serif; width:340px; color:#2a2622;">

  <div style="background:#335955; padding:10px 12px;">
    <span style="color:#e6d194; font-size:10px; letter-spacing:1px;">FICHA TÉCNICA DEL PROYECTO</span><br>
    <s]]></SimpleData>
				</SchemaData>
			</ExtendedData>
			<MultiGeometry>
				<Polygon>
					<outerBoundaryIs>
						<LinearRing>
							<coordinates>
								-100.694690642107,28.4872724552898,0 -100.694737241,28.4873053990001,0 -100.694785609,28.487342179,0 -100.695113135,28.487595158,0 -100.695157103,28.4876277310001,0 -100.695444638,28.48784719,0 -100.695470572,28.4878661700001,0 -100.695739813,28.4880713750001,0 -100.695994342,28.4882669740001,0 -100.696200704,28.488423783,0 -100.696478198,28.4886360360001,0 -100.696575774,28.4887108300001,0 -100.696658108,28.488770671,0 -100.696878708,28.488934607,0 -100.697051682,28.489066753,0 -100.697106631,28.4891089970001,0 -100.697111196,28.4891122970001,0 -100.697132568,28.4891281770001,0 -100.697223959,28.4891977770001,0 -100.697315834,28.4892677170001,0 -100.697319388,28.489270758,0 -100.697321014,28.4892717220001,0 -100.697340341,28.489286672,0 -100.697391075,28.489325474,0 -100.697393417,28.48932703,0 -100.6973967,28.4893299870001,0 -100.697398752,28.489331225,0 -100.697453486,28.489373117,0 -100.697537248,28.489438336,0 -100.697547022,28.4894452340001,0 -100.697547649,28.4894459970001,0 -100.697550465,28.4894481500001,0 -100.697551701,28.4894493460001,0 -100.697585252,28.489474287,0 -100.697682069,28.4895476690001,0 -100.697696227,28.48955928000001,0 -100.697699174,28.489562224,0 -100.697769528,28.489615265,0 -100.697862589,28.4896860650001,0 -100.697912551,28.489724241,0 -100.697914187,28.489725235,0 -100.697918148,28.4897278980001,0 -100.697918817,28.4897290290001,0 -100.698024537,28.4898095990001,0 -100.698117869,28.489881315,0 -100.698152967,28.4899081510001,0 -100.698164423,28.4899167880001,0 -100.698165769,28.4899182670001,0 -100.698169125,28.4899206420001,0 -100.698170482,28.489921451,0 -100.698255745,28.4899867040001,0 -100.698326185,28.4900400930001,0 -100.698484702,28.4901609,0 -100.69850001,28.4901733770001,0 -100.69850167,28.4901741270001,0 -100.698505055,28.4901766180001,0 -100.698505854,28.49017824,0 -100.69856898,28.490225339,0 -100.698742527,28.4903586420001,0 -100.698795823,28.490398779,0 -100.698906066,28.490482829,0 -100.698949987,28.490516273,0 -100.698951195,28.490517887,0 -100.698954264,28.4905200490001,0 -100.698955146,28.4905214620001,0 -100.698974732,28.4905356730001,0 -100.699066732,28.4906061440001,0 -100.699182452,28.4906949030001,0 -100.699294397,28.490780011,0 -100.699304822,28.4907880820001,0 -100.699305874,28.4907893250001,0 -100.699308487,28.4907912400001,0 -100.699309916,28.490792344,0 -100.699345229,28.4908185850001,0 -100.699361772,28.490831852,0 -100.699380063,28.490849482,0 -100.70050285,28.4917046300001,0 -100.700503546,28.4917154020001,0 -100.700512998,28.4917231270001,0 -100.700724182,28.4919077390001,0 -100.701001821,28.492117404,0 -100.701160031,28.4922665330001,0 -100.701023743,28.49239247,0 -100.70102411,28.492477064,0 -100.701024109145,28.4924799730991,0 -100.700176854336,28.4932543795262,0 -100.700173817693,28.4932547162238,0 -100.699949241897,28.4932598745004,0 -100.699691350913,28.4934981124354,0 -100.699498309743,28.4936766389947,0 -100.699315755334,28.4938453184316,0 -100.699316438082,28.4940412193343,0 -100.697770276589,28.4954532607829,0 -100.696475808754,28.496636505856,0 -100.692763846039,28.4934728592015,0 -100.694527389951,28.4874381462317,0 -100.694690642107,28.4872724552898,0 
							</coordinates>
						</LinearRing>
					</outerBoundaryIs>
				</Polygon>
			</MultiGeometry>
		</Placemark>
		<Placemark id="CONCEPCIÓN_MENDIZÁBAL_MENDOZA_FASE_I__II___III__PO_2182891910192.7">
			<name>CONCEPCIÓN MENDIZÁBAL MENDOZA FASE I, II &amp; III</name>
			<styleUrl>#stylemap_id10</styleUrl>
			<ExtendedData>
				<SchemaData schemaUrl="#CONCEPCIÓN_MENDIZÁBAL_MENDOZA_FASE_I__II___III__PO_2182891910192">
					<SimpleData name="descriptio"><![CDATA[<div style="font-family:Arial, Helvetica, sans-serif; width:340px; color:#2a2622;">

  <div style="background:#335955; padding:10px 12px;">
    <span style="color:#e6d194; font-size:10px; letter-spacing:1px;">FICHA TÉCNICA DEL PROYECTO</span><br>
    <s]]></SimpleData>
				</SchemaData>
			</ExtendedData>
			<MultiGeometry>
				<Polygon>
					<outerBoundaryIs>
						<LinearRing>
							<coordinates>
								-100.700519691236,28.4779690445767,0 -100.698390305708,28.4763461273748,0 -100.698054252047,28.47609052333,0 -100.697836045152,28.4759133854215,0 -100.701696287476,28.4718768916873,0 -100.704589937712,28.4738166026194,0 -100.703768534197,28.4746373481156,0 -100.703084276061,28.4753357983936,0 -100.700519691236,28.4779690445767,0 
							</coordinates>
						</LinearRing>
					</outerBoundaryIs>
				</Polygon>
			</MultiGeometry>
		</Placemark>
		<Placemark id="CONCEPCIÓN_MENDIZÁBAL_MENDOZA_FASE_I__II___III__PO_2182891910192.8">
			<name>CONCEPCIÓN MENDIZÁBAL MENDOZA FASE I, II &amp; III</name>
			<styleUrl>#stylemap_id11</styleUrl>
			<ExtendedData>
				<SchemaData schemaUrl="#CONCEPCIÓN_MENDIZÁBAL_MENDOZA_FASE_I__II___III__PO_2182891910192">
					<SimpleData name="descriptio"><![CDATA[<div style="font-family:Arial, Helvetica, sans-serif; width:340px; color:#2a2622;">

  <div style="background:#335955; padding:10px 12px;">
    <span style="color:#e6d194; font-size:10px; letter-spacing:1px;">FICHA TÉCNICA DEL PROYECTO</span><br>
    <s]]></SimpleData>
				</SchemaData>
			</ExtendedData>
			<MultiGeometry>
				<Polygon>
					<outerBoundaryIs>
						<LinearRing>
							<coordinates>
								-100.725773504504,28.4379696218592,0 -100.720628574366,28.4432566098314,0 -100.72061098398,28.4432012108425,0 -100.718056074863,28.4351542748196,0 -100.707793960524,28.4281493517857,0 -100.708071632122,28.4279950396836,0 -100.708546593978,28.427940080638,0 -100.712606727797,28.4283419913827,0 -100.713273356952,28.4285616023143,0 -100.716157438793,28.4306133331754,0 -100.716937590487,28.4313726505709,0 -100.717665593499,28.431935232103,0 -100.718727611441,28.4325782747084,0 -100.723562156242,28.4363136201807,0 -100.724400113327,28.4371004093012,0 -100.725386511974,28.4377099283107,0 -100.725773504504,28.4379696218592,0 
							</coordinates>
						</LinearRing>
					</outerBoundaryIs>
				</Polygon>
			</MultiGeometry>
		</Placemark>
		<Placemark id="CONCEPCIÓN_MENDIZÁBAL_MENDOZA_FASE_I__II___III__PO_2182891910192.9">
			<name>CONCEPCIÓN MENDIZÁBAL MENDOZA FASE I, II &amp; III</name>
			<styleUrl>#stylemap_id12</styleUrl>
			<ExtendedData>
				<SchemaData schemaUrl="#CONCEPCIÓN_MENDIZÁBAL_MENDOZA_FASE_I__II___III__PO_2182891910192">
					<SimpleData name="descriptio"><![CDATA[<div style="font-family:Arial, Helvetica, sans-serif; width:340px; color:#2a2622;">

  <div style="background:#335955; padding:10px 12px;">
    <span style="color:#e6d194; font-size:10px; letter-spacing:1px;">FICHA TÉCNICA DEL PROYECTO</span><br>
    <s]]></SimpleData>
				</SchemaData>
			</ExtendedData>
			<MultiGeometry>
				<Polygon>
					<outerBoundaryIs>
						<LinearRing>
							<coordinates>
								-100.721860949991,28.4485316085459,0 -100.716158859017,28.4492447274509,0 -100.702846007683,28.462884785824,0 -100.702373637157,28.4625246812436,0 -100.720432350162,28.4440371108208,0 -100.720450378609,28.4440938326883,0 -100.721860949991,28.4485316085459,0 
							</coordinates>
						</LinearRing>
					</outerBoundaryIs>
				</Polygon>
			</MultiGeometry>
		</Placemark>
		<Placemark id="CONCEPCIÓN_MENDIZÁBAL_MENDOZA_FASE_I__II___III__PO_2182891910192.10">
			<name>CONCEPCIÓN MENDIZÁBAL MENDOZA FASE I, II &amp; III</name>
			<styleUrl>#stylemap_id13</styleUrl>
			<ExtendedData>
				<SchemaData schemaUrl="#CONCEPCIÓN_MENDIZÁBAL_MENDOZA_FASE_I__II___III__PO_2182891910192">
					<SimpleData name="descriptio"><![CDATA[<div style="font-family:Arial, Helvetica, sans-serif; width:340px; color:#2a2622;">

  <div style="background:#335955; padding:10px 12px;">
    <span style="color:#e6d194; font-size:10px; letter-spacing:1px;">FICHA TÉCNICA DEL PROYECTO</span><br>
    <s]]></SimpleData>
				</SchemaData>
			</ExtendedData>
			<MultiGeometry>
				<Polygon>
					<outerBoundaryIs>
						<LinearRing>
							<coordinates>
								-100.727169768531,28.4467436148396,0 -100.733282266667,28.4452932741348,0 -100.73113977658,28.4473758694733,0 -100.722289282228,28.4484780293874,0 -100.72077115078,28.4437029845811,0 -100.720768149284,28.4436935432363,0 -100.726097096616,28.4382182955258,0 -100.726225962977,28.4383737920823,0 -100.726612585878,28.4392662551061,0 -100.726769234797,28.4393862148604,0 -100.728073993541,28.4397321779908,0 -100.72916316439,28.4405653613264,0 -100.727169768531,28.4467436148396,0 
							</coordinates>
						</LinearRing>
					</outerBoundaryIs>
				</Polygon>
			</MultiGeometry>
		</Placemark>
		<Placemark id="CONCEPCIÓN_MENDIZÁBAL_MENDOZA_FASE_I__II___III__PO_2182891910192.11">
			<name>CONCEPCIÓN MENDIZÁBAL MENDOZA FASE I, II &amp; III</name>
			<styleUrl>#stylemap_id14</styleUrl>
			<ExtendedData>
				<SchemaData schemaUrl="#CONCEPCIÓN_MENDIZÁBAL_MENDOZA_FASE_I__II___III__PO_2182891910192">
					<SimpleData name="descriptio"><![CDATA[<div style="font-family:Arial, Helvetica, sans-serif; width:340px; color:#2a2622;">

  <div style="background:#335955; padding:10px 12px;">
    <span style="color:#e6d194; font-size:10px; letter-spacing:1px;">FICHA TÉCNICA DEL PROYECTO</span><br>
    <s]]></SimpleData>
				</SchemaData>
			</ExtendedData>
			<MultiGeometry>
				<Polygon>
					<outerBoundaryIs>
						<LinearRing>
							<coordinates>
								-100.720292776076,28.4436001770521,0 -100.705454982209,28.4587865438718,0 -100.705226798808,28.4586123902956,0 -100.703677624626,28.4574300075779,0 -100.719531338553,28.44120393815369,0 -100.720292776076,28.4436001770521,0 
							</coordinates>
						</LinearRing>
					</outerBoundaryIs>
				</Polygon>
			</MultiGeometry>
		</Placemark>
		<Placemark id="CONCEPCIÓN_MENDIZÁBAL_MENDOZA_FASE_I__II___III__PO_2182891910192.12">
			<name>CONCEPCIÓN MENDIZÁBAL MENDOZA FASE I, II &amp; III</name>
			<styleUrl>#stylemap_id15</styleUrl>
			<ExtendedData>
				<SchemaData schemaUrl="#CONCEPCIÓN_MENDIZÁBAL_MENDOZA_FASE_I__II___III__PO_2182891910192">
					<SimpleData name="descriptio"><![CDATA[<div style="font-family:Arial, Helvetica, sans-serif; width:340px; color:#2a2622;">

  <div style="background:#335955; padding:10px 12px;">
    <span style="color:#e6d194; font-size:10px; letter-spacing:1px;">FICHA TÉCNICA DEL PROYECTO</span><br>
    <s]]></SimpleData>
				</SchemaData>
			</ExtendedData>
			<MultiGeometry>
				<Polygon>
					<outerBoundaryIs>
						<LinearRing>
							<coordinates>
								-100.722461322642,28.448839305161,0 -100.730159325229,28.4478803850463,0 -100.724118674078,28.4542223823893,0 -100.722405997353,28.4488461955093,0 -100.722461322642,28.448839305161,0 
							</coordinates>
						</LinearRing>
					</outerBoundaryIs>
				</Polygon>
			</MultiGeometry>
		</Placemark>
		<Placemark id="CONCEPCIÓN_MENDIZÁBAL_MENDOZA_FASE_I__II___III__PO_2182891910192.13">
			<name>CONCEPCIÓN MENDIZÁBAL MENDOZA FASE I, II &amp; III</name>
			<styleUrl>#stylemap_id16</styleUrl>
			<ExtendedData>
				<SchemaData schemaUrl="#CONCEPCIÓN_MENDIZÁBAL_MENDOZA_FASE_I__II___III__PO_2182891910192">
					<SimpleData name="descriptio"><![CDATA[<div style="font-family:Arial, Helvetica, sans-serif; width:340px; color:#2a2622;">

  <div style="background:#335955; padding:10px 12px;">
    <span style="color:#e6d194; font-size:10px; letter-spacing:1px;">FICHA TÉCNICA DEL PROYECTO</span><br>
    <s]]></SimpleData>
				</SchemaData>
			</ExtendedData>
			<MultiGeometry>
				<Polygon>
					<outerBoundaryIs>
						<LinearRing>
							<coordinates>
								-100.722123615485,28.4493601668743,0 -100.721704908878,28.4501172927047,0 -100.708371314925,28.4583201917889,0 -100.70808621302,28.4581030199315,0 -100.716378569081,28.4496000180023,0 -100.721937141925,28.4489048426434,0 -100.721977663706,28.448899774192,0 -100.722123615485,28.4493601668743,0 
							</coordinates>
						</LinearRing>
					</outerBoundaryIs>
				</Polygon>
			</MultiGeometry>
		</Placemark>
		<Placemark id="CONCEPCIÓN_MENDIZÁBAL_MENDOZA_FASE_I__II___III__PO_2182891910192.14">
			<name>CONCEPCIÓN MENDIZÁBAL MENDOZA FASE I, II &amp; III</name>
			<styleUrl>#stylemap_id17</styleUrl>
			<ExtendedData>
				<SchemaData schemaUrl="#CONCEPCIÓN_MENDIZÁBAL_MENDOZA_FASE_I__II___III__PO_2182891910192">
					<SimpleData name="descriptio"><![CDATA[<div style="font-family:Arial, Helvetica, sans-serif; width:340px; color:#2a2622;">

  <div style="background:#335955; padding:10px 12px;">
    <span style="color:#e6d194; font-size:10px; letter-spacing:1px;">FICHA TÉCNICA DEL PROYECTO</span><br>
    <s]]></SimpleData>
				</SchemaData>
			</ExtendedData>
			<MultiGeometry>
				<Polygon>
					<outerBoundaryIs>
						<LinearRing>
							<coordinates>
								-100.72221230316,28.4730411959709,0 -100.717930912611,28.4769420385649,0 -100.710522484198,28.4712850777253,0 -100.71044750185,28.4712278167692,0 -100.718517234734,28.4629723312935,0 -100.72221230316,28.4730411959709,0 
							</coordinates>
						</LinearRing>
					</outerBoundaryIs>
				</Polygon>
			</MultiGeometry>
		</Placemark>
		<Placemark id="CONCEPCIÓN_MENDIZÁBAL_MENDOZA_FASE_I__II___III__PO_2182891910192.15">
			<name>CONCEPCIÓN MENDIZÁBAL MENDOZA FASE I, II &amp; III</name>
			<styleUrl>#stylemap_id18</styleUrl>
			<ExtendedData>
				<SchemaData schemaUrl="#CONCEPCIÓN_MENDIZÁBAL_MENDOZA_FASE_I__II___III__PO_2182891910192">
					<SimpleData name="descriptio"><![CDATA[<div style="font-family:Arial, Helvetica, sans-serif; width:340px; color:#2a2622;">

  <div style="background:#335955; padding:10px 12px;">
    <span style="color:#e6d194; font-size:10px; letter-spacing:1px;">FICHA TÉCNICA DEL PROYECTO</span><br>
    <s]]></SimpleData>
				</SchemaData>
			</ExtendedData>
			<MultiGeometry>
				<Polygon>
					<outerBoundaryIs>
						<LinearRing>
							<coordinates>
								-100.687069209138,28.451496690267,0 -100.693812262584,28.4566307640238,0 -100.693775064894,28.4566392103234,0 -100.689115228425,28.457697245729,0 -100.687069209138,28.451496690267,0 
							</coordinates>
						</LinearRing>
					</outerBoundaryIs>
				</Polygon>
			</MultiGeometry>
		</Placemark>
		<Placemark id="CONCEPCIÓN_MENDIZÁBAL_MENDOZA_FASE_I__II___III__PO_2182891910192.16">
			<name>CONCEPCIÓN MENDIZÁBAL MENDOZA FASE I, II &amp; III</name>
			<styleUrl>#stylemap_id19</styleUrl>
			<ExtendedData>
				<SchemaData schemaUrl="#CONCEPCIÓN_MENDIZÁBAL_MENDOZA_FASE_I__II___III__PO_2182891910192">
					<SimpleData name="descriptio"><![CDATA[<div style="font-family:Arial, Helvetica, sans-serif; width:340px; color:#2a2622;">

  <div style="background:#335955; padding:10px 12px;">
    <span style="color:#e6d194; font-size:10px; letter-spacing:1px;">FICHA TÉCNICA DEL PROYECTO</span><br>
    <s]]></SimpleData>
				</SchemaData>
			</ExtendedData>
			<MultiGeometry>
				<Polygon>
					<outerBoundaryIs>
						<LinearRing>
							<coordinates>
								-100.7237821509,28.454566626418,0 -100.710229461162,28.4684362249665,0 -100.703781116511,28.4635976408146,0 -100.70381864591,28.4635592343871,0 -100.708660571271,28.4586039079095,0 -100.722380093762,28.450163727449,0 -100.7237821509,28.454566626418,0 
							</coordinates>
						</LinearRing>
					</outerBoundaryIs>
				</Polygon>
			</MultiGeometry>
		</Placemark>
		<Placemark id="ÁLVARO_OBREGÓN__POLÍGONOS__2182891909072.1">
			<name>ÁLVARO OBREGÓN</name>
			<styleUrl>#stylemap_id0</styleUrl>
			<Polygon>
				<outerBoundaryIs>
					<LinearRing>
						<coordinates>
							-110.240944537,23.885495532,0 -110.240944538,23.885495533,0 -110.240894082,23.885676937,0 -110.234395631,23.884233317,0 -110.223530999,23.87662635,0 -110.222993837,23.870854424,0 -110.218948145,23.869317264,0 -110.212270871,23.867970827,0 -110.206514258,23.863208078,0 -110.195722587,23.85915383,0 -110.199608346,23.852141161,0 -110.204161666,23.853834502,0 -110.212613451,23.865994502,0 -110.218131009,23.863837739,0 -110.225946379,23.871080474,0 -110.240944537,23.885495532,0 
						</coordinates>
					</LinearRing>
				</outerBoundaryIs>
			</Polygon>
		</Placemark>
		<Placemark id="CENTRAL_FOTOVOLTAICA_QUASARA__POLÍGONOS__2182891909232.1">
			<name>CENTRAL FOTOVOLTAICA QUASARA</name>
			<styleUrl>#stylemap_id1</styleUrl>
			<MultiGeometry>
				<Polygon>
					<outerBoundaryIs>
						<LinearRing>
							<coordinates>
								-115.510975449894,32.5147791988545,0 -115.49885868203,32.5259005593832,0 -115.49291755277,32.5199905762916,0 -115.489472132761,32.5147816302726,0 -115.510975449894,32.5147791988545,0 
							</coordinates>
						</LinearRing>
					</outerBoundaryIs>
				</Polygon>
			</MultiGeometry>
		</Placemark>
		<Placemark id="CFV_LAS_GARZAS___POLÍGONOS__2182891909712.1">
			<name>CFV LAS GARZAS</name>
			<styleUrl>#stylemap_id2</styleUrl>
			<MultiGeometry>
				<Polygon>
					<outerBoundaryIs>
						<LinearRing>
							<coordinates>
								-103.71881008374,25.5867104989029,0 -103.71659860646,25.619904965719,0 -103.697701801235,25.6159629699484,0 -103.697988470232,25.5841872379662,0 -103.700906448933,25.5842102509166,0 -103.700881928527,25.5865499296846,0 -103.71881008374,25.5867104989029,0 
							</coordinates>
						</LinearRing>
					</outerBoundaryIs>
				</Polygon>
			</MultiGeometry>
		</Placemark>
		<Placemark id="CIMARRÓN_SOLAR__POLÍGONOS__2182891909552.1">
			<name>CIMARRÓN SOLAR</name>
			<styleUrl>#stylemap_id3</styleUrl>
			<MultiGeometry>
				<Polygon>
					<outerBoundaryIs>
						<LinearRing>
							<coordinates>
								-110.8880423933,28.9163027358,0 -110.888050516,28.9162855931,0 -110.8880586388,28.9162684503,0 -110.8881004826,28.9161837302,0 -110.8881138881,28.9161620179,0 -110.888127392,28.9161403527,0 -110.8881409938,28.9161187351,0 -110.8881546934,28.9160971653,0 -110.8881684907,28.9160756437,0 -110.8881823853,28.9160541707,0 -110.8881963771,28.9160327466,0 -110.8882104658,28.9160113717,0 -110.8882246512,28.9159900464,0 -110.8882389331,28.915968771,0 -110.8882533112,28.9159475458,0 -110.8882677854,28.9159263712,0 -110.8882823553,28.9159052476,0 -110.8882970209,28.9158841752,0 -110.8883117817,28.9158631544,0 -110.8883266377,28.9158421855,0 -110.8883415885,28.9158212689,0 -110.8883566339,28.9158004049,0 -110.8883717738,28.9157795938,0 -110.8883870077,28.91575883599999,0 -110.8884023356,28.9157381317,0 -110.8884177571,28.9157174814,0 -110.8884332721,28.9156968853,0 -110.8884488802,28.9156763438,0 -110.8884645812,28.9156558571,0 -110.8884803749,28.9156354257,0 -110.888496261,28.9156150498,0 -110.8885122393,28.9155947298,0 -110.8885283095,28.915574466,0 -110.8885444713,28.9155542587,0 -110.8885607246,28.9155341082,0 -110.888577069,28.9155140149,0 -110.8885935042,28.915493979,0 -110.8886100301,28.915474001,0 -110.8886266464,28.915454081,0 -110.8886433527,28.9154342195,0 -110.8886601489,28.9154144167,0 -110.8886770346,28.915394673,0 -110.8886940097,28.9153749886,0 -110.8887110737,28.915355364,0 -110.8887282265,28.9153357993,0 -110.8887454678,28.9153162949,0 -110.8887627973,28.9152968511,0 -110.8887802148,28.9152774682,0 -110.8887977199,28.9152581466,0 -110.8888153123,28.9152388865,0 -110.8888329919,28.9152196883,0 -110.8888507583,28.9152005522,0 -110.8888686112,28.9151814785,0 -110.8888865503,28.9151624677,0 -110.8889045755,28.9151435198,0 -110.8889226863,28.9151246353,0 -110.8889408825,28.9151058145,0 -110.8889591638,28.9150870576001,0 -110.8889775299,28.915068365,0 -110.8889959805,28.915049737,0 -110.8890145154,28.9150311737,0 -110.8890331342,28.9150126757,0 -110.8890518366,28.914994243,0 -110.8890706224,28.9149758761,0 -110.8890894912,28.9149575752,0 -110.8891084428,28.9149393406,0 -110.8891274768,28.9149211727,0 -110.8891465929,28.9149030716,0 -110.8891657909,28.9148850376,0 -110.8891850704,28.9148670712,0 -110.8892044311,28.9148491725,0 -110.8892238727,28.9148313418,0 -110.889243395,28.9148135794,0 -110.8892629975,28.9147958857,0 -110.8892826801,28.9147782608,0 -110.8893024423,28.9147607051,0 -110.8893222838,28.9147432188,0 -110.8893422044,28.9147258022,0 -110.8893622038,28.9147084556,0 -110.8893822815,28.9146911793,0 -110.8894024374,28.9146739735,0 -110.889422671,28.9146568386,0 -110.889442982,28.9146397747,0 -110.8894633702,28.9146227822,0 -110.8894838352,28.9146058613,0 -110.8895043767,28.9145890123,0 -110.8895249943,28.9145722354,0 -110.8895456878,28.914555531,0 -110.8895664567,28.9145388993,0 -110.8895873008,28.9145223406,0 -110.8896082197,28.9145058551,0 -110.8896292132,28.914489443,0 -110.8896502808,28.9144731047,0 -110.8896714222,28.9144568405,0 -110.8896926372,28.9144406504,0 -110.8897139253,28.9144245349,0 -110.8897352862,28.9144084942,0 -110.8897567196,28.9143925285,0 -110.8897782252,28.91437663809999,0 -110.8897998026,28.9143608232,0 -110.8898214514,28.9143450841,0 -110.8898431713,28.9143294211,0 -110.889864962,28.9143138343,0 -110.8898868231,28.9142983241,0 -110.8899087543,28.9142828907,0 -110.8899307553,28.9142675342,0 -110.8899528256,28.9142522551,0 -110.8899749649,28.9142370535,0 -110.889997173,28.9142219296,0 -110.8900194493,28.9142068837,0 -110.8900417936,28.914191916,0 -110.8900642055,28.9141770268,0 -110.8900866847,28.9141622164,0 -110.8901092308,28.9141474848,0 -110.8901318435,28.9141328325,0 -110.8901545223,28.9141182595,0 -110.8901772669,28.9141037662,0 -110.890200077,28.9140893528,0 -110.8902229522,28.9140750194,0 -110.8902458922,28.9140607664,0 -110.8902688965,28.91404659399999,0 -110.8902919648,28.9140325023,0 -110.8903150968,28.9140184916,0 -110.8903382921,28.9140045622,0 -110.8903615502,28.9139907142,0 -110.8903848709,28.9139769478,0 -110.8904082538,28.9139632634,0 -110.8904316984,28.913949661,0 -110.8904552045,28.913936141,0 -110.8904787716,28.9139227035,0 -110.8905023994,28.9139093488,0 -110.8905260875,28.913896077,0 -110.8905498355,28.9138828883,0 -110.8905736431,28.9138697831,0 -110.8905975098,28.9138567614,0 -110.8906214353,28.9138438236,0 -110.8906454193,28.9138309697,0 -110.8906694612,28.9138182001,0 -110.8906935608,28.9138055148,0 -110.8907177177,28.9137929142,0 -110.8907419314,28.9137803983,0 -110.8907662017,28.9137679675,0 -110.890790528,28.9137556219,0 -110.8908149101,28.9137433616,0 -110.8908393475,28.913731187,0 -110.8908638399,28.9137190982,0 -110.8908883868,28.9137070953,0 -110.8909129879,28.9136951786,0 -110.8909376428,28.9136833483,0 -110.890962351,28.9136716045,0 -110.8909871123,28.9136599474,0 -110.8910119261,28.9136483773,0 -110.8910367922,28.9136368943,0 -110.89106171,28.9136254986,0 -110.8910866793,28.9136141903,0 -110.8911116996,28.9136029697,0 -110.8911367705,28.9135918368,0 -110.8911618917,28.913580792,0 -110.8911870626,28.9135698354,0 -110.891212283,28.9135589672,0 -110.8912375524,28.9135481874,0 -110.8912628705,28.9135374963,0 -110.8912882368,28.9135268942,0 -110.8913136508,28.913516381,0 -110.8913391123,28.913505957,0 -110.8913646208,28.9134956225,0 -110.891390176,28.9134853774,0 -110.8914157773,28.913475222,0 -110.8914414244,28.9134651565,0 -110.8914671169,28.913455181,0 -110.8914928543,28.9134452957,0 -110.8915186363,28.9134355007,0 -110.8915444625,28.9134257961,0 -110.8915703325,28.9134161823,0 -110.8915962458,28.9134066592,0 -110.891622202,28.913397227,0 -110.8916482007,28.913387886,0 -110.8916742415,28.9133786362,0 -110.891700324,28.9133694777,0 -110.8917264478,28.9133604109,0 -110.8917526124,28.9133514356,0 -110.8917788175,28.9133425522,0 -110.8918050626,28.9133337608,0 -110.8918313473,28.9133250615,0 -110.8918642848,28.9133173255,0 -110.891884396,28.9133127383,0 -110.8919045072,28.9133081512,0 -110.8919246183,28.9133036543,0 -110.891944832,28.9132991575,0 -110.8919650456,28.9132947509,0 -110.8919853617,28.9132903444,0 -110.8920056778,28.9132860282,0 -110.8920260965,28.91328171210001,0 -110.8920465151,28.9132773959,0 -110.8920669337,28.91327317,0 -110.8920873523,28.9132689441,0 -110.8921078734,28.9132647183,0 -110.8921284971,28.9132604926,0 -110.8921490182,28.913256357,0 -110.8921697444,28.9132522216,0 -110.892190368,28.9132480861,0 -110.8922110942,28.913244041,0 -110.8922319229,28.9132399056,0 -110.8922526492,28.9132357702,0 -110.8922734779,28.9132317252,0 -110.8922943065,28.9132276801,0 -110.8923988604,28.9132073647,0 -110.9045228244,28.9108615104,0 -110.909207316,28.9103855548,0 -110.9149150837,28.9103180655,0 -110.9210940364,28.9095228379,0 -110.9350905188,28.9060206053,0 -110.9397857618,28.9046071335,0 -110.9457329476,28.9025036015,0 -110.9464761243,28.9022396147,0 -110.9471228383,28.9020557377,0 -110.9471216408,28.9044181375,0 -110.9506962843,28.9044194932,0 -110.9523132645,28.9228469143,0 -110.946412271,28.9213060208,0 -110.9102518203,28.9216790489,0 -110.9028786927,28.9198438976,0 -110.887989337,28.91641578839999,0 -110.8879937584,28.9164063147,0 -110.8880018815,28.9163889011,0 -110.8880100045,28.9163715778,0 -110.8880180247,28.916354435,0 -110.8880261476,28.9163371117,0 -110.8880341678,28.9163199688,0 -110.8880423933,28.9163027358,0 
							</coordinates>
						</LinearRing>
					</outerBoundaryIs>
				</Polygon>
			</MultiGeometry>
		</Placemark>
		<Placemark id="DALIA_3_PV__CASTAMAY___POLÍGONOS__2182891910032.1">
			<name>DALIA 3 PV (CASTAMAY)</name>
			<styleUrl>#stylemap_id20</styleUrl>
			<ExtendedData>
				<SchemaData schemaUrl="#DALIA_3_PV__CASTAMAY___POLÍGONOS__2182891910032">
					<SimpleData name="descriptio"><![CDATA[<div style="font-family:Arial, Helvetica, sans-serif; width:340px; color:#2a2622;">

  <div style="background:#335955; padding:10px 12px;">
    <span style="color:#e6d194; font-size:10px; letter-spacing:1px;">FICHA TÉCNICA DEL PROYECTO</span><br>
    <s]]></SimpleData>
				</SchemaData>
			</ExtendedData>
			<MultiGeometry>
				<Polygon>
					<outerBoundaryIs>
						<LinearRing>
							<coordinates>
								-90.3178727921,19.859763069,0 -90.31449995369999,19.8590265457,0 -90.3114373935,19.8583577176,0 -90.30983166100002,19.8580839557,0 -90.3112196288,19.8501994726,0 -90.3124867348,19.8427729737,0 -90.31336366310001,19.8372658398,0 -90.313478516,19.8363919317,0 -90.31358390940001,19.8355050865,0 -90.31500648780001,19.8244949418,0 -90.31587516309999,19.8177133544,0 -90.31787669149999,19.8186294224,0 -90.31799639560001,19.8186826339,0 -90.3193101656,19.8192885161,0 -90.3188935819,19.822548995,0 -90.318444087,19.8260078436,0 -90.3180011729,19.8293430149,0 -90.3174557111,19.8335534909,0 -90.3170101364,19.8370490888,0 -90.32034434640001,19.8373425405,0 -90.3199781345,19.8407530601,0 -90.3195299998,19.844978032,0 -90.31916879290002,19.8484195805,0 -90.31903431929999,19.8495967053,0 -90.3178727921,19.859763069,0 
							</coordinates>
						</LinearRing>
					</outerBoundaryIs>
				</Polygon>
			</MultiGeometry>
		</Placemark>
		<Placemark id="DELARO__2DA_RONDA____POLÍGONOS__2182891910512.1">
			<name>DELARO (2DA RONDA)</name>
			<styleUrl>#stylemap_id21</styleUrl>
			<MultiGeometry>
				<Polygon>
					<outerBoundaryIs>
						<LinearRing>
							<coordinates>
								-98.5815000142216,25.7418253610554,0 -98.5818545176825,25.7650884503962,0 -98.58206715843849,25.7849001544974,0 -98.54137988623089,25.7852617124019,0 -98.5414869850849,25.7691374436365,0 -98.4982241080659,25.7690940430725,0 -98.49795507006149,25.7450345440813,0 -98.5074504622617,25.7450113888565,0 -98.5074594962535,25.7415939292809,0 -98.5815000142216,25.7418253610554,0 
							</coordinates>
						</LinearRing>
					</outerBoundaryIs>
				</Polygon>
			</MultiGeometry>
		</Placemark>
		<Placemark id="DON_HUMBERTO__POLÍGONOS__2182891910992.1">
			<name>DON HUMBERTO</name>
			<styleUrl>#stylemap_id22</styleUrl>
			<MultiGeometry>
				<Polygon>
					<outerBoundaryIs>
						<LinearRing>
							<coordinates>
								-107.4426362403,24.5759965942,0 -107.4442986388,24.5761093808,0 -107.4443018023,24.5788237992,0 -107.4441334274,24.578826533,0 -107.4440788667,24.5810111252,0 -107.4439200755,24.5811812088,0 -107.4413114887,24.5811696046,0 -107.4404405076,24.5800411921,0 -107.4403496358,24.5799523321,0 -107.4384628587,24.5799567886,0 -107.4384391906,24.5799503491,0 -107.4383581711,24.5798459076,0 -107.4362064823,24.5772676401,0 -107.4426362403,24.5759965942,0 
							</coordinates>
						</LinearRing>
					</outerBoundaryIs>
				</Polygon>
			</MultiGeometry>
		</Placemark>
		<Placemark id="DON_HUMBERTO__POLÍGONOS__2182891910992.2">
			<name>DON HUMBERTO</name>
			<styleUrl>#stylemap_id23</styleUrl>
			<MultiGeometry>
				<Polygon>
					<outerBoundaryIs>
						<LinearRing>
							<coordinates>
								-107.4377291263,24.5801901715,0 -107.4359620928,24.5801344815,0 -107.4358743348,24.5802332774001,0 -107.4357322911,24.5809421925,0 -107.435738135,24.5813162687,0 -107.4346608768,24.5806277403,0 -107.4347400758,24.5774432923,0 -107.4354513576,24.5773400677,0 -107.4377291263,24.5801901715,0 
							</coordinates>
						</LinearRing>
					</outerBoundaryIs>
				</Polygon>
			</MultiGeometry>
		</Placemark>
		<Placemark id="EL_GUAJILLO__POLÍGONOS__2182891910832.1">
			<name>EL GUAJILLO</name>
			<styleUrl>#stylemap_id24</styleUrl>
			<MultiGeometry>
				<Polygon>
					<outerBoundaryIs>
						<LinearRing>
							<coordinates>
								-98.4984214752168,25.7858096246848,0 -98.4982142035345,25.7691072943152,0 -98.5205964131456,25.7689298728878,0 -98.54148387049122,25.7691648599275,0 -98.54123955950671,25.7853499266316,0 -98.576030043196,25.7849618516103,0 -98.5823093804311,25.7849042560191,0 -98.58268958922061,25.8122157694543,0 -98.58210399031751,25.8123187172211,0 -98.58213542983532,25.8125847846049,0 -98.5826968595327,25.8128086874599,0 -98.58274717993341,25.8170883470088,0 -98.58278479460881,25.817867783829,0 -98.5988600938564,25.806337093612,0 -98.6166249769319,25.8270060058366,0 -98.62950548520629,25.8177383369783,0 -98.6542055314638,25.8464879631356,0 -98.63803882344769,25.8508324517261,0 -98.6443286453118,25.8580217438893,0 -98.6436704295533,25.8583129434833,0 -98.643387212862,25.8574544680982,0 -98.6412409495974,25.8578386776711,0 -98.641270848019,25.8588280793769,0 -98.63768223854161,25.8589140909049,0 -98.609304697046,25.8261204106349,0 -98.59905860039922,25.8333426641476,0 -98.6095348612909,25.8455444634001,0 -98.60044454526458,25.8519371096175,0 -98.5751969529388,25.8224884718309,0 -98.5333111180356,25.8527170129513,0 -98.53272496052199,25.7854473142566,0 -98.4984214752168,25.7858096246848,0 
							</coordinates>
						</LinearRing>
					</outerBoundaryIs>
				</Polygon>
			</MultiGeometry>
		</Placemark>
		<Placemark id="EL_GUAJILLO__POLÍGONOS__2182891910832.2">
			<name>EL GUAJILLO</name>
			<styleUrl>#stylemap_id25</styleUrl>
			<MultiGeometry>
				<Polygon>
					<outerBoundaryIs>
						<LinearRing>
							<coordinates>
								-98.58099370822859,25.7018596381394,0 -98.58150141845769,25.7418335162232,0 -98.5074439148418,25.7415859218364,0 -98.5074328978906,25.7210546091211,0 -98.5072748514373,25.69766163207481,0 -98.5394676580444,25.6973607686927,0 -98.5811513409941,25.6970796689167,0 -98.5812167084641,25.7018634826286,0 -98.58099370822859,25.7018596381394,0 
							</coordinates>
						</LinearRing>
					</outerBoundaryIs>
				</Polygon>
			</MultiGeometry>
		</Placemark>
		<Placemark id="EL_PALMAR__POLÍGONOS__2182891911472.1">
			<name>EL PALMAR</name>
			<styleUrl>#stylemap_id26</styleUrl>
			<MultiGeometry>
				<Polygon>
					<outerBoundaryIs>
						<LinearRing>
							<coordinates>
								-109.767889463986,23.2495485586774,0 -109.770114970466,23.2515199330117,0 -109.772579541108,23.2540345508635,0 -109.772233410761,23.2546784936881,0 -109.771769783373,23.2554084588145,0 -109.771239537296,23.2562280745468,0 -109.77074572087,23.2570148421908,0 -109.770394792343,23.2575342441398,0 -109.770200557726,23.2579294928671,0 -109.770097147726,23.2580819224985,0 -109.769583619073,23.2587152593388,0 -109.769150272231,23.2593920755974,0 -109.768952203633,23.2597595670022,0 -109.768706493885,23.2600751286296,0 -109.7683229905,23.2606122400841,0 -109.768093040532,23.2609318818737,0 -109.767834753926,23.2614940566541,0 -109.767577290508,23.2617467434031,0 -109.767179126355,23.262464529049,0 -109.766525356453,23.26329692146,0 -109.765185859337,23.2631820569757,0 -109.760556464755,23.2638490258032,0 -109.759957996141,23.2635723708146,0 -109.75921730525,23.2620150550758,0 -109.758133721717,23.2612735547208,0 -109.757868353588,23.2609665205802,0 -109.758211692609,23.2606414798065,0 -109.758599677422,23.2604002326448,0 -109.758771925276,23.260194903096,0 -109.758845889655,23.2599243939636,0 -109.758780291368,23.2596443025772,0 -109.758639914824,23.2592399438782,0 -109.756810281594,23.2592849760511,0 -109.756155066721,23.2592261772405,0 -109.755081129373,23.2587586911842,0 -109.754434340694,23.2583936849296,0 -109.753491183191,23.2579025962217,0 -109.752460055757,23.2566341453986,0 -109.752964285863,23.2492611189838,0 -109.757756128142,23.2490499700552,0 -109.759869202163,23.248972143687,0 -109.760383659855,23.24892303061,0 -109.760701891447,23.2488726469251,0 -109.761896303358,23.2488341591677,0 -109.767889463986,23.2495485586774,0 
							</coordinates>
						</LinearRing>
					</outerBoundaryIs>
				</Polygon>
			</MultiGeometry>
		</Placemark>
		<Placemark id="ENERGEO_LOS_MOLINOS__POLÍGONOS__2182891911312.1">
			<name>ENERGEO LOS MOLINOS</name>
			<styleUrl>#stylemap_id27</styleUrl>
			<MultiGeometry>
				<Polygon>
					<outerBoundaryIs>
						<LinearRing>
							<coordinates>
								-97.52039808959999,25.6766869943,0 -97.5203592033,25.6481587972,0 -97.50845592669999,25.6407008635,0 -97.50468676789998,25.6383266786,0 -97.51724978199999,25.6389390507,0 -97.5172901294,25.6311363406,0 -97.52020571599999,25.62920035759999,0 -97.52311722349999,25.627258644,0 -97.52430764690001,25.6286964214,0 -97.5234998821,25.6292305758,0 -97.52468530349999,25.6306814572,0 -97.5270990006,25.6290853006,0 -97.52720406420001,25.6292138866,0 -97.5255921869,25.6302798287,0 -97.52849647600002,25.6338271242,0 -97.52912803240001,25.6351326075,0 -97.5285748495,25.6354105964,0 -97.52879553149999,25.6356971989,0 -97.53103923760001,25.6345670096,0 -97.53126731000002,25.6349587009,0 -97.5313543227,25.6351081372,0 -97.53146093469998,25.635291232,0 -97.5314609343,25.6352912323,0 -97.5314609344,25.6352912324,0 -97.5296613222,25.6363546101,0 -97.52941387369999,25.6365008223,0 -97.5294138732,25.6365008226,0 -97.5294138786,25.6365008296,0 -97.5293649482,25.6365291349,0 -97.52982744090001,25.6373286711,0 -97.53024609210001,25.6370813813,0 -97.53070859170001,25.6378809141,0 -97.53238471829999,25.6368904731,0 -97.5324697754,25.6370375056,0 -97.52952512260001,25.6389794757,0 -97.52721010490001,25.638988822,0 -97.5272440162,25.6361799674,0 -97.52557547999999,25.6361630229,0 -97.5196747679,25.6335754239,0 -97.52356141600001,25.6375505929,0 -97.52348848379999,25.6462134346,0 -97.5271407492,25.646250321,0 -97.5271187382,25.649227401,0 -97.53254974390001,25.6492279179,0 -97.5366692019,25.6462904191,0 -97.5371717284,25.6462727028,0 -97.5371896521,25.6445903407,0 -97.53719697789998,25.643499326,0 -97.53720502330002,25.6428067438,0 -97.53931193139999,25.6442619138,0 -97.5396697493,25.6440376144,0 -97.54066119140001,25.6434163466,0 -97.5457760546,25.6410219209,0 -97.5461763312,25.6419032936,0 -97.54761227830001,25.6440028894,0 -97.5488515234,25.6447874158,0 -97.55259125289999,25.64567294,0 -97.55381837820001,25.6461698384,0 -97.5527935195,25.6475003242,0 -97.5481286821,25.6498908882,0 -97.54772881930002,25.6500746131,0 -97.5446639914,25.6516558556,0 -97.5464758535,25.6580043015,0 -97.5388687953,25.6531964466,0 -97.53545471619999,25.6576450439,0 -97.5416366404,25.6615254279,0 -97.5495493379,25.6664727829,0 -97.54961142660001,25.6724635068,0 -97.549838548,25.6931125353,0 -97.54427170370001,25.6928414708,0 -97.5404629655,25.6926560562,0 -97.54046346849999,25.6950666442,0 -97.5437736242,25.6952216228,0 -97.54425859269999,25.6977870117,0 -97.5331960804,25.6965710691,0 -97.5325049267,25.6957339553,0 -97.5309787875,25.6956571047,0 -97.5279190909,25.694032921,0 -97.53111949549999,25.6882660855,0 -97.53075065119999,25.6864045095,0 -97.5204124097,25.687037165,0 -97.5203999812,25.6766870976,0 -97.52039808959999,25.6766869943,0 
							</coordinates>
						</LinearRing>
					</outerBoundaryIs>
				</Polygon>
			</MultiGeometry>
		</Placemark>
		<Placemark id="ENERGEO_LOS_MOLINOS__POLÍGONOS__2182891911312.2">
			<name>ENERGEO LOS MOLINOS</name>
			<styleUrl>#stylemap_id28</styleUrl>
			<MultiGeometry>
				<Polygon>
					<outerBoundaryIs>
						<LinearRing>
							<coordinates>
								-97.5300685279,25.6321441809,0 -97.5298513458,25.6318325904,0 -97.52960619940001,25.631535615,0 -97.5250029629,25.6259220012,0 -97.53094626230001,25.6225219085,0 -97.5362230386,25.629299903,0 -97.5389790295,25.632761561,0 -97.53280319869999,25.6368266528,0 -97.53021607700001,25.6323677654,0 -97.5300685279,25.6321441809,0 
							</coordinates>
						</LinearRing>
					</outerBoundaryIs>
				</Polygon>
			</MultiGeometry>
		</Placemark>
		<Placemark id="ENERGÍA_LIMPIA_EL_MEZQUITE__POLÍGONOS__2182891911952.1">
			<name>ENERGÍA LIMPIA EL MEZQUITE</name>
			<styleUrl>#stylemap_id29</styleUrl>
			<MultiGeometry>
				<Polygon>
					<outerBoundaryIs>
						<LinearRing>
							<coordinates>
								-100.586563759359,26.4427813949176,0 -100.496978767797,26.2977410248738,0 -100.567433379605,26.2632124173563,0 -100.648509324746,26.3446858182474,0 -100.586563759359,26.4427813949176,0 
							</coordinates>
						</LinearRing>
					</outerBoundaryIs>
				</Polygon>
			</MultiGeometry>
		</Placemark>
		<Placemark id="FRESNILLO__PV_ATOCHA___POLÍGONOS_2182891911792.1">
			<name>FRESNILLO (PV ATOCHA)</name>
			<styleUrl>#stylemap_id30</styleUrl>
			<ExtendedData>
				<SchemaData schemaUrl="#FRESNILLO__PV_ATOCHA___POLÍGONOS_2182891911792">
					<SimpleData name="descriptio"><![CDATA[<div style="font-family:Arial, Helvetica, sans-serif; width:340px; color:#2a2622;">

  <div style="background:#335955; padding:10px 12px;">
    <span style="color:#e6d194; font-size:10px; letter-spacing:1px;">FICHA TÉCNICA DEL PROYECTO</span><br>
    <s]]></SimpleData>
				</SchemaData>
			</ExtendedData>
			<MultiGeometry>
				<Polygon>
					<outerBoundaryIs>
						<LinearRing>
							<coordinates>
								-102.936373282907,23.2514375984988,0 -102.929082249275,23.2378961836632,0 -102.931105199783,23.2362213055604,0 -102.933165559976,23.236169412367,0 -102.93609647883,23.2376851238315,0 -102.940511720889,23.2445545347178,0 -102.94084584479,23.2445168872551,0 -102.949432869152,23.257111022284,0 -102.947582156188,23.258363815529,0 -102.944350093362,23.2523256770256,0 -102.93894041144,23.2557698138194,0 -102.936373282907,23.2514375984988,0 
							</coordinates>
						</LinearRing>
					</outerBoundaryIs>
				</Polygon>
			</MultiGeometry>
		</Placemark>
		<Placemark id="FRESNILLO__PV_ATOCHA___POLÍGONOS_2182891911792.2">
			<name>FRESNILLO (PV ATOCHA)</name>
			<styleUrl>#stylemap_id31</styleUrl>
			<ExtendedData>
				<SchemaData schemaUrl="#FRESNILLO__PV_ATOCHA___POLÍGONOS_2182891911792">
					<SimpleData name="descriptio"><![CDATA[<div style="font-family:Arial, Helvetica, sans-serif; width:340px; color:#2a2622;">

  <div style="background:#335955; padding:10px 12px;">
    <span style="color:#e6d194; font-size:10px; letter-spacing:1px;">FICHA TÉCNICA DEL PROYECTO</span><br>
    <s]]></SimpleData>
				</SchemaData>
			</ExtendedData>
			<MultiGeometry>
				<Polygon>
					<outerBoundaryIs>
						<LinearRing>
							<coordinates>
								-102.949388418647,23.2571454983744,0 -102.940774396704,23.2444635860083,0 -102.947637787025,23.2418174441461,0 -102.955242428402,23.2494156626698,0 -102.956517674591,23.2524599788256,0 -102.949388418647,23.2571454983744,0 
							</coordinates>
						</LinearRing>
					</outerBoundaryIs>
				</Polygon>
			</MultiGeometry>
		</Placemark>
		<Placemark id="GLOBAL_SOLAR_3_CAMPECHE__POLÍGONOS__2182891912432.1">
			<name>GLOBAL SOLAR 3 CAMPECHE</name>
			<styleUrl>#stylemap_id32</styleUrl>
			<MultiGeometry>
				<Polygon>
					<outerBoundaryIs>
						<LinearRing>
							<coordinates>
								-91.0643709030704,18.5395032916025,0 -91.0655572117808,18.5395351902432,0 -91.06546071883201,18.540256436988,0 -91.0647124312496,18.54630443443,0 -91.06399313934122,18.5518517367663,0 -91.0634295876269,18.5562066246384,0 -91.0632913162657,18.5573955610786,0 -91.0632626128255,18.5576423717,0 -91.06170807388098,18.5597999980933,0 -91.0599816433281,18.5621646755552,0 -91.05775575215611,18.5618704138163,0 -91.0528094119267,18.5613041824001,0 -91.0535742747535,18.5562367805886,0 -91.05440451883949,18.5502447462463,0 -91.054850781746,18.5468392329954,0 -91.05551226177599,18.5418585503302,0 -91.05570111989169,18.5405486083705,0 -91.05646883031089,18.5405588367142,0 -91.0569108315146,18.540431361336,0 -91.0570960903258,18.5398960136014,0 -91.05739525533239,18.5393248902373,0 -91.05742540500898,18.5387262199795,0 -91.05738042303931,18.5382380264586,0 -91.0569701501055,18.537829714177,0 -91.0565318149773,18.5377375845202,0 -91.0561998806686,18.5376692531529,0 -91.05661787877349,18.5352739721392,0 -91.0595304767854,18.5356757725944,0 -91.05939060341659,18.5381207109348,0 -91.060750131883,18.5385227854435,0 -91.0613533173869,18.5387732245263,0 -91.0616415677827,18.5390270839885,0 -91.06170791633139,18.5391981015308,0 -91.0620211795984,18.5393200094737,0 -91.0627584082965,18.5394214656071,0 -91.0643709030704,18.5395032916025,0 
							</coordinates>
						</LinearRing>
					</outerBoundaryIs>
				</Polygon>
			</MultiGeometry>
		</Placemark>
		<Placemark id="LA_PASIÓN__POLÍGONOS__2182891912272.1">
			<name>LA PASIÓN</name>
			<styleUrl>#stylemap_id33</styleUrl>
			<MultiGeometry>
				<Polygon>
					<outerBoundaryIs>
						<LinearRing>
							<coordinates>
								-110.339155646562,24.0279132326689,0 -110.333754546465,24.0290835493051,0 -110.330418280551,24.0175337679147,0 -110.330572690256,24.013973867387,0 -110.339224954551,24.0140128562761,0 -110.339155646562,24.0279132326689,0 
							</coordinates>
						</LinearRing>
					</outerBoundaryIs>
				</Polygon>
			</MultiGeometry>
		</Placemark>
		<Placemark id="LA_POZA_SOLAR__POLÍGONOS__2182891912912.1">
			<name>LA POZA SOLAR</name>
			<styleUrl>#stylemap_id34</styleUrl>
			<MultiGeometry>
				<Polygon>
					<outerBoundaryIs>
						<LinearRing>
							<coordinates>
								-110.928063936906,28.8641440033831,0 -110.924544496926,28.8753635002302,0 -110.905102302335,28.8753351577566,0 -110.904916186897,28.8923179010861,0 -110.878837507281,28.8918777188123,0 -110.87844467849,28.87742163826089,0 -110.888848480581,28.8650917716638,0 -110.928063936906,28.8641440033831,0 
							</coordinates>
						</LinearRing>
					</outerBoundaryIs>
				</Polygon>
			</MultiGeometry>
		</Placemark>
		<Placemark id="LOS_GIRASOLES__POLÍGONOS__2182891912752.1">
			<name>LOS GIRASOLES</name>
			<styleUrl>#stylemap_id35</styleUrl>
			<MultiGeometry>
				<Polygon>
					<outerBoundaryIs>
						<LinearRing>
							<coordinates>
								-88.79049432958161,19.8230100791272,0 -88.77167428517789,19.8267419572112,0 -88.77079044292419,19.8249502322565,0 -88.7713001572253,19.822590267344,0 -88.766394559589,19.8229726257194,0 -88.7650036106191,19.8204847080141,0 -88.7733447994554,19.8209432842101,0 -88.773425633222,19.819989523494,0 -88.77586656621379,19.8196658846246,0 -88.77532685397991,19.812834079306,0 -88.7903796265942,19.8126535247162,0 -88.7895175797599,19.8187100173424,0 -88.79049432958161,19.8230100791272,0 
							</coordinates>
						</LinearRing>
					</outerBoundaryIs>
				</Polygon>
			</MultiGeometry>
		</Placemark>
		<Placemark id="MONTECRISTO__POLÍGONOS__2182891904112.1">
			<name>MONTECRISTO</name>
			<styleUrl>#stylemap_id36</styleUrl>
			<ExtendedData>
				<SchemaData schemaUrl="#MONTECRISTO__POLÍGONOS__2182891904112">
					<SimpleData name="FID">0</SimpleData>
				</SchemaData>
			</ExtendedData>
			<MultiGeometry>
				<Polygon>
					<outerBoundaryIs>
						<LinearRing>
							<coordinates>
								-98.27656052416071,25.4266026550349,0 -98.21956238207959,25.3983242850159,0 -98.21307483217581,25.3995089067072,0 -98.27137900136,25.2923896566404,0 -98.30729298857608,25.2976142394123,0 -98.32350291508671,25.3147096799169,0 -98.37152745623469,25.4086261687047,0 -98.3653451913834,25.4378950671757,0 -98.27656052416071,25.4266026550349,0 
							</coordinates>
						</LinearRing>
					</outerBoundaryIs>
				</Polygon>
			</MultiGeometry>
		</Placemark>
		<Placemark id="PARQUE_FV_ENERGÍAS_RENOVABLES_DE_MÉXICO_TRES__POLÍ_2182891913072.1">
			<name>PARQUE FV ENERGÍAS RENOVABLES DE MÉXICO TRES</name>
			<styleUrl>#stylemap_id37</styleUrl>
			<ExtendedData>
				<SchemaData schemaUrl="#PARQUE_FV_ENERGÍAS_RENOVABLES_DE_MÉXICO_TRES__POLÍ_2182891913072">
					<SimpleData name="FID">0</SimpleData>
				</SchemaData>
			</ExtendedData>
			<MultiGeometry>
				<Polygon>
					<outerBoundaryIs>
						<LinearRing>
							<coordinates>
								-90.00808784153431,20.003309873543,0 -90.0077815975315,20.0034163764983,0 -90.00742182802702,20.0036681440113,0 -90.00718615617839,20.003538368853,0 -90.00716201763069,20.0031957105337,0 -90.00680787870991,20.0030611806809,0 -90.0066772126693,20.0031644756233,0 -90.0066601940625,20.0036151197866,0 -90.00712335956801,20.0043970595108,0 -90.006655540799,20.0045084085181,0 -90.00692886649989,20.0051972315897,0 -90.006750245232,20.0053600631047,0 -90.0068806352365,20.006325135563,0 -90.00761447034471,20.0071033773503,0 -90.00767179705851,20.0079510573118,0 -90.00741329567479,20.0094944355066,0 -90.0067936942265,20.0096973989665,0 -90.00652040516241,20.0108199411016,0 -90.00669598248641,20.0111421568208,0 -90.00668775412009,20.0115100527598,0 -90.0069939529877,20.0119980689843,0 -90.00691510977239,20.0124687871534,0 -90.0064981985027,20.012924652979,0 -90.00597197097001,20.0113273597879,0 -90.00563880131972,20.0112577707968,0 -90.0055039541442,20.0110389057734,0 -90.00550601767689,20.0107785629399,0 -90.0049676488168,20.0106104708238,0 -90.0043525941069,20.0103263909236,0 -90.0043374647282,20.0106915424598,0 -90.00471604706678,20.0110161261182,0 -90.00437701151452,20.0114576561835,0 -90.00391101961631,20.0115833351717,0 -90.0036431907193,20.0118680658016,0 -90.00297845208028,20.0117107167055,0 -90.00264533861549,20.0118097646068,0 -90.00252105928752,20.0124921465108,0 -90.0027011222938,20.0127199840983,0 -90.00343501268772,20.0131926640524,0 -90.00391401836912,20.0132004868493,0 -90.00395757667562,20.0133292221537,0 -90.00415381657071,20.0135542334483,0 -90.0041355015109,20.0138084945465,0 -90.0042805487732,20.014020185199,0 -90.0042393568542,20.0144420453337,0 -90.00446402386609,20.0146654353145,0 -90.00464380738379,20.0150704896796,0 -90.0048062794523,20.0151060139842,0 -90.0049848498455,20.0152792680847,0 -90.0049232307241,20.0154948859007,0 -90.0048858435581,20.0165722057851,0 -90.00540560143411,20.0167382701633,0 -90.0055661958576,20.0169084510497,0 -90.0052665006455,20.0172411306999,0 -90.00471808824059,20.0171380677347,0 -90.0045223041362,20.0170290153588,0 -90.0044911643228,20.0166899346499,0 -90.00424234383651,20.0166458001811,0 -90.00393365292329,20.0167468444805,0 -90.0035498403256,20.0167073460226,0 -90.00326568777361,20.0173736377309,0 -90.0029401534949,20.0175335974851,0 -90.0028772661464,20.0176602500144,0 -90.0029595601645,20.0179898042225,0 -90.00282007972028,20.0183596440209,0 -90.0026085629856,20.0185266094751,0 -90.0024527339518,20.0189122600038,0 -90.00235403832362,20.0192969411666,0 -90.00223621792819,20.0193845219436,0 -90.0017794149648,20.0191373676601,0 -90.00186987971658,20.018644351827,0 -90.00128243698138,20.0183753152101,0 -90.0011054249693,20.0191672241646,0 -90.0012257873704,20.0197222105396,0 -90.00197787110989,20.0200418755929,0 -90.00180058092769,20.0203845145598,0 -90.0014081682064,20.0208089830303,0 -90.00104600736481,20.0208751411652,0 -90.00068194821439,20.0208413261076,0 -90.00027865338301,20.0212390546947,0 -90.000084044388,20.0216332422269,0 -89.9997773846179,20.0215238494589,0 -89.9996156590627,20.0227939176669,0 -89.9994979516772,20.0239275740034,0 -90.00036562911171,20.0259835660526,0 -90.0005378645245,20.0262202598022,0 -90.00088716619288,20.0263560900502,0 -90.00127690453471,20.0264158503441,0 -90.00150206512839,20.0256640583961,0 -90.0017559431964,20.0251881912141,0 -90.00197136034311,20.0251687315248,0 -90.00204788361089,20.0250583918741,0 -90.00200373134551,20.0247302095236,0 -90.00248205263098,20.0247394746343,0 -90.0028119793585,20.0250743016785,0 -90.0031790323988,20.0250786391195,0 -90.0033336876263,20.0250142103861,0 -90.0034671791454,20.0247448724252,0 -90.00306593868139,20.0244416211691,0 -90.00292011287388,20.0240793284996,0 -90.00280667437831,20.0236091884967,0 -90.0029306924737,20.023372478733,0 -90.00322774196032,20.0232758299249,0 -90.0037562280056,20.0233068198697,0 -90.00383981593039,20.0230920599934,0 -90.0042000894183,20.0231254484837,0 -90.0042401108183,20.0234708550321,0 -90.00446352541799,20.0236962020095,0 -90.004767475587,20.0236704953675,0 -90.00481724012739,20.0230327907459,0 -90.0050771359079,20.0229888274752,0 -90.0053246026109,20.0279400399355,0 -90.00564075289472,20.0342643150661,0 -90.00312897370991,20.0341350391056,0 -90.0030438860715,20.0331955955788,0 -90.00186215243991,20.0331337564893,0 -90.0017149995154,20.0328392833496,0 -90.0016787190042,20.03254292868,0 -90.00178080037,20.0320981004101,0 -90.000996632217,20.0321149254253,0 -90.0008111419355,20.0319460295799,0 -90.0010102198096,20.0317321107586,0 -90.0010657058513,20.0314545922018,0 -90.0009740057036,20.0312644197468,0 -90.00080626340559,20.0310914829648,0 -90.0005390263287,20.0311260510353,0 -90.000366691682,20.0312496707013,0 -90.00028454573362,20.0314232615091,0 -90.00029172024,20.0317031073942,0 -90.00019336640851,20.0318231613637,0 -89.9999771970319,20.0317370212297,0 -89.9995690312865,20.0313544738744,0 -89.99931342221301,20.0312924423134,0 -89.9994973406355,20.0308746534303,0 -89.9994770092144,20.0305984281465,0 -89.999508196387,20.0302312072136,0 -89.9995985445312,20.0299896671375,0 -90.00026782733651,20.0299169920203,0 -90.000318639415,20.0297489981067,0 -90.0006323414888,20.0297188805301,0 -90.00126351397668,20.0298570470268,0 -90.00198685470261,20.0298016309583,0 -90.00239364862908,20.0292707168316,0 -90.0027388220699,20.0289782279805,0 -90.00239643313679,20.0286830814792,0 -90.0013180947013,20.0284577517337,0 -90.00064537680539,20.0282872106634,0 -89.9977253052373,20.027507821902,0 -89.9976881456889,20.027379428669,0 -89.9981552750877,20.0267206377847,0 -89.9983926751231,20.026621672285,0 -89.99867257743669,20.0259885064162,0 -89.99922221770559,20.0257520552273,0 -89.999178794607,20.0251480445571,0 -89.99899472457351,20.0248952134507,0 -89.998940364818,20.0245924731853,0 -89.9988562184566,20.02409597327,0 -89.9986126922503,20.0239693612323,0 -89.9981327114,20.0237658250452,0 -89.99756024944659,20.0241144495573,0 -89.9975151985679,20.0243043499101,0 -89.997442959544,20.0246301394936,0 -89.99771478753679,20.0247860516894,0 -89.9976782767975,20.0249404363613,0 -89.99753028622951,20.0249147218362,0 -89.99728806313151,20.0248429778483,0 -89.9971273852719,20.0250344427868,0 -89.99691557591549,20.0251879659688,0 -89.9965403270788,20.0250920146416,0 -89.9964226814345,20.024925887054,0 -89.9966297518251,20.0232292765291,0 -89.996768926988,20.0232284042788,0 -89.99685211455041,20.0229214644338,0 -89.99676030737849,20.0226174879005,0 -89.9967750329812,20.0222535638888,0 -89.99694480389211,20.0220683493345,0 -89.9970941002058,20.0217602395499,0 -89.99737149983309,20.0214499583889,0 -89.9978035687661,20.0211149405067,0 -89.99824320878101,20.0207236583575,0 -89.9984099434882,20.0199822534966,0 -89.9984955897348,20.0193540031374,0 -89.9986712809272,20.0188973872119,0 -89.9991263221531,20.0187267819121,0 -89.999249165015,20.018606517382,0 -89.9990564316238,20.0184159671396,0 -89.9992283788358,20.0181278195429,0 -89.99961163364419,20.0178142963352,0 -89.9997432594928,20.0173892593851,0 -89.99959684112591,20.0168679361848,0 -89.999583256151,20.01645607169,0 -89.99968722170129,20.0160758736016,0 -90.00004488664041,20.0154023959392,0 -90.00047627588891,20.0150634648429,0 -90.00093560484929,20.0149338279971,0 -90.00134857295591,20.0146895440376,0 -90.0015521415103,20.0146447039705,0 -90.00210280780151,20.0148745629837,0 -90.00229343044499,20.0132254291433,0 -90.00202421260252,20.0127366352691,0 -90.00162001690239,20.0125198627993,0 -90.00166239018552,20.0121753549429,0 -90.0023534581471,20.0114550287566,0 -90.00251083744409,20.0114385623629,0 -90.0025668270554,20.0106920819259,0 -90.0023009146162,20.0099961112704,0 -90.00168036241509,20.008280123831,0 -90.0012775394832,20.0079020483359,0 -90.0007556123285,20.0078558162982,0 -90.00037408706,20.0078211518749,0 -90.00032168499889,20.0081185311445,0 -90.000015950578,20.0081254276244,0 -89.9999260843919,20.0080138392904,0 -90.00000685670038,20.0077776765274,0 -89.9998615771573,20.0075798524839,0 -89.99924344700089,20.0065131566718,0 -89.9992242066628,20.0061260902425,0 -89.99944467846321,20.0058852186478,0 -89.9999723133035,20.0054611953385,0 -90.00040384288968,20.0053991411558,0 -90.0007065647559,20.0055977141393,0 -90.00127108077672,20.005795785867,0 -90.00187539243811,20.0054426084753,0 -90.0018928968427,20.0051937683468,0 -90.0027677945137,20.0048350912848,0 -90.0028408558947,20.0046781843439,0 -90.0030769703252,20.0046042206806,0 -90.00327530485322,20.0046767922532,0 -90.0034184113081,20.0046389663315,0 -90.0035266239471,20.0044848025164,0 -90.0035669617166,20.0040904496687,0 -90.0035851528436,20.0036204318045,0 -90.003878549451,20.0036015749975,0 -90.00422010272402,20.003666552745,0 -90.00434732436349,20.0040593768815,0 -90.00478902085889,20.0042478400948,0 -90.00527171620259,20.0042492362193,0 -90.00536031998939,20.0044611196198,0 -90.005552946585,20.0044904693751,0 -90.00598708130831,20.0042508110458,0 -90.0061072157722,20.0041635279944,0 -90.00614907303859,20.003937697148,0 -90.00572991892952,20.003778590347,0 -90.00525800175049,20.0034436868588,0 -90.0052262917558,20.0030632844418,0 -90.00542687042569,20.0028740186583,0 -90.0057038415502,20.0029305555781,0 -90.0055032105715,20.0030785558156,0 -90.00595925477801,20.0034246447207,0 -90.0061889095479,20.003061560439,0 -90.00622715764651,20.002800641226,0 -90.0060564056167,20.0026012635978,0 -90.00617153232351,20.0025120793904,0 -90.00628488379492,20.0023294292828,0 -90.00592945745652,20.0020055898769,0 -90.00572992168948,20.0017413723575,0 -90.005839380285,20.0014016109285,0 -90.00585089788881,20.0010805728021,0 -90.00630007997751,20.0011776270788,0 -90.00693777336829,20.0009315963285,0 -90.0068791517015,20.0007703547704,0 -90.00295403340991,19.9977851261319,0 -90.0027200119131,19.9979269689239,0 -90.0024116862789,19.9980483788967,0 -90.0022029609017,19.9978581059461,0 -90.00227572894399,19.9976028231785,0 -90.00239254578122,19.9972694031441,0 -90.0022601781278,19.9968294120896,0 -90.00195284558819,19.9962766986019,0 -90.00125556800501,19.9957305931642,0 -90.00049238388971,19.9954254510284,0 -90.00001716509331,19.9954574355992,0 -90.00053525087441,19.9912096772381,0 -90.00666922225112,19.992036731249,0 -90.0064991017872,19.9923447369336,0 -90.0061336352866,19.9922208197469,0 -90.0057985189774,19.9923891571968,0 -90.0056738054984,19.9928466929026,0 -90.00508688669829,19.9936649491355,0 -90.0042460681094,19.9940297971555,0 -90.00439774600569,19.9946158457431,0 -90.003996137862,19.9949383512838,0 -90.00401460418938,19.995644580055,0 -90.0042250597073,19.9963060386781,0 -90.00438600226281,19.9965047438977,0 -90.00491788075141,19.996444158406,0 -90.0051490889028,19.9963998429687,0 -90.00585613035921,19.9961658772908,0 -90.0060706371367,19.9965121090199,0 -90.00604809961868,19.996927880933,0 -90.0053215112726,19.9969545865266,0 -90.0051757605885,19.996822921949,0 -90.0047649561549,19.9971121308455,0 -90.00444441266968,19.9973147116708,0 -90.0037742624835,19.9971775718231,0 -90.00304381348479,19.9976796449786,0 -90.00715179835719,20.0008039455969,0 -90.0070894401269,20.0011306594511,0 -90.00719145176771,20.0014545821163,0 -90.0070616636599,20.0016667782432,0 -90.0069630691019,20.0020845828974,0 -90.00704796902281,20.0023807647045,0 -90.00692137393069,20.0027600372832,0 -90.00736724542992,20.0028752909379,0 -90.0078998476303,20.0026472882603,0 -90.0080959958962,20.0027080396731,0 -90.00808784153431,20.003309873543,0 
							</coordinates>
						</LinearRing>
					</outerBoundaryIs>
				</Polygon>
			</MultiGeometry>
		</Placemark>
		<Placemark id="PARQUE_FV_ENERGÍAS_RENOVABLES_DE_TAMAULIPAS__POLÍG_2182891912592.1">
			<name>PARQUE FV ENERGÍAS RENOVABLES DE TAMAULIPAS</name>
			<styleUrl>#stylemap_id38</styleUrl>
			<MultiGeometry>
				<Polygon>
					<outerBoundaryIs>
						<LinearRing>
							<coordinates>
								-97.9460799639013,22.51289075002139,0 -97.95708578384949,22.5109669188206,0 -97.9561201256556,22.5180951022032,0 -97.94268445194,22.5205084859323,0 -97.9421943996808,22.5199499913576,0 -97.9406580697101,22.5166843675174,0 -97.94167720907561,22.5166742382467,0 -97.94167679458809,22.5046035302676,0 -97.9416766251464,22.5000077304333,0 -97.9500062769377,22.5000090177864,0 -97.95001159811579,22.4917474868942,0 -97.95585689388039,22.4922031320651,0 -97.95405391220179,22.5032693333353,0 -97.9454272826308,22.5023785698241,0 -97.9460799639013,22.51289075002139,0 
							</coordinates>
						</LinearRing>
					</outerBoundaryIs>
				</Polygon>
			</MultiGeometry>
		</Placemark>
		<Placemark id="PARQUE_FV_ENERGÍAS_RENOVABLES_KIIN__TEKAX___POLÍGO_2182891912112.1">
			<name>PARQUE FV ENERGÍAS RENOVABLES KIIN (TEKAX)</name>
			<styleUrl>#stylemap_id39</styleUrl>
			<MultiGeometry>
				<Polygon>
					<outerBoundaryIs>
						<LinearRing>
							<coordinates>
								-89.1916041995444,20.1383570996218,0 -89.180331699669,20.129051799692,0 -89.18331090006571,20.1240635999093,0 -89.18332410043941,20.1239908997046,0 -89.1842307000409,20.1217837003932,0 -89.18424370021189,20.1216491999515,0 -89.1844776995632,20.1217542001894,0 -89.1846289000337,20.1219247999986,0 -89.1848589996596,20.1220588996889,0 -89.1850900999043,20.1221714004162,0 -89.18535759986641,20.1222041997358,0 -89.1855556996947,20.1221595000895,0 -89.1858248000335,20.1221420004242,0 -89.1859508995523,20.122216099696,0 -89.1861126997055,20.1222890000902,0 -89.1868555002024,20.1226735004207,0 -89.1875369003524,20.1230045000108,0 -89.187709000304,20.123261099942,0 -89.1880023000333,20.123684899714,0 -89.1883489997672,20.1240402001607,0 -89.1884805995839,20.1243212996327,0 -89.1889118997077,20.1245865995926,0 -89.1891683003941,20.1246672999564,0 -89.18950269993491,20.1246480998555,0 -89.1896560004345,20.124745700414,0 -89.1899134004057,20.125076499877,0 -89.19033799988451,20.12519280008,0 -89.1903740000474,20.1254149001857,0 -89.1904454997681,20.1261875997767,0 -89.1906121001315,20.1278829998368,0 -89.1906630996358,20.128380200095,0 -89.1912104997447,20.1343207001151,0 -89.1916041995444,20.1383570996218,0 
							</coordinates>
						</LinearRing>
					</outerBoundaryIs>
				</Polygon>
			</MultiGeometry>
		</Placemark>
		<Placemark id="PARQUE_FV_ENERGÍAS_RENOVABLES_KIIN__TEKAX___POLÍGO_2182891912112.2">
			<name>PARQUE FV ENERGÍAS RENOVABLES KIIN (TEKAX)</name>
			<styleUrl>#stylemap_id40</styleUrl>
			<MultiGeometry>
				<Polygon>
					<outerBoundaryIs>
						<LinearRing>
							<coordinates>
								-89.17857120033401,20.1314995996813,0 -89.1775899997608,20.1317824998835,0 -89.17669150035969,20.132720999741,0 -89.17140580035461,20.1282065000703,0 -89.1723993000108,20.1261763997537,0 -89.17679819994081,20.1294254000469,0 -89.1763374004444,20.1300655995564,0 -89.1781680721475,20.131240813797,0 -89.17857120033401,20.1314995996813,0 
							</coordinates>
						</LinearRing>
					</outerBoundaryIs>
				</Polygon>
			</MultiGeometry>
		</Placemark>
		<Placemark id="PARQUE_FV_ENERGÍAS_RENOVABLES_SAAS__PETO___POLÍGON_2182891911632.1">
			<name>PARQUE FV ENERGÍAS RENOVABLES SAAS (PETO)</name>
			<styleUrl>#stylemap_id41</styleUrl>
			<MultiGeometry>
				<Polygon>
					<outerBoundaryIs>
						<LinearRing>
							<coordinates>
								-88.8349231001622,19.916218500288,0 -88.82609839956,19.9276358001031,0 -88.8199793998823,19.9270764998317,0 -88.82110110030639,19.9181075999933,0 -88.8231328995892,19.9081709996783,0 -88.82766250037569,19.9112299000599,0 -88.83109400035519,19.9135454004047,0 -88.8322881002791,19.9143751999646,0 -88.8349231001622,19.916218500288,0 
							</coordinates>
						</LinearRing>
					</outerBoundaryIs>
				</Polygon>
			</MultiGeometry>
		</Placemark>
		<Placemark id="PLANTA_SOLAR_CERRO_COLORADO__POLÍGONOS__2182891911152.1">
			<name>PLANTA SOLAR CERRO COLORADO</name>
			<styleUrl>#stylemap_id42</styleUrl>
			<MultiGeometry>
				<Polygon>
					<outerBoundaryIs>
						<LinearRing>
							<coordinates>
								-94.86204663580749,17.7757455687689,0 -94.85706319399,17.7742563880364,0 -94.85636237670801,17.7743528375971,0 -94.8561358713893,17.7730933624147,0 -94.855443266961,17.7730946917751,0 -94.85510699261251,17.7735992979187,0 -94.8551656039329,17.7740345337333,0 -94.85487434602,17.7745138165152,0 -94.85362048431119,17.7747724331358,0 -94.85254107380742,17.7765607371232,0 -94.8497838078969,17.7758465621692,0 -94.8493658077081,17.7747298080654,0 -94.848918606967,17.7745820717304,0 -94.84928095558831,17.7595111012264,0 -94.8525354351225,17.7579763646638,0 -94.8534762714212,17.7572834100976,0 -94.85422100405161,17.7564259474648,0 -94.8519760689899,17.7547783959073,0 -94.84936478549328,17.7560146848697,0 -94.8494725217834,17.7517044003177,0 -94.85638375112779,17.7494349819801,0 -94.8560515270399,17.7429493328433,0 -94.8604619940956,17.7080852171946,0 -94.8795986491333,17.7101584713147,0 -94.88073755980551,17.7012270058063,0 -94.88040966906048,17.7011615561967,0 -94.8806762300614,17.6989032864624,0 -94.86788353258861,17.697527362287,0 -94.8663385224181,17.6903383541199,0 -94.8905207816244,17.6931880290765,0 -94.8882144177381,17.7027687173616,0 -94.8811830394845,17.7013329469686,0 -94.87979352763558,17.7109529361341,0 -94.8795475985786,17.7324874372965,0 -94.8711430009679,17.7440936927495,0 -94.85674898237789,17.7493684698437,0 -94.85787857623831,17.7575890442451,0 -94.85787858651049,17.7576955769897,0 -94.8577437814525,17.7591938796979,0 -94.85773982740591,17.7591887146263,0 -94.85773630630609,17.7591846791114,0 -94.85773204881291,17.7591806634912,0 -94.8577282132193,17.7591777554651,0 -94.85772480478619,17.7591766677822,0 -94.85772102522751,17.7591755815746,0 -94.8577172507112,17.7591744968162,0 -94.85771273578329,17.7591737745971,0 -94.85770747467711,17.75917305308,0 -94.85770259846289,17.7591730534435,0 -94.8576969720493,17.7591730538629,0 -94.85769247090801,17.7591730541983,0 -94.8576875946616,17.7591730545616,0 -94.8576830935019,17.759173054897,0 -94.85767934000469,17.7591734160561,0 -94.85767557474482,17.7591748614584,0 -94.8576736858093,17.759175947136,0 -94.85767329066418,17.7591777596163,0 -94.8576732712429,17.7591795761214,0 -94.85767324398022,17.7591821260495,0 -94.85767398343071,17.759183586682,0 -94.8576743463356,17.7591850499641,0 -94.8576778195136,17.7592248064112,0 -94.86204663580749,17.7757455687689,0 
							</coordinates>
						</LinearRing>
					</outerBoundaryIs>
				</Polygon>
			</MultiGeometry>
		</Placemark>
		<Placemark id="PLANTA_SOLAR_HAAB_KIIN__POLÍGONOS__2182891910672.1">
			<name>PLANTA SOLAR HAAB KIIN</name>
			<styleUrl>#stylemap_id43</styleUrl>
			<MultiGeometry>
				<Polygon>
					<outerBoundaryIs>
						<LinearRing>
							<coordinates>
								-89.8152873496267,20.9393221645498,0 -89.8156446656088,20.9584343979007,0 -89.7953246205557,20.958770685948,0 -89.7949709071369,20.9396561936687,0 -89.8152873496267,20.9393221645498,0 
							</coordinates>
						</LinearRing>
					</outerBoundaryIs>
				</Polygon>
			</MultiGeometry>
		</Placemark>
		<Placemark id="PROYECTO_EÓLICO_REGIÓN_NORESTE__LA_NORIA____POLÍGO_2182891910352.1">
			<name>PROYECTO EÓLICO REGIÓN NORESTE (LA NORIA)</name>
			<styleUrl>#stylemap_id44</styleUrl>
			<MultiGeometry>
				<Polygon>
					<outerBoundaryIs>
						<LinearRing>
							<coordinates>
								-101.024090674664,28.0012595830149,0 -101.016516577845,27.9981080449998,0 -101.014878682492,27.9974264341779,0 -101.015229690357,27.9996407324212,0 -101.015896137504,28.003844581637,0 -101.01140374282,28.0021135847907,0 -101.010700976058,28.0018427777173,0 -101.006378826138,28.0001771555891,0 -101.003593579463,27.9991037095436,0 -101.000194532182,27.99779358642,0 -100.990750770746,27.9941529922437,0 -100.985359996599,27.9920744251517,0 -100.958966209269,27.9818932320581,0 -100.954178163031,27.9516904190041,0 -100.952241125984,27.9394658461264,0 -100.950199844981,27.9265796935301,0 -100.970380784928,27.9343872136722,0 -100.972017615595,27.9350161401781,0 -100.993045030198,27.9430932760236,0 -100.994068742971,27.9434863963414,0 -101.000357102364,27.9459009542226,0 -101.000413196072,27.9459224897602,0 -101.000704810207,27.9460344531409,0 -101.007162898591,27.9485137555452,0 -101.007005877513,27.9475219105755,0 -101.0067615773,27.9459787918771,0 -101.006640943904,27.9452167851407,0 -101.006551673681,27.9446528810984,0 -101.006334215682,27.943279244953,0 -101.006187555403,27.9423527804601,0 -101.005890707626,27.9404774867653,0 -101.005734518186,27.9394907802331,0 -101.005548051861,27.9383127397249,0 -101.005364838379,27.9371552350608,0 -101.005308237515,27.9367976354173,0 -101.005179280145,27.9359828680263,0 -101.004972753705,27.9346780249418,0 -101.004858753737,27.9339577329668,0 -101.002876015223,27.9214282646753,0 -101.003621583054,27.921841748749,0 -101.010868890137,27.9258422650531,0 -101.01094429619,27.9258838808101,0 -101.012216459387,27.9265860451833,0 -101.015769227592,27.9285468597863,0 -101.019662882819,27.9306956150936,0 -101.027320589044,27.9349210240032,0 -101.028843368437,27.9357611786418,0 -101.028877451039,27.9357799744717,0 -101.029484618974,27.9361149580786,0 -101.029660287111,27.9362118810144,0 -101.058101380138,27.9518975124097,0 -101.063651893718,27.9549574610501,0 -101.070795851145,27.9588952321556,0 -101.077741057548,27.9627227906281,0 -101.077257630832,27.971151344854,0 -101.077250679176,27.9712726320446,0 -101.076911911532,27.9771784674694,0 -101.076581005184,27.9829471935534,0 -101.074623653361,28.0170645908846,0 -101.074307593156,28.0225725533865,0 -101.074266271182,28.0232926680146,0 -101.024445502562,28.0037078198891,0 -101.024090674664,28.0012595830149,0 
							</coordinates>
						</LinearRing>
					</outerBoundaryIs>
				</Polygon>
			</MultiGeometry>
		</Placemark>
		<Placemark id="PROYECTO_EÓLICO_REGIÓN_NORESTE__LA_NORIA____POLÍGO_2182891910352.2">
			<name>PROYECTO EÓLICO REGIÓN NORESTE (LA NORIA)</name>
			<styleUrl>#stylemap_id45</styleUrl>
			<MultiGeometry>
				<Polygon>
					<outerBoundaryIs>
						<LinearRing>
							<coordinates>
								-100.98536732423,27.9921366743477,0 -100.984796566479,28.0127252651507,0 -100.98320842006,28.0438357957711,0 -100.982879232164,28.0542069104121,0 -100.939158276148,28.05946770933789,0 -100.936013414005,28.0388687539608,0 -100.933336613125,28.0169221912376,0 -100.961155485817,27.9960636092968,0 -100.958963419375,27.9819679805019,0 -100.98536732423,27.9921366743477,0 
							</coordinates>
						</LinearRing>
					</outerBoundaryIs>
				</Polygon>
			</MultiGeometry>
		</Placemark>
		<Placemark id="PROYECTO_EÓLICO_REGIÓN_NORESTE__LA_NORIA____POLÍGO_2182891910352.3">
			<name>PROYECTO EÓLICO REGIÓN NORESTE (LA NORIA)</name>
			<styleUrl>#stylemap_id46</styleUrl>
			<MultiGeometry>
				<Polygon>
					<outerBoundaryIs>
						<LinearRing>
							<coordinates>
								-100.9611065949,27.996018509812,0 -100.929668237615,28.0194697454882,0 -100.917281297932,27.957592748946,0 -100.95419591811,27.9518024175605,0 -100.9611065949,27.996018509812,0 
							</coordinates>
						</LinearRing>
					</outerBoundaryIs>
				</Polygon>
			</MultiGeometry>
		</Placemark>
		<Placemark id="PROYECTO_EÓLICO_REGIÓN_NORESTE__LA_NORIA____POLÍGO_2182891910352.4">
			<name>PROYECTO EÓLICO REGIÓN NORESTE (LA NORIA)</name>
			<styleUrl>#stylemap_id47</styleUrl>
			<MultiGeometry>
				<Polygon>
					<outerBoundaryIs>
						<LinearRing>
							<coordinates>
								-100.914056967679,27.941578617484,0 -100.929668237615,28.0194697454882,0 -100.912958106438,28.0296467414568,0 -100.902400643465,28.0247012021831,0 -100.900378467451,28.0135734762502,0 -100.898274524041,28.0016785743304,0 -100.896268627269,27.991822837622,0 -100.894913911491,27.9842964160204,0 -100.894100730839,27.9805128358009,0 -100.892829623029,27.9742670951616,0 -100.895270293946,27.9708839920617,0 -100.89953222414,27.9642607069523,0 -100.902240588267,27.9604680810654,0 -100.891763322917,27.9499246636312,0 -100.914056967679,27.941578617484,0 
							</coordinates>
						</LinearRing>
					</outerBoundaryIs>
				</Polygon>
			</MultiGeometry>
		</Placemark>
		<Placemark id="PROYECTO_EÓLICO_REGIÓN_NORESTE__LA_NORIA____POLÍGO_2182891910352.5">
			<name>PROYECTO EÓLICO REGIÓN NORESTE (LA NORIA)</name>
			<styleUrl>#stylemap_id48</styleUrl>
			<MultiGeometry>
				<Polygon>
					<outerBoundaryIs>
						<LinearRing>
							<coordinates>
								-100.896208499854,28.0425276718429,0 -100.789383,28.0434970000001,0 -100.853942184013,28.0019125974934,0 -100.912958106438,28.0296467414568,0 -100.896208499854,28.0425276718429,0 
							</coordinates>
						</LinearRing>
					</outerBoundaryIs>
				</Polygon>
			</MultiGeometry>
		</Placemark>
		<Placemark id="SAN_PEDRO_SOLAR__POLÍGONOS__2182891908912.1">
			<name>SAN PEDRO SOLAR</name>
			<styleUrl>#stylemap_id51</styleUrl>
			<ExtendedData>
				<SchemaData schemaUrl="#SAN_PEDRO_SOLAR__POLÍGONOS__2182891908912">
					<SimpleData name="descriptio"><![CDATA[<div style="font-family:Arial, Helvetica, sans-serif; width:340px; color:#2a2622;">

  <div style="background:#335955; padding:10px 12px;">
    <span style="color:#e6d194; font-size:10px; letter-spacing:1px;">FICHA TÉCNICA DEL PROYECTO</span><br>
    <s]]></SimpleData>
				</SchemaData>
			</ExtendedData>
			<MultiGeometry>
				<Polygon>
					<outerBoundaryIs>
						<LinearRing>
							<coordinates>
								-100.40001331992,20.405923292325,0 -100.399198695018,20.406444533622,0 -100.399088696239,20.408383281094,0 -100.397653552185,20.409325175572,0 -100.397667953479,20.40380207166,0 -100.397130565893,20.403262976421,0 -100.396978434586,20.403168784307,0 -100.396691070365,20.402908741469,0 -100.396499661065,20.402645825595,0 -100.396216359311,20.402377252356,0 -100.396108393524,20.402482056307,0 -100.396213105491,20.404457358375,0 -100.39624462916,20.404461004125,0 -100.396308472792,20.405466661491,0 -100.396138741594,20.405810662539,0 -100.395186555545,20.406049812297,0 -100.395093844507,20.404760372005,0 -100.394200071474,20.405014677187,0 -100.393548599923,20.405315003892,0 -100.39344793988,20.405373886332,0 -100.393465020796,20.4056703344,0 -100.392951252486,20.4058104304,0 -100.392862152125,20.405698529275,0 -100.392862767306,20.404375645796,0 -100.393422534911,20.404166395095,0 -100.393644190806,20.404043141576,0 -100.39401172481,20.402685604761,0 -100.394099884696,20.402609890797,0 -100.393986514773,20.401107311802,0 -100.394837560435,20.400959436323,0 -100.395259880134,20.400898277331,0 -100.395573657394,20.400518335027,0 -100.395997276837,20.400274496021,0 -100.395719653607,20.394061834239,0 -100.400025775551,20.393414582675,0 -100.40003791707,20.390273010601,0 -100.400509378756,20.391504072684,0 -100.401214235746,20.392722185751,0 -100.401189541272,20.394368676538,0 -100.401574820176,20.394353642941,0 -100.401563550915,20.393229407905,0 -100.401645593919,20.37817299245,0 -100.403224890801,20.377100730307,0 -100.405297205803,20.391133271888,0 -100.401609686083,20.393375841588,0 -100.401604271359,20.394374826731,0 -100.401555113794,20.394987942432,0 -100.400010140422,20.395611171025,0 -100.399911080828,20.401174648168,0 -100.399925427798,20.40537714556,0 -100.40001331992,20.405923292325,0 
							</coordinates>
						</LinearRing>
					</outerBoundaryIs>
				</Polygon>
			</MultiGeometry>
		</Placemark>
		<Placemark id="SAN_PEDRO_SOLAR__POLÍGONOS__2182891908912.2">
			<name>SAN PEDRO SOLAR</name>
			<styleUrl>#stylemap_id52</styleUrl>
			<ExtendedData>
				<SchemaData schemaUrl="#SAN_PEDRO_SOLAR__POLÍGONOS__2182891908912">
					<SimpleData name="descriptio"><![CDATA[<div style="font-family:Arial, Helvetica, sans-serif; width:340px; color:#2a2622;">

  <div style="background:#335955; padding:10px 12px;">
    <span style="color:#e6d194; font-size:10px; letter-spacing:1px;">FICHA TÉCNICA DEL PROYECTO</span><br>
    <s]]></SimpleData>
				</SchemaData>
			</ExtendedData>
			<MultiGeometry>
				<Polygon>
					<outerBoundaryIs>
						<LinearRing>
							<coordinates>
								-100.416395908734,20.403991045691,0 -100.417366321591,20.404814425418,0 -100.416240989912,20.404757134946,0 -100.416277893123,20.406572597165,0 -100.413733666053,20.407124712738,0 -100.41318911625,20.407241473184,0 -100.413935093541,20.409513709045,0 -100.411441454749,20.410192583096,0 -100.408757288051,20.410820166669,0 -100.406572180313,20.411290210547,0 -100.407054272751,20.413137213029,0 -100.406804559268,20.41316632141,0 -100.407005257106,20.41630037808,0 -100.409263316628,20.415736506658,0 -100.409085649916,20.412810290312,0 -100.411998386388,20.412343490825,0 -100.412557665745,20.414757254792,0 -100.409323355843,20.415699238069,0 -100.409445573951,20.418061740093,0 -100.407180297906,20.418968967348,0 -100.406973717856,20.416299149606,0 -100.404252667131,20.416694195652,0 -100.403983144285,20.413670626922,0 -100.404125106692,20.41291465585,0 -100.40402573307,20.411791484613,0 -100.403725223628,20.411876233259,0 -100.403726427135,20.413674124619,0 -100.402933386926,20.413727083302,0 -100.402712366395,20.412642481436,0 -100.401115222588,20.40972605202,0 -100.4013212179,20.407167988222,0 -100.402449210346,20.406969796069,0 -100.402740031056,20.409511350931,0 -100.405021960771,20.409105464314,0 -100.407728944893,20.408566794219,0 -100.408269835222,20.408403509872,0 -100.408032912732,20.405730654312,0 -100.405863709827,20.394914910393,0 -100.406379192484,20.393995999166,0 -100.40583950383,20.391263014489,0 -100.407530249624,20.390677585101,0 -100.410298161,20.391208913076,0 -100.411279491852,20.405036842745,0 -100.413465232429,20.404568676568,0 -100.413638644833,20.40714040369,0 -100.410993732196,20.40762609494,0 -100.410669033618,20.405202025876,0 -100.413738915797,20.404465022997,0 -100.416395908734,20.403991045691,0 
							</coordinates>
						</LinearRing>
					</outerBoundaryIs>
				</Polygon>
			</MultiGeometry>
		</Placemark>
		<Placemark id="SAN_PEDRO_SOLAR__POLÍGONOS__2182891908912.3">
			<name>SAN PEDRO SOLAR</name>
			<styleUrl>#stylemap_id53</styleUrl>
			<ExtendedData>
				<SchemaData schemaUrl="AREAS_REFERENCIA.kml#SAN_PEDRO_SOLAR__POLÍGONOS__2182891908912">
					<SimpleData name="descriptio"><![CDATA[<div style="font-family:Arial, Helvetica, sans-serif; width:340px; color:#2a2622;">

  <div style="background:#335955; padding:10px 12px;">
    <span style="color:#e6d194; font-size:10px; letter-spacing:1px;">FICHA TÉCNICA DEL PROYECTO</span><br>
    <s]]></SimpleData>
				</SchemaData>
			</ExtendedData>
			<Polygon>
				<outerBoundaryIs>
					<LinearRing>
						<coordinates>
							-100.392452218525,20.401946102815,0 -100.392470311501,20.402261047102,0 -100.392538370847,20.402702119535,0 -100.392728798209,20.402714815938,0 -100.392934303957,20.403343662692,0 -100.392854377426,20.403363947529,0 -100.392795674492,20.403994043849,0 -100.391998523421,20.404058010721,0 -100.391493604138,20.40403097456,0 -100.390704028919,20.4040662103,0 -100.389861003245,20.403862744759,0 -100.389730424896,20.403576646987,0 -100.389782011449,20.403246687301,0 -100.389833135632,20.402779233163,0 -100.389778917806,20.402382261205,0 -100.389793373057,20.40207820328,0 -100.389866175455,20.401986404116,0 -100.390144141669,20.400745820639,0 -100.390305981448,20.400490238297,0 -100.390442695963,20.399971152744,0 -100.390524513127,20.399842868806,0 -100.39075356265,20.399581913846,0 -100.391678457943,20.399580521162,0 -100.391677934039,20.401457248932,0 -100.391991795887,20.401485095747,0 -100.392070839349,20.401787742935,0 -100.392452218525,20.401946102815,0 
						</coordinates>
					</LinearRing>
				</outerBoundaryIs>
			</Polygon>
		</Placemark>
		<Placemark id="SAN_PEDRO_SOLAR__POLÍGONOS__2182891908912.4">
			<name>SAN PEDRO SOLAR</name>
			<styleUrl>#stylemap_id54</styleUrl>
			<ExtendedData>
				<SchemaData schemaUrl="#SAN_PEDRO_SOLAR__POLÍGONOS__2182891908912">
					<SimpleData name="descriptio"><![CDATA[<div style="font-family:Arial, Helvetica, sans-serif; width:340px; color:#2a2622;">

  <div style="background:#335955; padding:10px 12px;">
    <span style="color:#e6d194; font-size:10px; letter-spacing:1px;">FICHA TÉCNICA DEL PROYECTO</span><br>
    <s]]></SimpleData>
				</SchemaData>
			</ExtendedData>
			<MultiGeometry>
				<Polygon>
					<outerBoundaryIs>
						<LinearRing>
							<coordinates>
								-100.389118775974,20.402292240381,0 -100.38857795217,20.403243692003,0 -100.388238376852,20.403864075325,0 -100.387161675548,20.405044990452,0 -100.386440436538,20.404798575725,0 -100.386341538749,20.403985375038,0 -100.38592941714,20.403518168335,0 -100.385972157995,20.402827826109,0 -100.386248128709,20.402314338921,0 -100.386313076857,20.4017980772,0 -100.386316640311,20.401640514544,0 -100.38645439883,20.401371679563,0 -100.386532457467,20.400890180669,0 -100.385232825434,20.400490270342,0 -100.385125318361,20.400571321295,0 -100.384844964041,20.400617592554,0 -100.384937038674,20.400189889254,0 -100.38483660998,20.399340176343,0 -100.384459523477,20.398318188502,0 -100.384377816785,20.398294424461,0 -100.384328134113,20.397817248505,0 -100.384375938587,20.396963778601,0 -100.38426111347,20.396980207387,0 -100.384356323582,20.396538607664,0 -100.384607210666,20.39649561604,0 -100.38470628364,20.396534723672,0 -100.384831284226,20.396505046282,0 -100.385240320124,20.396890268986,0 -100.385416043229,20.396801965013,0 -100.385512918966,20.396824551935,0 -100.385574771284,20.396999977591,0 -100.385971928324,20.397308882458,0 -100.386274883055,20.397439452115,0 -100.386617913885,20.397498972524,0 -100.386571929911,20.397566309779,0 -100.386677755718,20.397619431015,0 -100.387521064981,20.397830887965,0 -100.387868716761,20.39780831995,0 -100.388398502655,20.397974779726,0 -100.388994562822,20.397897181476,0 -100.389296806682,20.398064827503,0 -100.389620588451,20.398151765436,0 -100.389919332229,20.39830044837,0 -100.390317186827,20.398333836644,0 -100.390241733205,20.399261003854,0 -100.39023384315,20.399536972203,0 -100.390076503287,20.399732236569,0 -100.386629112916,20.400018567702,0 -100.386614359374,20.40091436483,0 -100.38648425052,20.401359004931,0 -100.389118775974,20.402292240381,0 
							</coordinates>
						</LinearRing>
					</outerBoundaryIs>
				</Polygon>
			</MultiGeometry>
		</Placemark>
		<Placemark id="PV_MOQUEL_SOLAR__POLÍGONOS__2182891909872.1">
			<name>PV MOQUEL SOLAR</name>
			<styleUrl>#stylemap_id49</styleUrl>
			<MultiGeometry>
				<Polygon>
					<outerBoundaryIs>
						<LinearRing>
							<coordinates>
								-90.6837719829588,19.3011553047709,0 -90.686690654413,19.3036586258711,0 -90.68712005314089,19.3040323514566,0 -90.68701545308959,19.305840392292,0 -90.68584579337031,19.3057873859123,0 -90.68485503027129,19.3057449961348,0 -90.68453044293078,19.3057405764418,0 -90.6823813146797,19.305644008226,0 -90.6686329107291,19.305036007966,0 -90.6686119369482,19.3026759284772,0 -90.6686119289818,19.3026750812204,0 -90.6686023129637,19.3026745438025,0 -90.6589497067462,19.3021347513953,0 -90.6592594975406,19.2985624130433,0 -90.6591928226603,19.2985584789797,0 -90.6497607883162,19.2978929265176,0 -90.6499519096683,19.2960976235144,0 -90.65938895765581,19.2967613984846,0 -90.6592667408553,19.2984897512232,0 -90.6686715282987,19.2990666717558,0 -90.6686967032802,19.2959468159621,0 -90.66863458204431,19.2938016222654,0 -90.6714066369435,19.2897339999253,0 -90.67128725677901,19.2904467490415,0 -90.67144250996429,19.2909223842848,0 -90.67234096758732,19.2920820545643,0 -90.67360682752141,19.2925682732993,0 -90.67491806434531,19.2926532991257,0 -90.6787283145154,19.2913619912605,0 -90.6799909901618,19.29099873793,0 -90.681372761899,19.2911179032526,0 -90.68212711388971,19.2916024565493,0 -90.68274977802319,19.2923515260199,0 -90.68242115300241,19.2929766565007,0 -90.6817207132745,19.2937141368577,0 -90.68139953911179,19.2949555602842,0 -90.68138989125771,19.2951794641103,0 -90.6813947120387,19.2953849385636,0 -90.67912841831939,19.2964459494366,0 -90.67824241225179,19.2963968136478,0 -90.67816735879468,19.2972870106336,0 -90.6782111180643,19.3008716079778,0 -90.6837719829588,19.3011553047709,0 
							</coordinates>
						</LinearRing>
					</outerBoundaryIs>
				</Polygon>
			</MultiGeometry>
		</Placemark>
		<Placemark id="PV_SANDOM_SOLAR__POLÍGONOS__2182891909392.1">
			<name>PV SANDOM SOLAR</name>
			<styleUrl>#stylemap_id50</styleUrl>
			<MultiGeometry>
				<Polygon>
					<outerBoundaryIs>
						<LinearRing>
							<coordinates>
								-89.7982148371205,19.6830890691636,0 -89.7913869087601,19.6975835710245,0 -89.7906226928849,19.6975242165449,0 -89.78722358168331,19.7025435419001,0 -89.7867499397383,19.7022571045632,0 -89.7863056115183,19.701993204509,0 -89.7853304364502,19.701409685991,0 -89.7789456977751,19.697585565384,0 -89.772655828425,19.6874987660425,0 -89.7726152735826,19.6874337246936,0 -89.7738206652019,19.6827999322889,0 -89.7739924542595,19.682095641329,0 -89.7783804742826,19.6819583534622,0 -89.7786796626487,19.6785250130436,0 -89.7929945637099,19.6793834667548,0 -89.7902742408977,19.6818613118541,0 -89.7931539307374,19.6819735722301,0 -89.79386037755511,19.6823191699939,0 -89.7982148371205,19.6830890691636,0 
							</coordinates>
						</LinearRing>
					</outerBoundaryIs>
				</Polygon>
			</MultiGeometry>
		</Placemark>
		<Placemark id="SAN_SIMÓN_SOLAR__POLÍGONOS__2182891908592.1">
			<name>SAN SIMÓN SOLAR</name>
			<styleUrl>#stylemap_id55</styleUrl>
			<MultiGeometry>
				<Polygon>
					<outerBoundaryIs>
						<LinearRing>
							<coordinates>
								-115.878858415087,30.4824212223567,0 -115.884922679209,30.5023265412653,0 -115.871566976845,30.5054794649936,0 -115.865637247541,30.4860909682643,0 -115.878858415087,30.4824212223567,0 
							</coordinates>
						</LinearRing>
					</outerBoundaryIs>
				</Polygon>
			</MultiGeometry>
		</Placemark>
		<Placemark id="SANTA_GERTRUDIS__POLÍGONOS__2182891908112.1">
			<name>SANTA GERTRUDIS</name>
			<styleUrl>#stylemap_id56</styleUrl>
			<MultiGeometry>
				<Polygon>
					<outerBoundaryIs>
						<LinearRing>
							<coordinates>
								-98.36715121575889,25.4884631346594,0 -98.41808853234498,25.4949217893991,0 -98.41815723840598,25.4944746107748,0 -98.4322575541533,25.496258397071,0 -98.4333197123098,25.4893416569256,0 -98.49133669818471,25.4893245204258,0 -98.4926052909524,25.5413500424956,0 -98.5044510964828,25.5425135347351,0 -98.53894659715419,25.5459067336471,0 -98.5388633706805,25.5926493166109,0 -98.5046265665694,25.5925922348371,0 -98.5044518929087,25.542740684831,0 -98.4876161215419,25.541086789046,0 -98.4876434708125,25.5408592537858,0 -98.4596249166067,25.5380846293076,0 -98.4448703911758,25.5362290605689,0 -98.43218887859481,25.4967055804972,0 -98.4182398190943,25.4949409446629,0 -98.41234304909101,25.5332226746641,0 -98.3783574824227,25.5327613013286,0 -98.37944350520119,25.5238405198468,0 -98.36681778940191,25.5236975658342,0 -98.36715121575889,25.4884631346594,0 
							</coordinates>
						</LinearRing>
					</outerBoundaryIs>
				</Polygon>
			</MultiGeometry>
		</Placemark>
		<Placemark id="SELKA_POWER_PLANT_I__POLÍGONOS__2182891907632.1">
			<name>SELKA POWER PLANT I</name>
			<styleUrl>#stylemap_id57</styleUrl>
			<ExtendedData>
				<SchemaData schemaUrl="#SELKA_POWER_PLANT_I__POLÍGONOS__2182891907632">
					<SimpleData name="descriptio"><![CDATA[<div style="font-family:Arial, Helvetica, sans-serif; width:340px; color:#2a2622;">

  <div style="background:#335955; padding:10px 12px;">
    <span style="color:#e6d194; font-size:10px; letter-spacing:1px;">FICHA TÉCNICA DEL PROYECTO</span><br>
    <s]]></SimpleData>
				</SchemaData>
			</ExtendedData>
			<MultiGeometry>
				<Polygon>
					<outerBoundaryIs>
						<LinearRing>
							<coordinates>
								-101.5433839655,20.8585734526,0 -101.5436208406,20.8526358845,0 -101.5362820179,20.8520372173,0 -101.5368146187,20.8488544353,0 -101.5437126212,20.8493475132,0 -101.5440503694,20.8461913199,0 -101.5457973031,20.8461537038,0 -101.5491848391,20.8418924422,0 -101.5577656183,20.8437361264,0 -101.5582332763,20.8461260357,0 -101.5577622605,20.846439422,0 -101.5600660327,20.8494439897,0 -101.561311242,20.8523924439,0 -101.5433839655,20.8585734526,0 
							</coordinates>
						</LinearRing>
					</outerBoundaryIs>
				</Polygon>
			</MultiGeometry>
		</Placemark>
		<Placemark id="SIERRA_MADRE__EL_CHORRO___2DA_RONDA____POLÍGONOS__2182891907152.1">
			<name>SIERRA MADRE [EL CHORRO] (2DA RONDA)</name>
			<styleUrl>#stylemap_id58</styleUrl>
			<MultiGeometry>
				<Polygon>
					<outerBoundaryIs>
						<LinearRing>
							<coordinates>
								-98.8810667757114,23.6891491718306,0 -98.882532258205,23.6981949570455,0 -98.90043780830889,23.7160876352281,0 -98.8855899059125,23.716575153516,0 -98.8634639597404,23.7156799136209,0 -98.8555381660391,23.7155807784664,0 -98.8426019568263,23.7154181010672,0 -98.8356513012794,23.7153302472921,0 -98.832274325173,23.7152874507951,0 -98.8299496198818,23.7155572893884,0 -98.829572419382,23.7156010692794,0 -98.8259354526289,23.7172703239866,0 -98.8241669329939,23.7174492218159,0 -98.8185108553716,23.71535233392821,0 -98.81596833469601,23.7144096514535,0 -98.8148901448654,23.7145875924962,0 -98.81139739347802,23.7151639701488,0 -98.802283527539,23.7166675544472,0 -98.79066602163492,23.7185833536312,0 -98.7902541596724,23.7185908637062,0 -98.7860486699398,23.7186674856668,0 -98.76903613390111,23.7214921532167,0 -98.75762670517508,23.72344235921589,0 -98.7448918953542,23.7252497983217,0 -98.74468625323171,23.7186088380323,0 -98.73105952594979,23.7156427474666,0 -98.73434564056789,23.6983173861666,0 -98.74338485862582,23.6995400231127,0 -98.7437694459669,23.6984338867857,0 -98.7509249939511,23.6990995677527,0 -98.75225059865798,23.6914548899745,0 -98.75711175126931,23.6919153632909,0 -98.7568703573946,23.6747599507459,0 -98.76146713772168,23.6748817063245,0 -98.76407201235619,23.6678439207817,0 -98.75952723168361,23.6676324362085,0 -98.7622431401023,23.6627041756101,0 -98.7542411842141,23.6621496658457,0 -98.75142297219281,23.6587845999297,0 -98.7516173325625,23.6563854583177,0 -98.75661905686,23.6570084131839,0 -98.7565497565204,23.6543688378318,0 -98.7577054021385,23.6537428138966,0 -98.75922017038781,23.6519556318133,0 -98.76052209921041,23.6499075755419,0 -98.7606893815757,23.6471530476869,0 -98.7574752938189,23.646498368592,0 -98.75779103655822,23.6420552249562,0 -98.7573609828799,23.6417712176447,0 -98.75744640824068,23.6399202285278,0 -98.75664870065719,23.6388800833945,0 -98.75724900326,23.63578322548,0 -98.75771295437551,23.634348385182,0 -98.75735504967739,23.6338661556569,0 -98.75735565881402,23.6335355986751,0 -98.7580125999785,23.6330643991726,0 -98.75848569268371,23.6322245746537,0 -98.7588958036383,23.6321874345092,0 -98.76203190604369,23.6325889464544,0 -98.7680185923837,23.6302058999472,0 -98.76933049358669,23.6270347753175,0 -98.76467966892351,23.621242388047,0 -98.7670671528019,23.6141886116307,0 -98.76533060330972,23.6058019324669,0 -98.76224128399738,23.6070008179446,0 -98.7594254846709,23.604685049657,0 -98.75961331127792,23.5993512667832,0 -98.7981332196423,23.6047949057098,0 -98.81172441271491,23.6067273240519,0 -98.8100697043301,23.6172049521134,0 -98.8280076246198,23.6195979020617,0 -98.8296670447268,23.6090336691937,0 -98.837831871405,23.6101838091348,0 -98.83613773758611,23.6207154827276,0 -98.85130578826301,23.6227852685147,0 -98.8641371970251,23.6245498432344,0 -98.86104484007819,23.6408930371328,0 -98.8568674097868,23.6402410900415,0 -98.85621567776631,23.6444565059923,0 -98.85702866051069,23.644548976672,0 -98.8566143628484,23.647098382503,0 -98.8528650848079,23.6699989463245,0 -98.85459962651719,23.6702760235851,0 -98.8720982075088,23.6724975509983,0 -98.89120880303652,23.6751243410015,0 -98.89005931778399,23.6814529471223,0 -98.8893197265711,23.6820851675724,0 -98.88645381179531,23.6824671605221,0 -98.88408350842218,23.68252871196,0 -98.8831350181724,23.6829240318578,0 -98.8805935859838,23.6857426170305,0 -98.87994890106782,23.68725865137741,0 -98.8803548313897,23.6886051032067,0 -98.88073336730251,23.6888196481596,0 -98.8810667757114,23.6891491718306,0 
							</coordinates>
						</LinearRing>
					</outerBoundaryIs>
				</Polygon>
			</MultiGeometry>
		</Placemark>
		<Placemark id="SOL_DE_SONORA___70__POLÍGONOS__2182891906832.1">
			<name>SOL DE SONORA - 70</name>
			<styleUrl>#stylemap_id59</styleUrl>
			<MultiGeometry>
				<Polygon>
					<outerBoundaryIs>
						<LinearRing>
							<coordinates>
								-111.450941899489,28.7579908867057,0 -111.451017674722,28.7559597624342,0 -111.449328417136,28.7560109720473,0 -111.449433767716,28.7609027671213,0 -111.444502156,28.7600009948934,0 -111.438815195568,28.7600413073079,0 -111.438792303876,28.7545665698292,0 -111.440093964333,28.7490244017682,0 -111.453270811749,28.7489149664307,0 -111.453266334833,28.7510091951111,0 -111.451360162044,28.7509907519337,0 -111.451330913618,28.7537167783321,0 -111.45326039496,28.7537201497996,0 -111.453251047356,28.75801177111351,0 -111.450941899489,28.7579908867057,0 
							</coordinates>
						</LinearRing>
					</outerBoundaryIs>
				</Polygon>
			</MultiGeometry>
		</Placemark>
		<Placemark id="SOLAR_ENERGÍA_TRES_HERMANOS__POLÍGONOS__2182891906352.1">
			<name>SOLAR ENERGÍA TRES HERMANOS</name>
			<styleUrl>#stylemap_id60</styleUrl>
			<ExtendedData>
				<SchemaData schemaUrl="#SOLAR_ENERGÍA_TRES_HERMANOS__POLÍGONOS__2182891906352">
					<SimpleData name="descriptio"><![CDATA[<div style="font-family:Arial, Helvetica, sans-serif; width:340px; color:#2a2622;">

  <div style="background:#335955; padding:10px 12px;">
    <span style="color:#e6d194; font-size:10px; letter-spacing:1px;">FICHA TÉCNICA DEL PROYECTO</span><br>
    <s]]></SimpleData>
				</SchemaData>
			</ExtendedData>
			<MultiGeometry>
				<Polygon>
					<outerBoundaryIs>
						<LinearRing>
							<coordinates>
								-97.9444222220296,19.3407909774155,0 -97.962119168158,19.3513094470778,0 -97.9602556117665,19.3536603768067,0 -97.95283750993849,19.3495983792266,0 -97.94548701021651,19.3575701086567,0 -97.9403720949154,19.347928274027,0 -97.9444222220296,19.3407909774155,0 
							</coordinates>
						</LinearRing>
					</outerBoundaryIs>
				</Polygon>
			</MultiGeometry>
		</Placemark>
		<Placemark id="SOLITARIO__POLÍGONOS__2182891906032.1">
			<name>SOLITARIO</name>
			<styleUrl>#stylemap_id61</styleUrl>
			<MultiGeometry>
				<Polygon>
					<outerBoundaryIs>
						<LinearRing>
							<coordinates>
								-114.834863660366,32.3521719614599,0 -114.835139830837,32.3612240064613,0 -114.80709110605,32.3618680013731,0 -114.807595762045,32.3409597330146,0 -114.827304274033,32.3413008524796,0 -114.827047520728,32.35203749166,0 -114.834863660366,32.3521719614599,0 
							</coordinates>
						</LinearRing>
					</outerBoundaryIs>
				</Polygon>
			</MultiGeometry>
		</Placemark>
		<Placemark id="SUNORA__POLÍGONOS__2182891905552.1">
			<name>SUNORA</name>
			<styleUrl>#stylemap_id62</styleUrl>
			<MultiGeometry>
				<Polygon>
					<outerBoundaryIs>
						<LinearRing>
							<coordinates>
								-110.9234859052,28.8868570602,0 -110.9546347375,28.887020528,0 -110.951646147,28.8964180186,0 -110.947123025,28.898246994,0 -110.9471190746,28.9011841761,0 -110.9394974844,28.9038989252,0 -110.9351826626,28.9051471947,0 -110.9234889829,28.9081163306,0 -110.9234859052,28.8868570602,0 
							</coordinates>
						</LinearRing>
					</outerBoundaryIs>
				</Polygon>
			</MultiGeometry>
		</Placemark>
		<Placemark id="TIKINMUL__POLÍGONOS__2182891905232.1">
			<name>TIKINMUL</name>
			<styleUrl>#stylemap_id63</styleUrl>
			<MultiGeometry>
				<Polygon>
					<outerBoundaryIs>
						<LinearRing>
							<coordinates>
								-90.2585820941687,19.7596714930955,0 -90.25490849227279,19.7830875083965,0 -90.25246318784961,19.7830787825417,0 -90.2541696780193,19.7687792780686,0 -90.25520529767481,19.760953076279,0 -90.2554530488396,19.7595782596667,0 -90.2584330237638,19.7466389635875,0 -90.27264440218842,19.7468434487414,0 -90.27353417589291,19.759937059392,0 -90.2585820941687,19.7596714930955,0 
							</coordinates>
						</LinearRing>
					</outerBoundaryIs>
				</Polygon>
			</MultiGeometry>
		</Placemark>
		<Placemark id="VIENTO_DE_BELLA_UNIÓN__POLÍGONOS__2182891904592.1">
			<name>VIENTO DE BELLA UNIÓN</name>
			<styleUrl>#stylemap_id64</styleUrl>
			<MultiGeometry>
				<Polygon>
					<outerBoundaryIs>
						<LinearRing>
							<coordinates>
								-100.791700750503,25.2940173372041,0 -100.794224355579,25.2976024159244,0 -100.78991662455,25.297207562927,0 -100.789939308618,25.2956286190098,0 -100.786500108347,25.2955610136747,0 -100.786820115985,25.3091159494119,0 -100.779189686953,25.3092948415812,0 -100.778612379957,25.307887116868,0 -100.778285584019,25.2975576364814,0 -100.781336173204,25.2938524894013,0 -100.786434457253,25.2937311437803,0 -100.786473042048,25.2944794122869,0 -100.789833119571,25.2945566157841,0 -100.789941121885,25.2944213350019,0 -100.790563659924,25.2944985775344,0 -100.790630831958,25.293862905343,0 -100.791700750503,25.2940173372041,0 
							</coordinates>
						</LinearRing>
					</outerBoundaryIs>
				</Polygon>
			</MultiGeometry>
		</Placemark>
		<atom:link rel="app" href="https://www.google.com/earth/about/versions/#earth-pro" title="Google Earth Pro 7.3.7.1327"></atom:link>
	</Folder>
</Document>
</kml>
