{"type":"FeatureCollection","features":[{"type":"Feature","properties":{"nombre":"Cuicatlán, Mazateca, Tehuacan y Zongolica"},"geometry":{"type":"MultiPolygon","coordinates":[[[[-97.59778,18.76269],[-97.59383,18.76273],[-97.59107,18.76191],[-97.59003,18.76072],[-97.58044,18.76001],[-97.57772,18.75759],[-97.57752,18.75281],[-97.56797,18.7514],[-97.56323,18.7482],[-97.55785,18.74231],[-97.55536,18.74125],[-97.55138,18.74091],[-97.54799,18.7418],[-97.54236,18.74768],[-97.53937,18.74689],[-97.53622,18.74767],[-97.53102,18.74457],[-97.52542,18.74385],[-97.52544,18.73705],[-97.5235,18.73062],[-97.52466,18.72812],[-97.52355,18.72649],[-97.52641,18.72353],[-97.52502,18.72149],[-97.52426,18.7156],[-97.52472,18.71295],[-97.52332,18.70965],[-97.50883,18.71555],[-97.50513,18.71159],[-97.50397,18.7116],[-97.50054,18.70826],[-97.49697,18.70614],[-97.48944,18.69902],[-97.4895,18.69583],[-97.49221,18.69098],[-97.4927,18.6857],[-97.49383,18.68288],[-97.49667,18.68435],[-97.49826,18.68419],[-97.50506,18.67496],[-97.50525,18.67053],[-97.50804,18.66681],[-97.50896,18.66196],[-97.50987,18.66163],[-97.51223,18.66294],[-97.51427,18.66271],[-97.51551,18.66131],[-97.51712,18.66137],[-97.51808,18.66049],[-97.51929,18.65498],[-97.51838,18.64968],[-97.51674,18.64862],[-97.51762,18.64471],[-97.51914,18.64178],[-97.52076,18.64095],[-97.5203,18.63972],[-97.52323,18.63542],[-97.53016,18.62889],[-97.53249,18.62513],[-97.53936,18.62133],[-97.54872,18.62338],[-97.55103,18.61854],[-97.55723,18.61587],[-97.56299,18.60821],[-97.57406,18.60187],[-97.57402,18.601],[-97.57157,18.59956],[-97.57642,18.59711],[-97.58204,18.59701],[-97.5886,18.59519],[-97.58821,18.59413],[-97.58878,18.5939],[-97.58989,18.59495],[-97.59094,18.59329],[-97.59249,18.59307],[-97.59266,18.59236],[-97.59807,18.59239],[-97.59871,18.58986],[-97.6031,18.59081],[-97.60376,18.58827],[-97.6096,18.58961],[-97.60864,18.59214],[-97.61193,18.59577],[-97.6162,18.5982],[-97.62262,18.59914],[-97.62449,18.59856],[-97.6251,18.59226],[-97.62146,18.5872],[-97.63902,18.59385],[-97.63645,18.58814],[-97.63666,18.58533],[-97.63431,18.57823],[-97.63207,18.57472],[-97.63015,18.56699],[-97.63194,18.56468],[-97.63459,18.56319],[-97.6383,18.56252],[-97.63855,18.56186],[-97.63945,18.56234],[-97.64282,18.55855],[-97.6415,18.55362],[-97.64316,18.54569],[-97.64711,18.53838],[-97.64728,18.53359],[-97.64693,18.53087],[-97.64501,18.53018],[-97.64502,18.51691],[-97.63904,18.51338],[-97.63649,18.51],[-97.63686,18.50785],[-97.6399,18.50351],[-97.64405,18.50468],[-97.648,18.50289],[-97.65025,18.50292],[-97.65079,18.50673],[-97.65277,18.51082],[-97.65277,18.51492],[-97.65489,18.51708],[-97.65838,18.51666],[-97.6538,18.52505],[-97.65351,18.5267],[-97.65435,18.52852],[-97.65378,18.53052],[-97.64959,18.53959],[-97.64972,18.54533],[-97.65238,18.54915],[-97.65226,18.55102],[-97.65554,18.54845],[-97.6567,18.54588],[-97.65933,18.54407],[-97.66038,18.54119],[-97.66246,18.54394],[-97.66232,18.54695],[-97.66413,18.54888],[-97.6643,18.55099],[-97.67057,18.55964],[-97.6724,18.57294],[-97.68049,18.56828],[-97.68178,18.56719],[-97.68226,18.5655],[-97.68705,18.56422],[-97.68841,18.5627],[-97.69111,18.56253],[-97.69867,18.56669],[-97.70368,18.56654],[-97.71593,18.57203],[-97.71906,18.57037],[-97.72167,18.57015],[-97.72675,18.56725],[-97.74393,18.57574],[-97.7507,18.57721],[-97.74434,18.57999],[-97.74292,18.58518],[-97.74077,18.58762],[-97.73858,18.58797],[-97.74558,18.59366],[-97.74799,18.59402],[-97.75785,18.60111],[-97.75986,18.60391],[-97.75841,18.60696],[-97.75919,18.61149],[-97.75775,18.62295],[-97.75681,18.62484],[-97.75584,18.62437],[-97.75258,18.63152],[-97.75182,18.6312],[-97.73831,18.66277],[-97.73092,18.66139],[-97.72542,18.65923],[-97.72025,18.67109],[-97.72355,18.67395],[-97.72038,18.678],[-97.72479,18.67612],[-97.72519,18.67986],[-97.71937,18.68744],[-97.7208,18.6896],[-97.71816,18.69235],[-97.71734,18.69179],[-97.71368,18.69655],[-97.71848,18.70085],[-97.71907,18.70327],[-97.71399,18.70344],[-97.70822,18.70861],[-97.71003,18.71191],[-97.7111,18.71668],[-97.70777,18.71732],[-97.70592,18.71668],[-97.70269,18.71074],[-97.69882,18.70733],[-97.69678,18.70967],[-97.69519,18.70804],[-97.69344,18.70907],[-97.69152,18.70747],[-97.68935,18.70817],[-97.68044,18.70542],[-97.67819,18.70622],[-97.6763,18.70584],[-97.67265,18.7133],[-97.67574,18.72402],[-97.66975,18.73226],[-97.66983,18.73335],[-97.66547,18.72853],[-97.66024,18.73301],[-97.65661,18.72398],[-97.65574,18.71823],[-97.64985,18.72125],[-97.64698,18.7236],[-97.63588,18.73319],[-97.63358,18.73645],[-97.62696,18.73718],[-97.62211,18.74065],[-97.62064,18.73953],[-97.62011,18.7473],[-97.61135,18.75201],[-97.61013,18.75124],[-97.6055,18.75216],[-97.60606,18.75426],[-97.60945,18.7533],[-97.60876,18.75733],[-97.61,18.75747],[-97.60887,18.75794],[-97.60813,18.76264],[-97.60671,18.76511],[-97.604,18.76589],[-97.60152,18.76553],[-97.59778,18.76269]]]]}},{"type":"Feature","properties":{"nombre":"Cuicatlán, Mazateca, Tehuacan y Zongolica"},"geometry":{"type":"MultiPolygon","coordinates":[[[[-97.11569,18.15445],[-97.1239,18.16246],[-97.13389,18.15772],[-97.13864,18.1671],[-97.13786,18.16833],[-97.13811,18.16968],[-97.13398,18.17075],[-97.13445,18.17152],[-97.13339,18.17268],[-97.13382,18.17413],[-97.14051,18.17333],[-97.14403,18.16343],[-97.14462,18.166],[-97.14368,18.16803],[-97.14416,18.16913],[-97.14575,18.17002],[-97.15077,18.17673],[-97.15412,18.17977],[-97.15425,18.18159],[-97.15887,18.18494],[-97.16147,18.18521],[-97.16197,18.18649],[-97.16101,18.18975],[-97.16403,18.1913],[-97.16382,18.19395],[-97.16718,18.19417],[-97.16689,18.19621],[-97.16814,18.19792],[-97.16737,18.2009],[-97.18339,18.19901],[-97.19235,18.19237],[-97.18722,18.17516],[-97.20522,18.17148],[-97.21435,18.16367],[-97.21732,18.16443],[-97.22005,18.16902],[-97.22166,18.16913],[-97.22357,18.17084],[-97.22504,18.17424],[-97.22759,18.17359],[-97.22867,18.17459],[-97.22936,18.17403],[-97.22899,18.17216],[-97.23165,18.17241],[-97.23278,18.17033],[-97.23395,18.17052],[-97.23477,18.17208],[-97.23701,18.1732],[-97.23828,18.17153],[-97.24269,18.17131],[-97.24375,18.17011],[-97.24444,18.16678],[-97.24641,18.16835],[-97.24572,18.16965],[-97.24715,18.16966],[-97.24749,18.16765],[-97.25056,18.16533],[-97.25203,18.16561],[-97.25168,18.16685],[-97.25223,18.16716],[-97.25469,18.16492],[-97.25488,18.16298],[-97.25797,18.16413],[-97.25959,18.1638],[-97.26112,18.1623],[-97.26527,18.16116],[-97.26627,18.15855],[-97.26942,18.15925],[-97.27652,18.1568],[-97.27751,18.15728],[-97.27893,18.16023],[-97.28048,18.16073],[-97.28508,18.15857],[-97.28873,18.15997],[-97.29255,18.15905],[-97.29671,18.16007],[-97.2977,18.1595],[-97.29811,18.15779],[-97.30149,18.15739],[-97.30341,18.15908],[-97.30412,18.15674],[-97.30854,18.15609],[-97.30962,18.15331],[-97.3119,18.15228],[-97.31236,18.15067],[-97.31617,18.14759],[-97.31749,18.14762],[-97.31844,18.14578],[-97.32022,18.14657],[-97.3242,18.14497],[-97.33219,18.14541],[-97.33513,18.14182],[-97.335,18.13932],[-97.33591,18.13733],[-97.33802,18.13634],[-97.33967,18.13019],[-97.34154,18.12932],[-97.34295,18.12656],[-97.34569,18.12573],[-97.34629,18.12447],[-97.34829,18.12346],[-97.35276,18.12325],[-97.35288,18.12461],[-97.3545,18.12488],[-97.35575,18.12653],[-97.35714,18.12687],[-97.35748,18.12823],[-97.35887,18.12765],[-97.3597,18.12884],[-97.36089,18.12888],[-97.36095,18.13043],[-97.36327,18.13249],[-97.36379,18.13378],[-97.36248,18.13566],[-97.3637,18.13624],[-97.36359,18.13748],[-97.3647,18.13859],[-97.36656,18.14393],[-97.36664,18.14508],[-97.36539,18.14656],[-97.36618,18.14743],[-97.36596,18.14875],[-97.36906,18.15295],[-97.3701,18.15695],[-97.37144,18.15775],[-97.37304,18.16051],[-97.37506,18.1611],[-97.37662,18.16326],[-97.37572,18.16723],[-97.3766,18.17082],[-97.37611,18.17254],[-97.37761,18.17826],[-97.37634,18.1823],[-97.37527,18.18311],[-97.37617,18.18622],[-97.37874,18.18735],[-97.38692,18.18626],[-97.38661,18.19084],[-97.38521,18.19082],[-97.38542,18.19179],[-97.38357,18.19219],[-97.38386,18.19725],[-97.3829,18.19821],[-97.38365,18.20165],[-97.38504,18.20297],[-97.38612,18.20583],[-97.38469,18.20606],[-97.38374,18.20774],[-97.38253,18.20775],[-97.37994,18.2101],[-97.37855,18.21014],[-97.37602,18.21317],[-97.37719,18.21637],[-97.37685,18.21772],[-97.38146,18.22524],[-97.38069,18.22698],[-97.38248,18.23169],[-97.38783,18.23416],[-97.38755,18.23471],[-97.38986,18.23681],[-97.38991,18.23372],[-97.39295,18.23356],[-97.39598,18.23183],[-97.3979,18.23173],[-97.39942,18.23339],[-97.40178,18.23398],[-97.40599,18.23387],[-97.40781,18.23803],[-97.40912,18.2346],[-97.41073,18.23431],[-97.41282,18.23536],[-97.41597,18.23842],[-97.41743,18.24343],[-97.41952,18.24507],[-97.41911,18.24759],[-97.42096,18.24952],[-97.42034,18.25228],[-97.41962,18.25265],[-97.42062,18.25716],[-97.42181,18.25784],[-97.42224,18.26398],[-97.42152,18.26456],[-97.42272,18.26742],[-97.42788,18.26786],[-97.42846,18.26981],[-97.42981,18.27097],[-97.42875,18.27297],[-97.42922,18.27356],[-97.42826,18.27583],[-97.42887,18.27911],[-97.42828,18.27981],[-97.43016,18.2847],[-97.4299,18.28772],[-97.43131,18.2905],[-97.42963,18.29256],[-97.42979,18.29424],[-97.42847,18.29448],[-97.42774,18.29558],[-97.42882,18.29689],[-97.42799,18.2976],[-97.42932,18.3004],[-97.42779,18.30497],[-97.42606,18.30514],[-97.42645,18.3084],[-97.42535,18.3089],[-97.42402,18.31287],[-97.42301,18.31309],[-97.42208,18.31468],[-97.42271,18.31493],[-97.4215,18.31577],[-97.4214,18.31763],[-97.41717,18.319],[-97.41574,18.31726],[-97.4143,18.31851],[-97.41483,18.31962],[-97.41332,18.32256],[-97.4141,18.32321],[-97.41402,18.3277],[-97.41493,18.32901],[-97.41504,18.33113],[-97.41358,18.33338],[-97.42045,18.33897],[-97.42446,18.34108],[-97.42667,18.3491],[-97.42599,18.35201],[-97.42229,18.35911],[-97.42271,18.36265],[-97.42055,18.36351],[-97.41697,18.36714],[-97.41913,18.36658],[-97.41971,18.36707],[-97.41907,18.36895],[-97.41976,18.36961],[-97.42297,18.36854],[-97.42408,18.36945],[-97.42662,18.36834],[-97.42874,18.3743],[-97.42847,18.38311],[-97.43089,18.39175],[-97.43063,18.39305],[-97.42702,18.39702],[-97.42562,18.40137],[-97.42314,18.40193],[-97.41749,18.40108],[-97.41436,18.40204],[-97.41372,18.40317],[-97.41371,18.40832],[-97.41826,18.41014],[-97.42008,18.4133],[-97.42281,18.41337],[-97.43101,18.41637],[-97.43202,18.41831],[-97.44016,18.41804],[-97.44498,18.42067],[-97.44746,18.41773],[-97.45018,18.41653],[-97.4505,18.41543],[-97.4564,18.41839],[-97.4581,18.41857],[-97.45984,18.41752],[-97.46179,18.41855],[-97.46648,18.41836],[-97.4754,18.41574],[-97.47809,18.41321],[-97.48042,18.41226],[-97.49082,18.40999],[-97.4886,18.40204],[-97.49261,18.39519],[-97.49286,18.39322],[-97.49208,18.39154],[-97.49266,18.39012],[-97.49629,18.38668],[-97.50034,18.3848],[-97.5017,18.38249],[-97.50532,18.38161],[-97.50649,18.38015],[-97.50906,18.3805],[-97.5103,18.37992],[-97.51007,18.37599],[-97.51141,18.37409],[-97.51127,18.37246],[-97.5135,18.36811],[-97.51382,18.36488],[-97.51582,18.35967],[-97.51979,18.35317],[-97.52241,18.35244],[-97.52196,18.35044],[-97.52292,18.35032],[-97.52468,18.35249],[-97.52407,18.35414],[-97.52444,18.35509],[-97.52566,18.35539],[-97.52877,18.35253],[-97.52968,18.34995],[-97.54109,18.34724],[-97.54036,18.34557],[-97.54928,18.3451],[-97.55475,18.34255],[-97.55857,18.33718],[-97.55977,18.33654],[-97.56088,18.33376],[-97.56058,18.32996],[-97.55966,18.32959],[-97.56053,18.32616],[-97.55966,18.325],[-97.56396,18.32388],[-97.5712,18.32436],[-97.58348,18.32786],[-97.58734,18.32997],[-97.59066,18.33362],[-97.59069,18.3353],[-97.59169,18.3366],[-97.59125,18.33929],[-97.59293,18.34249],[-97.59003,18.34443],[-97.59006,18.34593],[-97.58888,18.34685],[-97.58522,18.34698],[-97.58529,18.34853],[-97.58688,18.34975],[-97.58654,18.35088],[-97.58913,18.35211],[-97.58914,18.35535],[-97.5919,18.359],[-97.59219,18.36127],[-97.5948,18.36222],[-97.59786,18.36526],[-97.59983,18.36993],[-97.60164,18.37143],[-97.59899,18.37141],[-97.59915,18.37359],[-97.60197,18.37581],[-97.60211,18.37873],[-97.60434,18.38317],[-97.60747,18.38729],[-97.61006,18.38923],[-97.60584,18.39031],[-97.61008,18.39076],[-97.61119,18.39219],[-97.61179,18.39425],[-97.61061,18.39733],[-97.61274,18.3993],[-97.60855,18.40437],[-97.61658,18.41671],[-97.62315,18.42007],[-97.62592,18.42809],[-97.62388,18.42919],[-97.62349,18.43062],[-97.6209,18.43209],[-97.61996,18.43372],[-97.61245,18.43358],[-97.61101,18.43429],[-97.60998,18.43678],[-97.61112,18.4392],[-97.60976,18.44118],[-97.60671,18.44185],[-97.6058,18.44337],[-97.60152,18.44489],[-97.5968,18.45467],[-97.59415,18.45821],[-97.59501,18.45904],[-97.59416,18.45932],[-97.59148,18.46784],[-97.58772,18.47268],[-97.5908,18.47126],[-97.59466,18.47078],[-97.59798,18.47104],[-97.60199,18.47315],[-97.60384,18.47309],[-97.60852,18.46704],[-97.61232,18.47086],[-97.61623,18.47092],[-97.61739,18.47178],[-97.62134,18.47154],[-97.62229,18.47596],[-97.62158,18.47704],[-97.623,18.47796],[-97.62039,18.47971],[-97.62035,18.48242],[-97.6263,18.48345],[-97.62904,18.48231],[-97.63095,18.48444],[-97.63478,18.48565],[-97.63581,18.4878],[-97.6358,18.49206],[-97.63798,18.49733],[-97.63723,18.50076],[-97.63763,18.50253],[-97.62618,18.50516],[-97.62528,18.50867],[-97.62009,18.51224],[-97.61898,18.51237],[-97.61838,18.5109],[-97.6157,18.5106],[-97.61486,18.50923],[-97.61254,18.50834],[-97.6112,18.50596],[-97.60936,18.50694],[-97.60769,18.50996],[-97.60624,18.51102],[-97.60137,18.51245],[-97.59828,18.51197],[-97.59611,18.51305],[-97.59395,18.51232],[-97.59377,18.51388],[-97.5918,18.51483],[-97.59215,18.51736],[-97.59099,18.51962],[-97.58255,18.52516],[-97.57859,18.53086],[-97.57475,18.53382],[-97.57141,18.53386],[-97.56097,18.54005],[-97.55954,18.5384],[-97.55888,18.53916],[-97.54489,18.54007],[-97.54437,18.54439],[-97.51941,18.5278],[-97.51841,18.52842],[-97.51867,18.5229],[-97.53263,18.51334],[-97.54818,18.51147],[-97.55042,18.50888],[-97.54855,18.50782],[-97.54852,18.50528],[-97.54746,18.50408],[-97.54759,18.50132],[-97.54308,18.50123],[-97.54182,18.49886],[-97.54439,18.49026],[-97.54643,18.48774],[-97.5497,18.4782],[-97.5458,18.47801],[-97.54555,18.47619],[-97.54669,18.47255],[-97.5522,18.46991],[-97.54938,18.46512],[-97.54671,18.46392],[-97.54224,18.4661],[-97.54253,18.46015],[-97.54154,18.458],[-97.53425,18.45282],[-97.53112,18.44629],[-97.52632,18.44403],[-97.52385,18.44461],[-97.52372,18.44372],[-97.52103,18.44317],[-97.51955,18.44405],[-97.51765,18.4433],[-97.51685,18.44174],[-97.51273,18.44525],[-97.50384,18.44948],[-97.50271,18.45106],[-97.50217,18.45514],[-97.49889,18.4513],[-97.49881,18.44818],[-97.49818,18.4498],[-97.49515,18.45278],[-97.4934,18.45697],[-97.49031,18.45792],[-97.48975,18.45954],[-97.48897,18.45972],[-97.48854,18.4615],[-97.48944,18.46336],[-97.4879,18.46609],[-97.48525,18.4656],[-97.48602,18.46805],[-97.48561,18.47025],[-97.47886,18.47611],[-97.47787,18.47564],[-97.47635,18.47885],[-97.47458,18.47935],[-97.47404,18.4823],[-97.46906,18.48232],[-97.46801,18.49252],[-97.46063,18.48809],[-97.46101,18.48699],[-97.45651,18.48401],[-97.45633,18.48743],[-97.45733,18.48799],[-97.45684,18.49012],[-97.45791,18.49075],[-97.4576,18.49414],[-97.46215,18.49715],[-97.46274,18.49975],[-97.46862,18.50153],[-97.47316,18.50532],[-97.47846,18.50807],[-97.47831,18.50995],[-97.47729,18.5109],[-97.47939,18.51172],[-97.47851,18.51503],[-97.4837,18.5169],[-97.49875,18.52703],[-97.49535,18.53562],[-97.5039,18.54134],[-97.50646,18.5488],[-97.50604,18.55514],[-97.49981,18.56272],[-97.49586,18.56562],[-97.48422,18.55939],[-97.48094,18.55931],[-97.48027,18.55755],[-97.47708,18.55429],[-97.47308,18.55204],[-97.47355,18.54805],[-97.47077,18.54371],[-97.46824,18.54195],[-97.46389,18.54246],[-97.46294,18.5385],[-97.45941,18.53531],[-97.45372,18.53269],[-97.45463,18.52805],[-97.45383,18.52266],[-97.45423,18.50305],[-97.45208,18.50218],[-97.44976,18.49757],[-97.451,18.49742],[-97.44864,18.49602],[-97.44932,18.49378],[-97.44842,18.49323],[-97.44695,18.49241],[-97.44629,18.49466],[-97.43254,18.49266],[-97.42453,18.52438],[-97.42046,18.51733],[-97.41344,18.51845],[-97.41286,18.51568],[-97.40935,18.51587],[-97.40526,18.50013],[-97.40075,18.50038],[-97.39315,18.50453],[-97.39211,18.51028],[-97.39106,18.51137],[-97.39032,18.51432],[-97.39399,18.51887],[-97.39386,18.52464],[-97.39263,18.52644],[-97.39291,18.53766],[-97.38847,18.54224],[-97.38249,18.54213],[-97.37732,18.54769],[-97.37397,18.54994],[-97.37297,18.55195],[-97.36744,18.54909],[-97.36514,18.55103],[-97.3624,18.55159],[-97.35661,18.55069],[-97.35673,18.55331],[-97.35526,18.55713],[-97.3559,18.56154],[-97.35436,18.56528],[-97.35018,18.56781],[-97.34399,18.57542],[-97.3442,18.5802],[-97.34174,18.58816],[-97.33883,18.58677],[-97.33735,18.58752],[-97.33489,18.5862],[-97.33024,18.58598],[-97.31749,18.5893],[-97.3146,18.59095],[-97.31923,18.57814],[-97.31241,18.57277],[-97.31058,18.57518],[-97.30709,18.57683],[-97.30661,18.5817],[-97.30117,18.58731],[-97.29717,18.58748],[-97.29329,18.5844],[-97.29162,18.58458],[-97.28992,18.58552],[-97.28926,18.58799],[-97.28737,18.58999],[-97.28372,18.59236],[-97.28222,18.59247],[-97.27904,18.59565],[-97.27875,18.5964],[-97.28005,18.59596],[-97.28111,18.59749],[-97.28393,18.59461],[-97.28572,18.59503],[-97.28888,18.59422],[-97.29253,18.59559],[-97.29347,18.59723],[-97.29119,18.60216],[-97.28437,18.60619],[-97.28096,18.60712],[-97.28104,18.6083],[-97.28069,18.60772],[-97.27668,18.61033],[-97.27274,18.61084],[-97.27068,18.60921],[-97.26971,18.6105],[-97.27084,18.6156],[-97.27384,18.62117],[-97.27455,18.62445],[-97.27393,18.62462],[-97.27515,18.62615],[-97.27364,18.6331],[-97.2744,18.63498],[-97.27833,18.63766],[-97.27918,18.64015],[-97.27803,18.64335],[-97.28093,18.64752],[-97.28187,18.65249],[-97.288,18.65361],[-97.29121,18.65546],[-97.29259,18.6574],[-97.292,18.65861],[-97.29342,18.66028],[-97.29285,18.66231],[-97.29348,18.66404],[-97.29468,18.66496],[-97.29713,18.6642],[-97.29799,18.66647],[-97.29796,18.66952],[-97.3032,18.67429],[-97.30571,18.67222],[-97.30947,18.67378],[-97.31198,18.67138],[-97.31321,18.67146],[-97.31462,18.66936],[-97.3161,18.6695],[-97.31502,18.66663],[-97.31815,18.66715],[-97.32318,18.66431],[-97.3254,18.66906],[-97.32956,18.67129],[-97.3304,18.67314],[-97.33058,18.67544],[-97.32816,18.67755],[-97.33113,18.67951],[-97.33103,18.68312],[-97.33482,18.67911],[-97.33726,18.67859],[-97.33821,18.68127],[-97.34397,18.68576],[-97.34038,18.69345],[-97.34279,18.69639],[-97.34438,18.69676],[-97.34501,18.6984],[-97.342,18.70236],[-97.3422,18.7059],[-97.34611,18.70961],[-97.3457,18.71065],[-97.34796,18.71351],[-97.34848,18.71568],[-97.34968,18.71633],[-97.34927,18.71698],[-97.35003,18.71714],[-97.34693,18.72079],[-97.34705,18.72217],[-97.34554,18.72245],[-97.34215,18.72582],[-97.34719,18.72744],[-97.34554,18.73388],[-97.33951,18.74241],[-97.34153,18.74162],[-97.34331,18.74553],[-97.3436,18.74858],[-97.34439,18.749],[-97.33947,18.75838],[-97.34035,18.75865],[-97.3368,18.76009],[-97.33783,18.76068],[-97.3347,18.76172],[-97.33457,18.76246],[-97.33119,18.76244],[-97.33079,18.76391],[-97.32663,18.7665],[-97.32538,18.76652],[-97.32464,18.76485],[-97.31873,18.76522],[-97.31216,18.7691],[-97.30547,18.76968],[-97.30358,18.77178],[-97.30009,18.773],[-97.29705,18.77268],[-97.29617,18.77094],[-97.2932,18.76976],[-97.2913,18.76671],[-97.28752,18.76521],[-97.28517,18.76268],[-97.28306,18.76431],[-97.28067,18.76338],[-97.28131,18.76541],[-97.27776,18.76742],[-97.27894,18.77264],[-97.2781,18.77408],[-97.27386,18.77409],[-97.27263,18.77225],[-97.27126,18.77256],[-97.26998,18.7714],[-97.26963,18.77311],[-97.26872,18.77253],[-97.26822,18.77315],[-97.2688,18.77356],[-97.26775,18.77391],[-97.26826,18.77463],[-97.26765,18.77631],[-97.26587,18.77825],[-97.2565,18.78244],[-97.25275,18.78322],[-97.24888,18.78549],[-97.2451,18.7851],[-97.24092,18.78784],[-97.23555,18.78844],[-97.23557,18.79022],[-97.23416,18.78921],[-97.22882,18.7917],[-97.22592,18.79129],[-97.22292,18.79199],[-97.2209,18.79069],[-97.21759,18.79088],[-97.21462,18.78852],[-97.2109,18.78754],[-97.21207,18.78531],[-97.21144,18.78316],[-97.20813,18.78183],[-97.20595,18.78272],[-97.20687,18.78073],[-97.20654,18.77963],[-97.20484,18.77881],[-97.20522,18.77806],[-97.20394,18.77755],[-97.20187,18.77988],[-97.19952,18.77842],[-97.20117,18.77607],[-97.19727,18.77407],[-97.19429,18.76988],[-97.19697,18.76278],[-97.19589,18.75871],[-97.19229,18.7593],[-97.18771,18.75704],[-97.18016,18.75868],[-97.17826,18.75782],[-97.17431,18.75878],[-97.17442,18.76191],[-97.17272,18.76276],[-97.16636,18.76397],[-97.16174,18.7637],[-97.16248,18.77189],[-97.15934,18.77675],[-97.16111,18.77911],[-97.16269,18.77862],[-97.1782,18.78651],[-97.18213,18.78634],[-97.184,18.78522],[-97.18601,18.78861],[-97.1844,18.79024],[-97.18395,18.79487],[-97.18272,18.79556],[-97.18486,18.79754],[-97.18751,18.7942],[-97.19231,18.79069],[-97.19324,18.79152],[-97.19186,18.79223],[-97.19281,18.79321],[-97.19453,18.79162],[-97.19776,18.79374],[-97.19586,18.79589],[-97.19594,18.8014],[-97.20029,18.80555],[-97.19772,18.80798],[-97.19555,18.80709],[-97.19535,18.80932],[-97.19418,18.81032],[-97.1952,18.81094],[-97.19472,18.81336],[-97.18982,18.81237],[-97.18807,18.81724],[-97.18582,18.8157],[-97.1859,18.81503],[-97.18382,18.81554],[-97.1827,18.81403],[-97.17964,18.81416],[-97.17731,18.81604],[-97.17538,18.81461],[-97.17684,18.81387],[-97.17385,18.81069],[-97.17513,18.80983],[-97.17341,18.80845],[-97.17012,18.80971],[-97.16859,18.80628],[-97.16728,18.80685],[-97.1678,18.80886],[-97.16679,18.80967],[-97.16641,18.80545],[-97.16455,18.80459],[-97.16151,18.80514],[-97.14328,18.79673],[-97.14033,18.796],[-97.13177,18.79642],[-97.12077,18.80736],[-97.12084,18.80917],[-97.12238,18.81014],[-97.12278,18.81242],[-97.11856,18.81434],[-97.11287,18.81507],[-97.10686,18.81703],[-97.10113,18.82176],[-97.09757,18.82099],[-97.09723,18.82278],[-97.09508,18.82423],[-97.09612,18.82475],[-97.09535,18.82577],[-97.09633,18.82658],[-97.09666,18.82955],[-97.09843,18.82942],[-97.09837,18.83119],[-97.09688,18.83126],[-97.09713,18.83277],[-97.10086,18.83267],[-97.10226,18.83438],[-97.10414,18.83443],[-97.11018,18.83202],[-97.1133,18.83507],[-97.11277,18.83593],[-97.11365,18.83646],[-97.11323,18.83715],[-97.11554,18.83721],[-97.11576,18.84008],[-97.11812,18.84288],[-97.12537,18.84242],[-97.12555,18.84504],[-97.13091,18.8447],[-97.13183,18.85366],[-97.13527,18.85478],[-97.13766,18.85345],[-97.14085,18.85321],[-97.1417,18.85212],[-97.14227,18.84678],[-97.14575,18.84641],[-97.14768,18.85265],[-97.14999,18.85534],[-97.15004,18.85827],[-97.15264,18.85839],[-97.1576,18.8656],[-97.16556,18.85844],[-97.16943,18.85827],[-97.17098,18.86016],[-97.17203,18.86011],[-97.17292,18.86232],[-97.17725,18.86347],[-97.17988,18.86145],[-97.18054,18.85689],[-97.19117,18.86808],[-97.19316,18.86758],[-97.19704,18.87027],[-97.19864,18.86946],[-97.19821,18.8708],[-97.20061,18.87112],[-97.20224,18.87241],[-97.20483,18.87223],[-97.20467,18.87493],[-97.20287,18.87666],[-97.20406,18.87789],[-97.20698,18.88636],[-97.21253,18.89249],[-97.21232,18.89581],[-97.21379,18.89795],[-97.21431,18.90213],[-97.21665,18.9065],[-97.21802,18.91167],[-97.21688,18.91148],[-97.21509,18.91263],[-97.21275,18.91593],[-97.21077,18.91554],[-97.20754,18.91764],[-97.20718,18.91687],[-97.20454,18.91729],[-97.20276,18.9167],[-97.20294,18.91729],[-97.20131,18.91626],[-97.19737,18.91624],[-97.18931,18.91139],[-97.17908,18.92919],[-97.1767,18.92322],[-97.17332,18.92216],[-97.17024,18.9197],[-97.16342,18.91791],[-97.15783,18.91273],[-97.15498,18.91158],[-97.15052,18.91115],[-97.14767,18.91227],[-97.14582,18.91209],[-97.14428,18.9109],[-97.13987,18.90964],[-97.13814,18.90727],[-97.13298,18.90637],[-97.13326,18.90562],[-97.12707,18.90549],[-97.11592,18.87903],[-97.11076,18.87135],[-97.10624,18.88168],[-97.10671,18.88529],[-97.106,18.88613],[-97.10633,18.88458],[-97.10463,18.88329],[-97.10163,18.88345],[-97.10073,18.8808],[-97.09762,18.88029],[-97.0971,18.87871],[-97.0958,18.87778],[-97.09042,18.87595],[-97.08952,18.87629],[-97.08727,18.8804],[-97.08442,18.88052],[-97.08409,18.8832],[-97.07899,18.88603],[-97.08035,18.88953],[-97.08258,18.89172],[-97.08204,18.89336],[-97.06586,18.89065],[-97.06483,18.89343],[-97.06309,18.89468],[-97.06356,18.89582],[-97.06186,18.89998],[-97.06332,18.90535],[-97.06389,18.91431],[-97.06483,18.9134],[-97.06673,18.9137],[-97.06668,18.91693],[-97.06791,18.91791],[-97.06609,18.91874],[-97.06426,18.91796],[-97.0632,18.91835],[-97.06363,18.9212],[-97.06629,18.92284],[-97.06145,18.93761],[-97.06217,18.93814],[-97.06029,18.94112],[-97.06129,18.94199],[-97.05921,18.94483],[-97.05976,18.94569],[-97.05303,18.9469],[-97.05024,18.94699],[-97.04479,18.94528],[-97.0339,18.93719],[-97.0323,18.93774],[-97.03133,18.93605],[-97.02901,18.93744],[-97.02774,18.93705],[-97.02701,18.93509],[-97.02536,18.93406],[-97.02524,18.93262],[-97.0219,18.93208],[-97.02297,18.92696],[-97.02101,18.92238],[-97.01829,18.92235],[-97.01617,18.91831],[-97.01345,18.91679],[-97.01154,18.91691],[-97.00984,18.91533],[-97.00941,18.91373],[-97.01132,18.90905],[-97.01312,18.90692],[-97.00957,18.90232],[-97.00943,18.89982],[-97.0117,18.89756],[-97.01286,18.8943],[-97.01194,18.89261],[-97.01242,18.89238],[-97.01027,18.88961],[-97.00608,18.88596],[-97.00399,18.87617],[-97.00427,18.86848],[-97.00353,18.86673],[-97.00048,18.86732],[-97.00027,18.86664],[-96.99738,18.86605],[-96.99589,18.86303],[-96.98656,18.86428],[-96.98691,18.85875],[-96.98517,18.85621],[-96.9835,18.8422],[-96.98026,18.83471],[-96.98024,18.83244],[-96.97665,18.8315],[-96.97457,18.82763],[-96.96843,18.82267],[-96.96668,18.82028],[-96.96403,18.82046],[-96.96249,18.81392],[-96.96034,18.81347],[-96.95581,18.81038],[-96.95143,18.81054],[-96.95152,18.80767],[-96.94959,18.8061],[-96.94909,18.80404],[-96.94755,18.8033],[-96.94696,18.80418],[-96.9458,18.80419],[-96.94132,18.80229],[-96.93716,18.80362],[-96.9307,18.8013],[-96.92794,18.80274],[-96.92675,18.80252],[-96.92497,18.79952],[-96.92406,18.79469],[-96.92151,18.79521],[-96.92018,18.79336],[-96.91679,18.79118],[-96.90719,18.78895],[-96.90433,18.78609],[-96.90544,18.78344],[-96.90861,18.78097],[-96.90814,18.77768],[-96.90645,18.77675],[-96.90605,18.77546],[-96.90631,18.77254],[-96.9082,18.77109],[-96.91534,18.76097],[-96.91075,18.75926],[-96.90762,18.75658],[-96.90828,18.75608],[-96.90197,18.75141],[-96.90145,18.75116],[-96.90129,18.75245],[-96.8977,18.75127],[-96.89746,18.7508],[-96.8989,18.75069],[-96.89748,18.74975],[-96.8957,18.75062],[-96.89587,18.74907],[-96.89482,18.74913],[-96.89417,18.74751],[-96.89502,18.746],[-96.89397,18.74425],[-96.89576,18.74364],[-96.89295,18.74214],[-96.8891,18.74467],[-96.88817,18.74376],[-96.88782,18.7451],[-96.88704,18.74469],[-96.88617,18.74577],[-96.8849,18.74495],[-96.88224,18.74862],[-96.88179,18.7481],[-96.87911,18.74911],[-96.87714,18.74887],[-96.87638,18.74949],[-96.87677,18.75091],[-96.87604,18.75023],[-96.87259,18.75235],[-96.87166,18.75233],[-96.87143,18.75094],[-96.86958,18.75197],[-96.86801,18.75061],[-96.86729,18.75154],[-96.86735,18.74997],[-96.86165,18.74691],[-96.8523,18.74616],[-96.84718,18.74389],[-96.8449,18.74715],[-96.84315,18.75251],[-96.84216,18.75243],[-96.83993,18.75004],[-96.83717,18.74926],[-96.83475,18.74559],[-96.82885,18.74477],[-96.82619,18.74272],[-96.82439,18.74451],[-96.82304,18.73949],[-96.82051,18.73653],[-96.81153,18.73936],[-96.81239,18.73879],[-96.80906,18.73731],[-96.81008,18.73498],[-96.80555,18.72794],[-96.80558,18.72561],[-96.80323,18.72592],[-96.8022,18.72409],[-96.80111,18.72453],[-96.80077,18.72359],[-96.80176,18.72314],[-96.80105,18.72183],[-96.80031,18.72211],[-96.79844,18.72084],[-96.79682,18.71786],[-96.79607,18.71829],[-96.79269,18.71337],[-96.79096,18.71436],[-96.79255,18.71634],[-96.79178,18.71738],[-96.78776,18.71363],[-96.78512,18.71019],[-96.78513,18.70593],[-96.78428,18.70316],[-96.78055,18.7042],[-96.77937,18.70366],[-96.77852,18.70083],[-96.77228,18.69394],[-96.76458,18.69718],[-96.76206,18.69667],[-96.76046,18.69335],[-96.75443,18.69575],[-96.75083,18.69169],[-96.74937,18.69224],[-96.74946,18.69402],[-96.7469,18.69471],[-96.74407,18.69246],[-96.74444,18.69093],[-96.74202,18.69176],[-96.73319,18.68774],[-96.73162,18.68569],[-96.72898,18.68383],[-96.72752,18.68367],[-96.72352,18.67959],[-96.72037,18.67519],[-96.72167,18.67266],[-96.7082,18.65815],[-96.70399,18.65494],[-96.70235,18.6561],[-96.69485,18.65018],[-96.68821,18.64743],[-96.6861,18.64496],[-96.68414,18.64426],[-96.68103,18.64843],[-96.68265,18.65582],[-96.68402,18.65675],[-96.6831,18.65805],[-96.68302,18.66969],[-96.67772,18.66635],[-96.67442,18.66594],[-96.67368,18.66298],[-96.67164,18.66151],[-96.66972,18.66128],[-96.66943,18.65934],[-96.67011,18.65895],[-96.66916,18.65844],[-96.66824,18.65595],[-96.66559,18.65631],[-96.66286,18.65288],[-96.65915,18.65049],[-96.655,18.6513],[-96.65252,18.64924],[-96.65213,18.64775],[-96.64861,18.6458],[-96.64567,18.64152],[-96.64581,18.64039],[-96.64379,18.64092],[-96.63998,18.63759],[-96.63442,18.63578],[-96.63363,18.63667],[-96.63165,18.63567],[-96.63151,18.63359],[-96.62972,18.63319],[-96.62943,18.63214],[-96.6225,18.62864],[-96.62262,18.62573],[-96.61959,18.62244],[-96.61786,18.6223],[-96.61668,18.61907],[-96.61503,18.61803],[-96.61297,18.61912],[-96.60683,18.61757],[-96.60512,18.61507],[-96.6029,18.61419],[-96.60108,18.6122],[-96.59537,18.61148],[-96.59182,18.60739],[-96.58933,18.60676],[-96.58942,18.60498],[-96.58818,18.60496],[-96.58377,18.60158],[-96.58156,18.60198],[-96.58113,18.60001],[-96.57904,18.60037],[-96.57469,18.59658],[-96.57485,18.59502],[-96.57243,18.59423],[-96.57137,18.59465],[-96.57076,18.59376],[-96.5692,18.59408],[-96.56641,18.59042],[-96.56473,18.59138],[-96.56095,18.5877],[-96.55564,18.58803],[-96.55474,18.58742],[-96.55208,18.58777],[-96.55106,18.58879],[-96.54815,18.58762],[-96.5461,18.58847],[-96.54439,18.58718],[-96.54132,18.58825],[-96.54009,18.58698],[-96.53983,18.58484],[-96.5373,18.58395],[-96.53562,18.58515],[-96.53267,18.58536],[-96.53231,18.58733],[-96.52679,18.58718],[-96.52548,18.58777],[-96.5239,18.58527],[-96.52242,18.58588],[-96.52143,18.58411],[-96.52001,18.58499],[-96.51929,18.58375],[-96.51792,18.58364],[-96.51751,18.58157],[-96.51662,18.58291],[-96.51537,18.58283],[-96.51516,18.5819],[-96.514,18.58251],[-96.51451,18.58329],[-96.51349,18.58522],[-96.51045,18.58428],[-96.51031,18.58669],[-96.50876,18.58946],[-96.5057,18.58948],[-96.50553,18.58824],[-96.50428,18.588],[-96.50239,18.58898],[-96.50177,18.58733],[-96.49975,18.5895],[-96.49748,18.58719],[-96.49346,18.58525],[-96.49334,18.58374],[-96.49221,18.58279],[-96.48976,18.58261],[-96.48874,18.58125],[-96.48464,18.58218],[-96.48477,18.5801],[-96.48275,18.58076],[-96.48083,18.57959],[-96.47735,18.57994],[-96.47552,18.57681],[-96.4727,18.57595],[-96.47238,18.57523],[-96.47368,18.57427],[-96.47327,18.57331],[-96.46898,18.57383],[-96.46844,18.57132],[-96.46724,18.57084],[-96.46441,18.57392],[-96.46107,18.57304],[-96.46027,18.57048],[-96.45731,18.57044],[-96.45649,18.56653],[-96.4542,18.56306],[-96.45439,18.56154],[-96.45111,18.55713],[-96.45141,18.55657],[-96.45287,18.55719],[-96.45259,18.55436],[-96.45503,18.54929],[-96.45303,18.54608],[-96.45056,18.54522],[-96.44964,18.54134],[-96.44791,18.54145],[-96.4471,18.53668],[-96.4436,18.53468],[-96.44143,18.53554],[-96.4405,18.53168],[-96.43751,18.53177],[-96.43804,18.52875],[-96.43503,18.52778],[-96.43512,18.52649],[-96.43262,18.52536],[-96.43157,18.52187],[-96.42795,18.51864],[-96.42505,18.51333],[-96.42076,18.51046],[-96.42024,18.50804],[-96.42174,18.50709],[-96.42159,18.5057],[-96.42345,18.50348],[-96.42348,18.5018],[-96.42136,18.4991],[-96.41656,18.49927],[-96.41626,18.49728],[-96.41729,18.49627],[-96.4155,18.49524],[-96.41501,18.49071],[-96.41329,18.48667],[-96.41344,18.48455],[-96.4147,18.48289],[-96.41384,18.48106],[-96.41203,18.47968],[-96.41119,18.47692],[-96.41488,18.47558],[-96.41818,18.47606],[-96.41802,18.47048],[-96.41502,18.46929],[-96.41498,18.46724],[-96.4124,18.46476],[-96.41056,18.46502],[-96.40891,18.46707],[-96.4046,18.46778],[-96.40407,18.46604],[-96.40494,18.4647],[-96.4026,18.46288],[-96.40264,18.46138],[-96.40135,18.45984],[-96.40333,18.4566],[-96.40155,18.45342],[-96.40245,18.45235],[-96.40133,18.44791],[-96.4036,18.44635],[-96.4001,18.44417],[-96.40298,18.43992],[-96.39966,18.43899],[-96.39812,18.44004],[-96.39616,18.43981],[-96.39331,18.43706],[-96.39229,18.43772],[-96.39218,18.43936],[-96.38934,18.44048],[-96.38954,18.43849],[-96.39175,18.43674],[-96.39079,18.43485],[-96.38826,18.43477],[-96.38827,18.4327],[-96.39006,18.43168],[-96.38925,18.42838],[-96.38522,18.42933],[-96.38401,18.42737],[-96.38384,18.42411],[-96.38162,18.4242],[-96.37861,18.42622],[-96.3762,18.42465],[-96.37543,18.42391],[-96.37605,18.42084],[-96.37429,18.41914],[-96.37416,18.4174],[-96.37192,18.41661],[-96.36779,18.41737],[-96.36757,18.41592],[-96.36876,18.41453],[-96.36742,18.41406],[-96.36456,18.4108],[-96.36327,18.41156],[-96.36107,18.40969],[-96.36173,18.40708],[-96.35703,18.40923],[-96.35739,18.41096],[-96.35634,18.41168],[-96.35454,18.41158],[-96.35259,18.41025],[-96.35212,18.40629],[-96.34915,18.40265],[-96.34987,18.40151],[-96.34856,18.40015],[-96.34687,18.40066],[-96.34455,18.39851],[-96.34593,18.39801],[-96.34625,18.39609],[-96.34841,18.39463],[-96.34711,18.39316],[-96.34767,18.39187],[-96.34594,18.38979],[-96.34902,18.38844],[-96.34747,18.38674],[-96.34732,18.38228],[-96.345,18.38159],[-96.34534,18.3797],[-96.33932,18.37563],[-96.33859,18.37711],[-96.33658,18.37595],[-96.33495,18.37983],[-96.33107,18.37923],[-96.33062,18.37643],[-96.33292,18.37302],[-96.33505,18.37252],[-96.32958,18.36931],[-96.32804,18.3696],[-96.32633,18.3684],[-96.32467,18.36863],[-96.3241,18.36727],[-96.32136,18.3679],[-96.31897,18.36506],[-96.31733,18.36454],[-96.31899,18.36266],[-96.3188,18.36109],[-96.32067,18.36021],[-96.31839,18.3597],[-96.32043,18.35902],[-96.32017,18.35842],[-96.31758,18.35827],[-96.31915,18.35736],[-96.31877,18.35608],[-96.3199,18.35517],[-96.31903,18.35471],[-96.31926,18.35359],[-96.31707,18.35189],[-96.31731,18.35053],[-96.31515,18.34979],[-96.31565,18.34669],[-96.315,18.34703],[-96.31464,18.3461],[-96.31354,18.34591],[-96.31476,18.34521],[-96.31485,18.34225],[-96.31753,18.3401],[-96.31596,18.33992],[-96.31605,18.33759],[-96.31327,18.33501],[-96.31335,18.33323],[-96.31499,18.33139],[-96.3127,18.3276],[-96.30996,18.32764],[-96.30848,18.32946],[-96.30561,18.32903],[-96.30635,18.32724],[-96.30544,18.32484],[-96.3061,18.32451],[-96.30705,18.32538],[-96.30903,18.3249],[-96.30819,18.32352],[-96.30972,18.32325],[-96.30995,18.32235],[-96.30734,18.32012],[-96.3034,18.31983],[-96.30178,18.31802],[-96.30561,18.31139],[-96.31071,18.28626],[-96.30825,18.28477],[-96.3072,18.28143],[-96.30519,18.28126],[-96.30473,18.28043],[-96.3027,18.27614],[-96.30392,18.27332],[-96.29845,18.2692],[-96.29825,18.26795],[-96.29747,18.26767],[-96.29792,18.26738],[-96.29322,18.26705],[-96.29187,18.26573],[-96.29426,18.26109],[-96.29649,18.25859],[-96.28788,18.25802],[-96.28799,18.25653],[-96.28459,18.25821],[-96.2815,18.25844],[-96.26736,18.24511],[-96.26642,18.24193],[-96.26888,18.22472],[-96.25938,18.21399],[-96.26194,18.21167],[-96.26226,18.20933],[-96.25637,18.20897],[-96.2554,18.20767],[-96.25635,18.20014],[-96.27371,18.20209],[-96.27573,18.16785],[-96.27755,18.16832],[-96.27792,18.16661],[-96.2783,18.16761],[-96.27978,18.16738],[-96.283,18.165],[-96.28642,18.1675],[-96.30259,18.15342],[-96.29596,18.14683],[-96.30999,18.15052],[-96.31819,18.16172],[-96.32506,18.16768],[-96.32655,18.16688],[-96.3241,18.16529],[-96.32199,18.16195],[-96.32275,18.15671],[-96.32381,18.15663],[-96.32562,18.15823],[-96.32652,18.1626],[-96.32897,18.1647],[-96.33213,18.16512],[-96.33153,18.16098],[-96.32862,18.1577],[-96.32757,18.15432],[-96.33101,18.15476],[-96.33178,18.15582],[-96.33259,18.1555],[-96.32502,18.14166],[-96.33374,18.14082],[-96.33948,18.14391],[-96.34481,18.14514],[-96.34626,18.14409],[-96.34488,18.13881],[-96.35171,18.14013],[-96.35249,18.13927],[-96.35597,18.13873],[-96.35934,18.13622],[-96.37658,18.14918],[-96.3793,18.15708],[-96.38176,18.15706],[-96.38492,18.15873],[-96.38583,18.15617],[-96.3885,18.15368],[-96.39085,18.14715],[-96.39211,18.14741],[-96.39196,18.146],[-96.39463,18.14646],[-96.39501,18.14555],[-96.39662,18.14713],[-96.39758,18.14602],[-96.39597,18.14411],[-96.39293,18.14447],[-96.39276,18.14273],[-96.39424,18.14341],[-96.39518,18.14246],[-96.39551,18.14131],[-96.39458,18.142],[-96.39412,18.14157],[-96.39597,18.13929],[-96.39745,18.13996],[-96.39749,18.13906],[-96.39901,18.13899],[-96.39873,18.14097],[-96.40024,18.14131],[-96.40017,18.14024],[-96.40126,18.13983],[-96.40017,18.13966],[-96.39942,18.13789],[-96.40059,18.13747],[-96.39926,18.13529],[-96.40026,18.13396],[-96.40435,18.13828],[-96.41314,18.12947],[-96.41759,18.12313],[-96.42581,18.11931],[-96.43588,18.11634],[-96.44141,18.11191],[-96.44429,18.10388],[-96.44841,18.09864],[-96.45381,18.09379],[-96.45992,18.08516],[-96.46246,18.07692],[-96.46225,18.07589],[-96.45976,18.07523],[-96.45973,18.07387],[-96.4605,18.07343],[-96.45918,18.07392],[-96.45815,18.07302],[-96.45815,18.07166],[-96.4605,18.07101],[-96.4593,18.07063],[-96.46004,18.07022],[-96.46288,18.07048],[-96.46301,18.06825],[-96.46988,18.05655],[-96.4704,18.05348],[-96.47036,18.05133],[-96.4673,18.05188],[-96.46594,18.05122],[-96.46617,18.04932],[-96.4651,18.0475],[-96.46743,18.04792],[-96.47065,18.04604],[-96.47059,18.04702],[-96.4733,18.04544],[-96.47542,18.04525],[-96.49347,18.0384],[-96.4935,18.01639],[-96.4889,18.01415],[-96.48953,18],[-96.51122,17.95195],[-96.51929,17.94294],[-96.55657,17.94408],[-96.56538,17.92334],[-96.56117,17.89309],[-96.55192,17.87678],[-96.55364,17.8775],[-96.55466,17.87908],[-96.55713,17.87938],[-96.56054,17.88204],[-96.56185,17.88494],[-96.56475,17.88509],[-96.57019,17.89281],[-96.57176,17.89326],[-96.57348,17.89268],[-96.569,17.90818],[-96.59122,17.91181],[-96.60647,17.90579],[-96.61268,17.90573],[-96.61533,17.90658],[-96.6139,17.90414],[-96.61717,17.89709],[-96.61856,17.89271],[-96.61807,17.89128],[-96.62328,17.88549],[-96.63952,17.88662],[-96.64235,17.88423],[-96.66688,17.89304],[-96.68521,17.89806],[-96.68661,17.89325],[-96.68095,17.89054],[-96.69739,17.87442],[-96.7101,17.86918],[-96.6967,17.84648],[-96.69814,17.84413],[-96.70098,17.84333],[-96.7013,17.84187],[-96.70581,17.83959],[-96.70683,17.83581],[-96.71106,17.83171],[-96.71112,17.82918],[-96.71535,17.82708],[-96.7122,17.82473],[-96.70681,17.81239],[-96.70307,17.80665],[-96.69686,17.79153],[-96.69155,17.79397],[-96.6829,17.79054],[-96.67689,17.79048],[-96.67181,17.78829],[-96.67966,17.75471],[-96.6835,17.75048],[-96.68817,17.74912],[-96.67861,17.7469],[-96.67243,17.74905],[-96.67168,17.7468],[-96.67348,17.744],[-96.67586,17.74221],[-96.67706,17.73952],[-96.67986,17.74033],[-96.68162,17.73828],[-96.6831,17.73789],[-96.68263,17.7354],[-96.68459,17.73258],[-96.684,17.72981],[-96.68566,17.72717],[-96.68056,17.72614],[-96.67714,17.72438],[-96.67517,17.72237],[-96.67335,17.71819],[-96.66032,17.7136],[-96.65865,17.71674],[-96.65602,17.71889],[-96.63314,17.7159],[-96.63975,17.70677],[-96.6435,17.70308],[-96.64246,17.70128],[-96.65632,17.69584],[-96.6653,17.70377],[-96.6663,17.70559],[-96.67218,17.70884],[-96.684,17.70708],[-96.68946,17.70873],[-96.69396,17.70727],[-96.6959,17.69833],[-96.69508,17.698],[-96.69573,17.6966],[-96.69526,17.69546],[-96.69682,17.6899],[-96.69622,17.68583],[-96.69744,17.68064],[-96.69662,17.67844],[-96.69946,17.67942],[-96.70057,17.67902],[-96.69892,17.67699],[-96.69963,17.67466],[-96.70106,17.67486],[-96.70111,17.67372],[-96.70292,17.6737],[-96.70228,17.67194],[-96.70344,17.67056],[-96.70364,17.66675],[-96.70442,17.66544],[-96.70715,17.66764],[-96.70787,17.67028],[-96.70954,17.67125],[-96.71212,17.67699],[-96.71565,17.67725],[-96.71781,17.67928],[-96.71829,17.68143],[-96.72286,17.67991],[-96.72411,17.68203],[-96.72491,17.68209],[-96.72747,17.67888],[-96.73111,17.67735],[-96.73383,17.68065],[-96.73795,17.68147],[-96.73911,17.68452],[-96.74117,17.68568],[-96.7435,17.68522],[-96.74872,17.68895],[-96.75016,17.69123],[-96.75152,17.69168],[-96.75962,17.68333],[-96.76047,17.68315],[-96.76291,17.68713],[-96.76702,17.68643],[-96.76937,17.68252],[-96.76961,17.67919],[-96.7715,17.67586],[-96.77319,17.67616],[-96.77399,17.67986],[-96.77605,17.68201],[-96.77734,17.6821],[-96.77886,17.67889],[-96.78033,17.67821],[-96.78709,17.68026],[-96.79167,17.67784],[-96.79474,17.67884],[-96.79637,17.67793],[-96.80128,17.6805],[-96.80317,17.68019],[-96.80594,17.67682],[-96.81039,17.67563],[-96.81211,17.67359],[-96.81195,17.6705],[-96.80854,17.66969],[-96.8075,17.66877],[-96.80755,17.66751],[-96.81003,17.66498],[-96.81259,17.66508],[-96.81559,17.66308],[-96.81743,17.6635],[-96.81889,17.66738],[-96.8216,17.6697],[-96.82008,17.67163],[-96.8207,17.67372],[-96.82249,17.67382],[-96.82602,17.67113],[-96.82678,17.66976],[-96.82637,17.66815],[-96.82849,17.6675],[-96.83301,17.66851],[-96.83324,17.67023],[-96.83178,17.67319],[-96.83623,17.67794],[-96.85137,17.67293],[-96.85476,17.6736],[-96.85608,17.6769],[-96.86362,17.67714],[-96.86457,17.67785],[-96.86346,17.68015],[-96.85921,17.68203],[-96.85635,17.68749],[-96.85685,17.69045],[-96.85826,17.69467],[-96.86304,17.6998],[-96.86577,17.69988],[-96.87158,17.6955],[-96.87447,17.69726],[-96.87514,17.70831],[-96.87638,17.70941],[-96.87569,17.7104],[-96.87714,17.71157],[-96.87504,17.71326],[-96.87714,17.71565],[-96.87624,17.71919],[-96.87786,17.72288],[-96.87648,17.72439],[-96.8802,17.72824],[-96.87725,17.73631],[-96.87524,17.73889],[-96.8744,17.74477],[-96.87502,17.74824],[-96.87173,17.75169],[-96.86996,17.75226],[-96.86977,17.7538],[-96.87888,17.7524],[-96.88246,17.75289],[-96.88831,17.75736],[-96.90349,17.76244],[-96.92983,17.78492],[-96.92983,17.78603],[-96.9275,17.78917],[-96.92757,17.79318],[-96.92602,17.79445],[-96.91948,17.79369],[-96.93681,17.79919],[-96.94218,17.80478],[-96.93644,17.81679],[-96.93835,17.81991],[-96.94309,17.8212],[-96.9458,17.8321],[-96.94844,17.84667],[-96.94939,17.86969],[-96.92724,17.90567],[-96.91763,17.90333],[-96.90582,17.90522],[-96.90433,17.90428],[-96.90157,17.90486],[-96.89403,17.904],[-96.89184,17.90569],[-96.88547,17.90656],[-96.88278,17.90916],[-96.87681,17.91279],[-96.87325,17.91891],[-96.87109,17.91945],[-96.86775,17.9223],[-96.86403,17.92804],[-96.8741,17.93128],[-96.88317,17.93319],[-96.88526,17.93251],[-96.89223,17.93396],[-96.90744,17.94026],[-96.92106,17.94463],[-96.9231,17.93907],[-96.92453,17.93797],[-96.93261,17.9407],[-96.93614,17.93624],[-96.93667,17.93653],[-96.93452,17.94272],[-96.94141,17.94607],[-96.95151,17.95727],[-96.9585,17.96869],[-96.96342,17.98071],[-96.96643,17.99302],[-96.96994,18.00206],[-96.98323,18.02696],[-97.04564,17.97691],[-97.04678,17.98441],[-97.04141,17.9883],[-97.0624,17.9994],[-97.06831,17.99208],[-97.08889,18.0094],[-97.11423,18.0418],[-97.11519,18.04488],[-97.11422,18.04795],[-97.11695,18.0593],[-97.11611,18.06392],[-97.10993,18.07006],[-97.09525,18.07023],[-97.09223,18.07183],[-97.09217,18.07588],[-97.09565,18.07971],[-97.09876,18.08155],[-97.10718,18.08316],[-97.10694,18.08478],[-97.1062,18.08444],[-97.1054,18.08541],[-97.10666,18.0872],[-97.11378,18.09182],[-97.11349,18.0932],[-97.11485,18.09472],[-97.11862,18.09605],[-97.11786,18.09783],[-97.11801,18.10067],[-97.11478,18.10172],[-97.11371,18.10577],[-97.10848,18.10972],[-97.10905,18.11779],[-97.10948,18.11867],[-97.11581,18.11588],[-97.11861,18.11662],[-97.11978,18.1178],[-97.11956,18.11866],[-97.12281,18.12163],[-97.12266,18.12408],[-97.12082,18.1248],[-97.12112,18.12846],[-97.12042,18.12848],[-97.1192,18.1262],[-97.11845,18.12648],[-97.11801,18.12515],[-97.11738,18.12518],[-97.1171,18.12695],[-97.11598,18.12816],[-97.11623,18.13209],[-97.1189,18.13567],[-97.11019,18.14216],[-97.08872,18.14917],[-97.0902,18.15303],[-97.10574,18.14809],[-97.10923,18.15017],[-97.11376,18.14947],[-97.1129,18.15144],[-97.11569,18.15445]]]]}},{"type":"Feature","properties":{"nombre":"Altos de Chiapas"},"geometry":{"type":"MultiPolygon","coordinates":[[[[-92.44536,17.13322],[-92.42728,17.12091],[-92.40296,17.10607],[-92.39129,17.10306],[-92.3878,17.1003],[-92.3832,17.10019],[-92.38075,17.09641],[-92.38423,17.08871],[-92.38525,17.08452],[-92.39153,17.07258],[-92.39363,17.07289],[-92.39549,17.07209],[-92.40279,17.06279],[-92.40857,17.06156],[-92.40976,17.05974],[-92.40967,17.05435],[-92.40776,17.04782],[-92.40444,17.04625],[-92.39984,17.03429],[-92.4104,17.0309],[-92.41838,17.02684],[-92.4148,17.02406],[-92.41386,17.02119],[-92.41197,17.01903],[-92.41266,17.01519],[-92.40798,17.01002],[-92.41645,17.00128],[-92.42268,16.99959],[-92.43832,16.98518],[-92.4436,16.97619],[-92.45454,16.96489],[-92.45824,16.96262],[-92.45376,16.94594],[-92.44429,16.93856],[-92.44047,16.93044],[-92.43719,16.92838],[-92.43869,16.9286],[-92.43926,16.92143],[-92.4402,16.92063],[-92.44159,16.91599],[-92.44306,16.91482],[-92.44283,16.9132],[-92.44464,16.90994],[-92.44329,16.90633],[-92.44362,16.89853],[-92.43838,16.89371],[-92.43249,16.88513],[-92.43392,16.88281],[-92.43434,16.87932],[-92.43545,16.87723],[-92.4456,16.86906],[-92.43995,16.86585],[-92.43442,16.86616],[-92.43743,16.86359],[-92.43443,16.86382],[-92.43413,16.86226],[-92.42168,16.85777],[-92.38695,16.85134],[-92.37639,16.85382],[-92.36272,16.85452],[-92.35631,16.85783],[-92.35157,16.86852],[-92.34501,16.87545],[-92.34188,16.88172],[-92.3387,16.88587],[-92.33671,16.89689],[-92.33847,16.89781],[-92.34194,16.89734],[-92.34616,16.89881],[-92.3508,16.89878],[-92.35036,16.9],[-92.35208,16.90061],[-92.35156,16.90098],[-92.34775,16.90264],[-92.34453,16.90122],[-92.33821,16.9018],[-92.33563,16.90427],[-92.3316,16.90502],[-92.32868,16.90516],[-92.32705,16.90381],[-92.32109,16.90368],[-92.31494,16.90569],[-92.30223,16.90157],[-92.29715,16.90093],[-92.2959,16.89813],[-92.29351,16.89661],[-92.29349,16.8947],[-92.29559,16.89256],[-92.30141,16.89045],[-92.30322,16.88844],[-92.30344,16.8849],[-92.29855,16.88177],[-92.28925,16.87395],[-92.27871,16.86875],[-92.27632,16.8666],[-92.26653,16.85136],[-92.26241,16.84935],[-92.25835,16.84416],[-92.2514,16.82989],[-92.2373,16.82339],[-92.23484,16.80539],[-92.23385,16.80534],[-92.24274,16.79482],[-92.20034,16.78868],[-92.19314,16.78498],[-92.19092,16.79118],[-92.19252,16.79388],[-92.19221,16.79467],[-92.18365,16.79594],[-92.18144,16.79409],[-92.17794,16.79445],[-92.17272,16.79219],[-92.17207,16.7904],[-92.17032,16.79125],[-92.16951,16.78998],[-92.16827,16.7902],[-92.1671,16.78937],[-92.16712,16.7866],[-92.17276,16.78584],[-92.17376,16.78468],[-92.17399,16.78171],[-92.1794,16.78005],[-92.18005,16.77903],[-92.17976,16.77704],[-92.17227,16.77239],[-92.16962,16.77197],[-92.16777,16.77196],[-92.16644,16.77318],[-92.16236,16.77919],[-92.15747,16.78063],[-92.1557,16.78493],[-92.1478,16.7791],[-92.14899,16.77418],[-92.13338,16.76797],[-92.13274,16.76246],[-92.13007,16.75416],[-92.13069,16.75371],[-92.13223,16.75437],[-92.13348,16.75338],[-92.13235,16.75083],[-92.13222,16.74796],[-92.12692,16.74257],[-92.11497,16.73396],[-92.10862,16.72588],[-92.10563,16.72325],[-92.09521,16.71708],[-92.08422,16.71364],[-92.06866,16.7048],[-92.05669,16.6992],[-92.04872,16.70103],[-92.04538,16.6939],[-92.0374,16.69455],[-92.03113,16.69204],[-92.03034,16.69058],[-92.01919,16.68821],[-92.02422,16.68362],[-92.02322,16.68304],[-92.02461,16.68068],[-92.02885,16.67852],[-92.04285,16.66297],[-92.05359,16.66238],[-92.06141,16.65894],[-92.06443,16.6586],[-92.07002,16.65892],[-92.09201,16.66768],[-92.09835,16.66922],[-92.10417,16.6688],[-92.10745,16.66724],[-92.11586,16.66697],[-92.12111,16.66466],[-92.13558,16.65106],[-92.14493,16.64395],[-92.1532,16.632],[-92.15171,16.61569],[-92.15169,16.60657],[-92.14736,16.59829],[-92.14681,16.59384],[-92.15345,16.56734],[-92.15173,16.54805],[-92.15874,16.53225],[-92.16322,16.51726],[-92.17095,16.4975],[-92.17367,16.4979],[-92.1777,16.49531],[-92.17866,16.49341],[-92.21529,16.49553],[-92.25067,16.50957],[-92.26014,16.51183],[-92.26962,16.51611],[-92.2728,16.51778],[-92.2684,16.52818],[-92.27485,16.53544],[-92.2812,16.55114],[-92.28599,16.55792],[-92.3068,16.56354],[-92.31974,16.5692],[-92.32474,16.56715],[-92.32923,16.54968],[-92.32965,16.52853],[-92.33708,16.52288],[-92.35317,16.51338],[-92.34917,16.50902],[-92.34421,16.50997],[-92.33941,16.50971],[-92.33881,16.51382],[-92.32984,16.51406],[-92.32255,16.50607],[-92.31582,16.50448],[-92.31592,16.50237],[-92.31351,16.50014],[-92.31351,16.49817],[-92.31146,16.49568],[-92.31168,16.49433],[-92.31365,16.49293],[-92.31377,16.49172],[-92.31551,16.49283],[-92.31538,16.49144],[-92.31911,16.48832],[-92.31974,16.48557],[-92.31092,16.47839],[-92.30815,16.47261],[-92.31298,16.46761],[-92.31241,16.46482],[-92.32096,16.46079],[-92.32067,16.45881],[-92.31679,16.45595],[-92.29711,16.43137],[-92.2995,16.42706],[-92.31016,16.41396],[-92.3152,16.41271],[-92.32097,16.37735],[-92.32055,16.37547],[-92.31678,16.37677],[-92.31496,16.37765],[-92.31274,16.38163],[-92.30349,16.38518],[-92.3012,16.39371],[-92.29602,16.39255],[-92.29475,16.39731],[-92.29098,16.39656],[-92.28802,16.3936],[-92.29446,16.38819],[-92.29695,16.39081],[-92.29858,16.391],[-92.29879,16.39001],[-92.29252,16.3769],[-92.30072,16.37711],[-92.3022,16.37358],[-92.30954,16.36905],[-92.31121,16.36378],[-92.31465,16.35864],[-92.30664,16.35165],[-92.28781,16.32261],[-92.29235,16.31425],[-92.28838,16.31072],[-92.27967,16.3124],[-92.27507,16.30786],[-92.27727,16.30785],[-92.2774,16.30717],[-92.27629,16.30645],[-92.27468,16.30691],[-92.27484,16.30493],[-92.28017,16.30411],[-92.28209,16.30264],[-92.28954,16.30107],[-92.29343,16.30388],[-92.29343,16.30203],[-92.29427,16.30177],[-92.30296,16.3032],[-92.31044,16.30252],[-92.30884,16.29971],[-92.3146,16.29058],[-92.31908,16.28149],[-92.32252,16.28075],[-92.32918,16.27738],[-92.33369,16.27715],[-92.34437,16.27958],[-92.34441,16.2804],[-92.34699,16.2791],[-92.34795,16.28068],[-92.34956,16.28117],[-92.35601,16.277],[-92.35729,16.2849],[-92.36052,16.29557],[-92.36062,16.30204],[-92.36432,16.30202],[-92.36923,16.28309],[-92.37169,16.27889],[-92.39229,16.26309],[-92.39413,16.26092],[-92.39183,16.25985],[-92.39224,16.25085],[-92.40001,16.24951],[-92.40124,16.25499],[-92.40593,16.25058],[-92.40702,16.25085],[-92.40141,16.2596],[-92.41291,16.26379],[-92.41993,16.25397],[-92.41836,16.25197],[-92.4273,16.23876],[-92.42925,16.24043],[-92.45109,16.21141],[-92.45911,16.20924],[-92.46416,16.21098],[-92.46647,16.21002],[-92.46945,16.21136],[-92.47093,16.21109],[-92.46828,16.18901],[-92.46907,16.18611],[-92.46851,16.17858],[-92.4625,16.16555],[-92.47122,16.16403],[-92.46898,16.16042],[-92.47125,16.16097],[-92.48062,16.17282],[-92.48155,16.14301],[-92.49465,16.14405],[-92.49544,16.14508],[-92.4981,16.14389],[-92.51158,16.14533],[-92.53361,16.14435],[-92.56425,16.1351],[-92.57666,16.12302],[-92.57966,16.12941],[-92.58134,16.12995],[-92.58415,16.13303],[-92.58771,16.13457],[-92.58696,16.13632],[-92.58869,16.13631],[-92.5927,16.14039],[-92.59288,16.14149],[-92.59516,16.14214],[-92.5961,16.14408],[-92.59523,16.14439],[-92.5952,16.14532],[-92.59829,16.14557],[-92.59768,16.14687],[-92.59903,16.14855],[-92.60093,16.14907],[-92.60626,16.1484],[-92.60706,16.14897],[-92.60756,16.15169],[-92.60992,16.15281],[-92.61119,16.15142],[-92.61138,16.15362],[-92.61581,16.15412],[-92.61607,16.15685],[-92.61967,16.15939],[-92.62364,16.1586],[-92.62616,16.16077],[-92.63315,16.16453],[-92.63793,16.16582],[-92.6378,16.16643],[-92.6408,16.16783],[-92.64249,16.16748],[-92.64419,16.16848],[-92.6459,16.17134],[-92.6477,16.16971],[-92.64965,16.17081],[-92.65189,16.17084],[-92.65371,16.17365],[-92.65516,16.17368],[-92.65578,16.17271],[-92.65622,16.17342],[-92.65868,16.17329],[-92.6599,16.17543],[-92.66153,16.1763],[-92.66084,16.17739],[-92.66321,16.17849],[-92.6628,16.17906],[-92.66866,16.18049],[-92.67292,16.18247],[-92.67677,16.18585],[-92.67867,16.18889],[-92.68519,16.19043],[-92.68616,16.18973],[-92.68788,16.19014],[-92.69084,16.19417],[-92.6933,16.19458],[-92.69553,16.1966],[-92.69786,16.19744],[-92.69986,16.19595],[-92.70462,16.19748],[-92.70709,16.20155],[-92.70624,16.20273],[-92.70638,16.20509],[-92.7122,16.21184],[-92.71489,16.21281],[-92.71596,16.21215],[-92.71622,16.21277],[-92.71808,16.21283],[-92.71902,16.21242],[-92.71954,16.21032],[-92.72069,16.21055],[-92.7214,16.21186],[-92.72294,16.21163],[-92.72495,16.20987],[-92.72506,16.20749],[-92.72776,16.20634],[-92.73205,16.19992],[-92.73504,16.20181],[-92.73444,16.20247],[-92.73549,16.20292],[-92.73596,16.2003],[-92.7381,16.1966],[-92.74155,16.19778],[-92.74454,16.19502],[-92.74377,16.19411],[-92.74538,16.19428],[-92.74556,16.19363],[-92.74717,16.19454],[-92.74786,16.19419],[-92.74736,16.19292],[-92.74822,16.19073],[-92.75019,16.1917],[-92.75148,16.18928],[-92.75068,16.18904],[-92.75224,16.18435],[-92.75435,16.18643],[-92.75441,16.19039],[-92.7634,16.19166],[-92.76333,16.19022],[-92.76131,16.18829],[-92.76283,16.18833],[-92.76294,16.18742],[-92.76543,16.1889],[-92.76607,16.18781],[-92.77234,16.19131],[-92.77149,16.1934],[-92.77679,16.19682],[-92.776,16.19842],[-92.77782,16.20095],[-92.78016,16.20176],[-92.779,16.20444],[-92.77447,16.20236],[-92.77417,16.20311],[-92.77886,16.20498],[-92.78254,16.20503],[-92.78363,16.20721],[-92.78667,16.20526],[-92.78941,16.20698],[-92.79154,16.20637],[-92.79478,16.21133],[-92.79299,16.21256],[-92.79147,16.21043],[-92.78893,16.21027],[-92.7855,16.21259],[-92.7844,16.21242],[-92.78362,16.21354],[-92.78552,16.21487],[-92.78338,16.21516],[-92.78431,16.2167],[-92.78354,16.21893],[-92.785,16.21928],[-92.78425,16.2205],[-92.78471,16.22143],[-92.78337,16.22299],[-92.78499,16.22508],[-92.78569,16.22934],[-92.79462,16.2383],[-92.79622,16.23892],[-92.79958,16.23865],[-92.79976,16.2427],[-92.80326,16.24287],[-92.80977,16.24021],[-92.81126,16.2388],[-92.81238,16.2388],[-92.81149,16.24154],[-92.81323,16.24312],[-92.82722,16.24069],[-92.83027,16.24155],[-92.83138,16.24005],[-92.84235,16.24519],[-92.86946,16.24946],[-92.87162,16.25522],[-92.87462,16.25836],[-92.87406,16.26075],[-92.87542,16.26409],[-92.87333,16.26292],[-92.87327,16.26195],[-92.87175,16.26391],[-92.87035,16.26411],[-92.86533,16.26248],[-92.86567,16.26097],[-92.86473,16.2602],[-92.86298,16.26092],[-92.85829,16.25938],[-92.85664,16.26093],[-92.85732,16.2624],[-92.85514,16.2619],[-92.85383,16.2635],[-92.85217,16.26407],[-92.8544,16.26597],[-92.85371,16.26689],[-92.85474,16.26711],[-92.85384,16.26803],[-92.8539,16.27009],[-92.85305,16.27182],[-92.84917,16.27442],[-92.84985,16.27514],[-92.84824,16.27678],[-92.84921,16.27749],[-92.84948,16.28079],[-92.85067,16.27983],[-92.85124,16.27799],[-92.85183,16.27777],[-92.85139,16.27948],[-92.85428,16.27808],[-92.85067,16.28076],[-92.85043,16.28267],[-92.84879,16.28332],[-92.84809,16.28501],[-92.84969,16.28852],[-92.85216,16.28729],[-92.85332,16.28559],[-92.85211,16.28829],[-92.85437,16.28904],[-92.85338,16.28964],[-92.85137,16.28855],[-92.8508,16.29],[-92.84793,16.2893],[-92.84606,16.29044],[-92.84823,16.29171],[-92.85893,16.29257],[-92.86609,16.29221],[-92.86612,16.31628],[-92.84913,16.33661],[-92.84802,16.33684],[-92.84669,16.33483],[-92.84325,16.33455],[-92.84221,16.33805],[-92.83446,16.34268],[-92.83203,16.34764],[-92.83009,16.34879],[-92.82682,16.34852],[-92.8259,16.3477],[-92.82352,16.34913],[-92.82167,16.35264],[-92.81997,16.35388],[-92.81751,16.35407],[-92.81454,16.3512],[-92.8129,16.35145],[-92.81218,16.35362],[-92.81428,16.35738],[-92.81342,16.35981],[-92.81294,16.3607],[-92.8078,16.36291],[-92.80653,16.36726],[-92.80287,16.37082],[-92.80228,16.37461],[-92.8029,16.37827],[-92.80603,16.38294],[-92.807,16.38332],[-92.80606,16.38347],[-92.805,16.38577],[-92.8035,16.38663],[-92.80161,16.38628],[-92.79886,16.38401],[-92.79787,16.38409],[-92.79713,16.38856],[-92.79537,16.39039],[-92.79137,16.39222],[-92.79122,16.39436],[-92.78163,16.39497],[-92.77361,16.40765],[-92.77177,16.40935],[-92.7655,16.41004],[-92.76034,16.41476],[-92.75577,16.41783],[-92.75247,16.41901],[-92.74747,16.42277],[-92.7454,16.42627],[-92.75045,16.43095],[-92.75173,16.43311],[-92.75704,16.43556],[-92.75783,16.43946],[-92.76062,16.44561],[-92.76454,16.45054],[-92.76455,16.45366],[-92.76055,16.45551],[-92.75145,16.45212],[-92.74893,16.45532],[-92.7517,16.45747],[-92.75222,16.45948],[-92.75089,16.46194],[-92.7331,16.44913],[-92.7274,16.44874],[-92.7275,16.45009],[-92.72646,16.45128],[-92.72489,16.45228],[-92.72213,16.4526],[-92.72261,16.45508],[-92.71987,16.45465],[-92.71891,16.45576],[-92.71858,16.45806],[-92.72331,16.46384],[-92.72468,16.47312],[-92.72361,16.47455],[-92.72432,16.47699],[-92.72143,16.47774],[-92.71952,16.47914],[-92.71928,16.48025],[-92.72315,16.48299],[-92.70832,16.48481],[-92.68976,16.46319],[-92.68931,16.464],[-92.69026,16.4691],[-92.6761,16.47145],[-92.68769,16.45724],[-92.6868,16.45288],[-92.66816,16.44196],[-92.66695,16.44427],[-92.6714,16.45831],[-92.6555,16.46947],[-92.62975,16.48308],[-92.62904,16.47569],[-92.62588,16.47544],[-92.62138,16.46649],[-92.62515,16.46446],[-92.60895,16.44015],[-92.64849,16.41568],[-92.64985,16.41775],[-92.65214,16.41708],[-92.65208,16.40004],[-92.65141,16.39976],[-92.6495,16.40058],[-92.64677,16.39984],[-92.64336,16.40121],[-92.64191,16.40015],[-92.63906,16.4019],[-92.63007,16.40385],[-92.62879,16.40591],[-92.62577,16.40547],[-92.62449,16.40727],[-92.62126,16.40721],[-92.61923,16.41149],[-92.61127,16.4157],[-92.60639,16.42291],[-92.60282,16.42454],[-92.60072,16.42665],[-92.59662,16.42737],[-92.59465,16.42895],[-92.58751,16.42772],[-92.58534,16.4287],[-92.58343,16.4319],[-92.58074,16.43132],[-92.58108,16.43439],[-92.58002,16.43571],[-92.57767,16.43499],[-92.57582,16.43564],[-92.57603,16.44013],[-92.57157,16.44275],[-92.57149,16.44444],[-92.5704,16.44553],[-92.57239,16.44648],[-92.56828,16.44818],[-92.56708,16.45363],[-92.56745,16.45411],[-92.58041,16.44769],[-92.60597,16.49243],[-92.60322,16.49386],[-92.6023,16.49376],[-92.6022,16.49292],[-92.59844,16.49259],[-92.59432,16.48759],[-92.59166,16.48631],[-92.58924,16.48741],[-92.58533,16.48595],[-92.58194,16.48722],[-92.58022,16.4862],[-92.57664,16.4861],[-92.57839,16.48823],[-92.57815,16.49161],[-92.57979,16.4949],[-92.58641,16.49871],[-92.58816,16.50189],[-92.57646,16.50211],[-92.57543,16.51375],[-92.58443,16.5254],[-92.57987,16.52761],[-92.58138,16.52838],[-92.57717,16.53161],[-92.57977,16.53428],[-92.5831,16.5352],[-92.58061,16.53672],[-92.5792,16.53886],[-92.5774,16.53941],[-92.57766,16.54377],[-92.58154,16.54562],[-92.58178,16.54664],[-92.58035,16.54715],[-92.58015,16.54797],[-92.58085,16.54933],[-92.58429,16.55096],[-92.58821,16.54865],[-92.59234,16.55027],[-92.59565,16.55289],[-92.59706,16.55553],[-92.6032,16.57664],[-92.61103,16.58131],[-92.6164,16.57848],[-92.63155,16.58186],[-92.64707,16.59108],[-92.64196,16.60074],[-92.64284,16.60113],[-92.64022,16.60275],[-92.64397,16.60431],[-92.65286,16.60492],[-92.66144,16.60912],[-92.6651,16.62421],[-92.68897,16.62579],[-92.70096,16.62119],[-92.70998,16.61657],[-92.70596,16.62494],[-92.71279,16.6281],[-92.71194,16.62871],[-92.71085,16.64432],[-92.70886,16.64762],[-92.70522,16.64793],[-92.70412,16.64996],[-92.71264,16.66031],[-92.72158,16.64348],[-92.72865,16.65081],[-92.74721,16.66696],[-92.77327,16.67785],[-92.79388,16.67066],[-92.80278,16.67645],[-92.80469,16.67498],[-92.80702,16.67536],[-92.80898,16.67885],[-92.8098,16.68342],[-92.81289,16.68465],[-92.81402,16.68658],[-92.81514,16.68417],[-92.81752,16.68339],[-92.81854,16.68185],[-92.82175,16.68033],[-92.82377,16.67514],[-92.83086,16.66519],[-92.83298,16.66723],[-92.84344,16.65907],[-92.84157,16.66697],[-92.84944,16.66315],[-92.86781,16.66638],[-92.86315,16.68068],[-92.85957,16.68544],[-92.86248,16.68668],[-92.85813,16.69297],[-92.85073,16.71146],[-92.86112,16.7165],[-92.86201,16.71877],[-92.86145,16.72187],[-92.86278,16.7236],[-92.86745,16.72622],[-92.86493,16.73152],[-92.88112,16.74306],[-92.88016,16.74356],[-92.87513,16.74262],[-92.87336,16.74355],[-92.87134,16.74253],[-92.86924,16.74533],[-92.86781,16.74569],[-92.86529,16.7483],[-92.8609,16.74965],[-92.85578,16.75787],[-92.85045,16.76157],[-92.84885,16.76377],[-92.84886,16.77249],[-92.84745,16.77474],[-92.84757,16.77681],[-92.84569,16.77784],[-92.83832,16.77807],[-92.8355,16.77623],[-92.83365,16.77252],[-92.82722,16.77182],[-92.82439,16.77047],[-92.8227,16.77163],[-92.8187,16.7717],[-92.81646,16.77077],[-92.81377,16.77374],[-92.81167,16.77394],[-92.81107,16.77623],[-92.81171,16.77774],[-92.81457,16.77999],[-92.82038,16.78288],[-92.82246,16.78263],[-92.8255,16.78371],[-92.82575,16.78509],[-92.8231,16.78743],[-92.8184,16.78821],[-92.81839,16.78916],[-92.82267,16.78972],[-92.82424,16.79129],[-92.82626,16.7901],[-92.82793,16.79234],[-92.82536,16.79323],[-92.82394,16.79678],[-92.81268,16.81068],[-92.81357,16.8111],[-92.81366,16.81299],[-92.8123,16.82034],[-92.81516,16.82222],[-92.81635,16.82453],[-92.81621,16.82665],[-92.81329,16.82912],[-92.81247,16.83099],[-92.8131,16.83632],[-92.81536,16.84274],[-92.81769,16.84642],[-92.82063,16.84789],[-92.8243,16.83868],[-92.83115,16.85113],[-92.82065,16.87921],[-92.85646,16.87909],[-92.85623,16.89031],[-92.82579,16.89015],[-92.81602,16.89126],[-92.81445,16.89463],[-92.8304,16.91143],[-92.84256,16.91339],[-92.83993,16.91633],[-92.83986,16.92023],[-92.85134,16.93071],[-92.84789,16.93408],[-92.84502,16.94693],[-92.84071,16.954],[-92.83976,16.95829],[-92.83779,16.96133],[-92.84038,16.96492],[-92.84263,16.96602],[-92.84304,16.9686],[-92.84464,16.96992],[-92.84971,16.97039],[-92.84943,16.97415],[-92.84754,16.97456],[-92.84465,16.97866],[-92.84541,16.98344],[-92.84195,16.98343],[-92.83893,16.98479],[-92.83736,16.98816],[-92.83741,16.99231],[-92.82524,16.99826],[-92.82193,16.99891],[-92.81887,16.99811],[-92.81977,16.99614],[-92.80881,16.99082],[-92.81564,16.98568],[-92.80436,16.98488],[-92.80076,16.98136],[-92.7993,16.97815],[-92.7939,16.97143],[-92.79128,16.96614],[-92.78533,16.96501],[-92.7852,16.96723],[-92.78217,16.97122],[-92.77934,16.97769],[-92.77988,16.98132],[-92.7788,16.98633],[-92.76791,16.98869],[-92.76094,16.98267],[-92.76299,16.97622],[-92.77173,16.97226],[-92.76003,16.95383],[-92.75024,16.95589],[-92.74798,16.95446],[-92.74599,16.95466],[-92.74269,16.95646],[-92.74221,16.9622],[-92.73847,16.9663],[-92.73841,16.97749],[-92.73513,16.98441],[-92.73149,16.98486],[-92.73139,16.98624],[-92.72982,16.98555],[-92.72676,16.98793],[-92.72387,16.98874],[-92.72438,16.98624],[-92.72142,16.98621],[-92.7213,16.98795],[-92.71741,16.98656],[-92.71546,16.98706],[-92.71403,16.98457],[-92.71259,16.98476],[-92.71116,16.98243],[-92.70829,16.99724],[-92.68115,17.02784],[-92.67909,17.02957],[-92.67028,17.03375],[-92.66675,17.03766],[-92.66315,17.04868],[-92.66355,17.05845],[-92.64628,17.06997],[-92.6377,17.07294],[-92.62391,17.07476],[-92.62324,17.07608],[-92.61752,17.07909],[-92.61314,17.08023],[-92.60913,17.0833],[-92.60699,17.08654],[-92.60431,17.0885],[-92.60351,17.09085],[-92.58739,17.10526],[-92.57933,17.11559],[-92.57902,17.10562],[-92.57209,17.10222],[-92.56991,17.10239],[-92.56573,17.09836],[-92.56471,17.09909],[-92.56133,17.09843],[-92.56163,17.10262],[-92.56531,17.10503],[-92.56259,17.10756],[-92.5577,17.10446],[-92.55724,17.10776],[-92.55809,17.10874],[-92.56243,17.10888],[-92.56402,17.10991],[-92.56493,17.11174],[-92.56482,17.11597],[-92.56056,17.11503],[-92.55398,17.11186],[-92.54958,17.11207],[-92.54725,17.11088],[-92.55021,17.1082],[-92.55193,17.10909],[-92.55407,17.10794],[-92.55372,17.10655],[-92.55152,17.10698],[-92.54836,17.10618],[-92.54424,17.10742],[-92.54227,17.10976],[-92.542,17.11174],[-92.54401,17.11501],[-92.54042,17.11546],[-92.54108,17.11875],[-92.53892,17.11946],[-92.53598,17.12922],[-92.53412,17.13273],[-92.5311,17.13174],[-92.52156,17.13162],[-92.5215,17.11596],[-92.51981,17.10562],[-92.52174,17.10513],[-92.52322,17.10185],[-92.52573,17.10234],[-92.52671,17.10393],[-92.53013,17.10233],[-92.52859,17.10074],[-92.52861,17.09899],[-92.53092,17.09691],[-92.53264,17.09299],[-92.5287,17.09107],[-92.52614,17.08669],[-92.52589,17.08451],[-92.529,17.0837],[-92.53086,17.08169],[-92.52891,17.07755],[-92.52404,17.07513],[-92.52188,17.07201],[-92.51727,17.06909],[-92.51513,17.06879],[-92.51292,17.07042],[-92.51115,17.07031],[-92.50829,17.0737],[-92.50904,17.07596],[-92.50836,17.08041],[-92.5104,17.0862],[-92.50994,17.08854],[-92.50894,17.08907],[-92.50601,17.08817],[-92.50352,17.09002],[-92.5009,17.09054],[-92.49926,17.09652],[-92.4972,17.09891],[-92.49839,17.10093],[-92.49762,17.10245],[-92.49815,17.10353],[-92.49405,17.10733],[-92.49347,17.11409],[-92.49178,17.11712],[-92.49306,17.11772],[-92.49299,17.1204],[-92.49511,17.1224],[-92.49574,17.12544],[-92.49742,17.12805],[-92.49228,17.12787],[-92.48672,17.13253],[-92.44536,17.13322]]]]}},{"type":"Feature","properties":{"nombre":"Chimalapas"},"geometry":{"type":"MultiPolygon","coordinates":[[[[-94.14789,17.1528],[-93.86743,17.13696],[-94.13347,16.47597],[-94.13276,16.50573],[-94.13092,16.50747],[-94.18621,16.50835],[-94.18918,16.51725],[-94.19077,16.52561],[-94.19884,16.53106],[-94.19867,16.54494],[-94.19989,16.55131],[-94.20499,16.54699],[-94.21093,16.54688],[-94.2127,16.54878],[-94.21352,16.55488],[-94.2194,16.55443],[-94.22454,16.55568],[-94.22702,16.55433],[-94.23,16.55727],[-94.23342,16.55795],[-94.23615,16.56119],[-94.23786,16.56144],[-94.24116,16.56748],[-94.24345,16.57009],[-94.24513,16.57058],[-94.24693,16.56816],[-94.24948,16.57052],[-94.25316,16.56913],[-94.2545,16.56693],[-94.25512,16.56262],[-94.2565,16.5607],[-94.26041,16.55813],[-94.2656,16.55653],[-94.2702,16.55218],[-94.26879,16.58593],[-94.31292,16.57287],[-94.31607,16.59699],[-94.35868,16.58568],[-94.35917,16.57635],[-94.36247,16.57641],[-94.36467,16.57818],[-94.36695,16.57765],[-94.3684,16.57574],[-94.36889,16.57217],[-94.3759,16.56563],[-94.37666,16.5626],[-94.37786,16.56431],[-94.38427,16.56703],[-94.38578,16.56837],[-94.38738,16.57203],[-94.39002,16.57176],[-94.3926,16.57351],[-94.39633,16.57305],[-94.4042,16.5767],[-94.42341,16.57106],[-94.41567,16.58522],[-94.46402,16.59482],[-94.46841,16.63817],[-94.47981,16.63761],[-94.4876,16.61494],[-94.49011,16.59999],[-94.5376,16.60952],[-94.54064,16.61623],[-94.54429,16.61647],[-94.54682,16.61536],[-94.55219,16.61482],[-94.55526,16.61582],[-94.55614,16.61362],[-94.63707,16.62992],[-94.63503,16.64333],[-94.63585,16.64406],[-94.65109,16.64707],[-94.65274,16.64289],[-94.65572,16.64392],[-94.65829,16.64617],[-94.66066,16.64656],[-94.6628,16.64537],[-94.66452,16.64556],[-94.66888,16.63822],[-94.6951,16.63985],[-94.75963,16.65231],[-94.75496,16.62944],[-94.75541,16.6283],[-94.7536,16.62553],[-94.75462,16.61706],[-94.75402,16.61444],[-94.75514,16.61188],[-94.83432,16.61904],[-94.84897,16.63117],[-94.84459,16.63839],[-94.82988,16.67068],[-94.81361,16.67036],[-94.81152,16.68845],[-94.82698,16.70531],[-94.82245,16.72576],[-94.83517,16.74394],[-94.83544,16.74863],[-94.82148,16.77083],[-94.81116,16.77283],[-94.80898,16.78203],[-94.80739,16.78512],[-94.808,16.78511],[-94.80899,16.78828],[-94.81216,16.79087],[-94.81319,16.7936],[-94.81613,16.79329],[-94.817,16.79532],[-94.81631,16.79833],[-94.81791,16.79892],[-94.81773,16.80425],[-94.81834,16.80473],[-94.81965,16.80411],[-94.81982,16.80559],[-94.82358,16.80449],[-94.82509,16.80699],[-94.828,16.80559],[-94.82847,16.80774],[-94.83046,16.8077],[-94.83108,16.81159],[-94.83185,16.8126],[-94.83367,16.81268],[-94.83315,16.81391],[-94.83459,16.81453],[-94.83613,16.81171],[-94.84097,16.81193],[-94.84219,16.80992],[-94.84338,16.81016],[-94.84358,16.80238],[-94.84515,16.79875],[-94.84929,16.79454],[-94.85092,16.79515],[-94.85189,16.79896],[-94.85448,16.80118],[-94.8543,16.80805],[-94.85747,16.80783],[-94.85971,16.80986],[-94.86092,16.80996],[-94.86283,16.81382],[-94.86508,16.81234],[-94.86668,16.81233],[-94.86837,16.81726],[-94.87144,16.81549],[-94.87262,16.81941],[-94.87659,16.82296],[-94.87832,16.82618],[-94.88409,16.83],[-94.88606,16.83327],[-94.88638,16.83652],[-94.89506,16.84393],[-94.89567,16.84494],[-94.89535,16.84756],[-94.90256,16.85006],[-94.90056,16.85453],[-94.90219,16.85838],[-94.90173,16.85952],[-94.90073,16.8613],[-94.89798,16.86196],[-94.89621,16.86354],[-94.89569,16.86511],[-94.89763,16.87071],[-94.89969,16.87058],[-94.90126,16.87322],[-94.89507,16.8786],[-94.89458,16.8801],[-94.89623,16.88132],[-94.89559,16.88194],[-94.8934,16.88211],[-94.89039,16.87953],[-94.88898,16.88006],[-94.8892,16.88204],[-94.89199,16.8839],[-94.88789,16.89054],[-94.89155,16.89468],[-94.89162,16.89583],[-94.88723,16.89991],[-94.88407,16.90082],[-94.88147,16.90495],[-94.88102,16.90957],[-94.87642,16.90826],[-94.87182,16.91023],[-94.8677,16.90963],[-94.86324,16.90344],[-94.86123,16.90221],[-94.85982,16.89907],[-94.8578,16.89761],[-94.85653,16.89465],[-94.85375,16.89321],[-94.8458,16.89549],[-94.83474,16.89531],[-94.83245,16.89892],[-94.82896,16.90011],[-94.82849,16.90118],[-94.82558,16.89996],[-94.82012,16.89991],[-94.80607,16.90712],[-94.80021,16.90433],[-94.79595,16.90348],[-94.7927,16.90698],[-94.79405,16.91046],[-94.79013,16.91003],[-94.7886,16.91454],[-94.78478,16.91107],[-94.78355,16.91081],[-94.77712,16.91124],[-94.77493,16.91238],[-94.77375,16.92132],[-94.77081,16.9283],[-94.77626,16.93129],[-94.77996,16.93211],[-94.78095,16.93353],[-94.77863,16.9384],[-94.77256,16.93889],[-94.77111,16.94059],[-94.77109,16.94194],[-94.77236,16.94286],[-94.77498,16.94898],[-94.7758,16.94937],[-94.78824,16.95371],[-94.79573,16.95041],[-94.80284,16.95456],[-94.80525,16.95982],[-94.80874,16.96215],[-94.81701,16.96131],[-94.82218,16.96243],[-94.82283,16.96376],[-94.82194,16.96603],[-94.8191,16.96906],[-94.81626,16.97055],[-94.81508,16.97462],[-94.81808,16.97595],[-94.82174,16.97409],[-94.83032,16.97794],[-94.834,16.97874],[-94.83409,16.98375],[-94.84396,16.9874],[-94.84428,16.99286],[-94.84822,16.99902],[-94.84824,17.00182],[-94.83974,17.01223],[-94.83977,17.01453],[-94.84126,17.01628],[-94.84324,17.01679],[-94.84366,17.01577],[-94.85046,17.0114],[-94.85479,17.01105],[-94.86349,17.00676],[-94.86536,17.00679],[-94.8718,17.00983],[-94.87582,17.0094],[-94.87856,17.00725],[-94.88142,17.00776],[-94.88277,17.0088],[-94.88419,17.01307],[-94.88343,17.01363],[-94.88269,17.01703],[-94.87906,17.02049],[-94.88073,17.02331],[-94.88185,17.02838],[-94.88341,17.03048],[-94.89044,17.0339],[-94.89671,17.03542],[-94.89801,17.03662],[-94.91032,17.03994],[-94.91208,17.04089],[-94.91563,17.04568],[-94.91633,17.04405],[-94.91671,17.04587],[-94.91373,17.04774],[-94.90933,17.04633],[-94.90549,17.04316],[-94.90173,17.04242],[-94.89314,17.0438],[-94.88877,17.04809],[-94.88875,17.04966],[-94.89376,17.05452],[-94.89769,17.057],[-94.89935,17.05921],[-94.89769,17.06093],[-94.89319,17.06166],[-94.88743,17.05873],[-94.8836,17.05871],[-94.88048,17.0619],[-94.88294,17.06827],[-94.87859,17.06594],[-94.8773,17.06245],[-94.87792,17.05802],[-94.87605,17.05463],[-94.87579,17.05253],[-94.87732,17.05124],[-94.87938,17.05224],[-94.88001,17.05153],[-94.8795,17.05051],[-94.87695,17.04979],[-94.87518,17.05093],[-94.866,17.05064],[-94.86579,17.05632],[-94.86454,17.05694],[-94.86235,17.05666],[-94.85709,17.05413],[-94.85581,17.05441],[-94.85133,17.05297],[-94.85008,17.05201],[-94.84903,17.04921],[-94.84774,17.04858],[-94.84375,17.05018],[-94.84105,17.05335],[-94.83889,17.05338],[-94.83657,17.05145],[-94.83563,17.04409],[-94.8347,17.04268],[-94.83613,17.04012],[-94.83595,17.03878],[-94.83385,17.03846],[-94.83042,17.03515],[-94.8211,17.02903],[-94.81517,17.02855],[-94.81188,17.02955],[-94.81089,17.03369],[-94.81142,17.04017],[-94.80904,17.04143],[-94.8067,17.03898],[-94.80502,17.04088],[-94.80344,17.04475],[-94.79949,17.04317],[-94.79704,17.0435],[-94.7945,17.03778],[-94.79123,17.03745],[-94.78782,17.03541],[-94.78477,17.03483],[-94.78212,17.03253],[-94.78097,17.03333],[-94.78016,17.03764],[-94.77772,17.03978],[-94.77703,17.0447],[-94.77121,17.04537],[-94.77,17.0432],[-94.76745,17.04357],[-94.76684,17.0457],[-94.7644,17.04529],[-94.76305,17.04384],[-94.76104,17.04485],[-94.75464,17.04512],[-94.755,17.04317],[-94.75316,17.0421],[-94.7498,17.04404],[-94.74665,17.04436],[-94.74431,17.04362],[-94.74243,17.04497],[-94.73423,17.05543],[-94.72339,17.06734],[-94.71443,17.07548],[-94.71316,17.07419],[-94.71039,17.07381],[-94.70847,17.08184],[-94.70523,17.08388],[-94.70649,17.08594],[-94.70634,17.08772],[-94.70186,17.08948],[-94.70313,17.09124],[-94.70525,17.0905],[-94.70531,17.094],[-94.70686,17.09588],[-94.70616,17.09741],[-94.70807,17.09928],[-94.71006,17.09906],[-94.7172,17.09337],[-94.72035,17.09535],[-94.72062,17.09615],[-94.71929,17.09666],[-94.71913,17.09799],[-94.72097,17.10195],[-94.72355,17.10404],[-94.72415,17.10725],[-94.72537,17.10764],[-94.7292,17.10524],[-94.73391,17.10401],[-94.74255,17.10471],[-94.74748,17.10367],[-94.74809,17.10261],[-94.74732,17.09951],[-94.74232,17.09273],[-94.74209,17.09117],[-94.74668,17.09178],[-94.74939,17.09429],[-94.75061,17.09018],[-94.75638,17.0928],[-94.75791,17.09455],[-94.76183,17.0952],[-94.76304,17.09763],[-94.76259,17.10007],[-94.75977,17.10378],[-94.75989,17.1092],[-94.75701,17.10999],[-94.75665,17.11187],[-94.75265,17.11144],[-94.75486,17.11459],[-94.79022,17.11469],[-94.79532,17.12223],[-94.78998,17.12559],[-94.78771,17.12909],[-94.78861,17.12948],[-94.78963,17.13197],[-94.79477,17.13388],[-94.79997,17.12619],[-94.79633,17.12404],[-94.80194,17.12568],[-94.81367,17.14756],[-94.81017,17.14796],[-94.81059,17.15056],[-94.80961,17.15052],[-94.81081,17.15273],[-94.81074,17.15203],[-94.81296,17.15225],[-94.81578,17.15133],[-94.81758,17.15461],[-94.81292,17.15663],[-94.8259,17.17966],[-94.82481,17.1815],[-94.82358,17.18877],[-94.14789,17.1528]]]]}},{"type":"Feature","properties":{"nombre":"Chinanteca"},"geometry":{"type":"MultiPolygon","coordinates":[[[[-96.12008,18.4228],[-96.11874,18.42134],[-96.11741,18.42131],[-96.11553,18.41874],[-96.11268,18.41985],[-96.11175,18.4161],[-96.1073,18.4167],[-96.10667,18.42012],[-96.10499,18.42173],[-96.10373,18.42076],[-96.09746,18.41979],[-96.09523,18.41582],[-96.0918,18.41356],[-96.08367,18.41042],[-96.08177,18.41091],[-96.07988,18.41335],[-96.07819,18.41167],[-96.07577,18.41095],[-96.07446,18.40897],[-96.07196,18.41067],[-96.06836,18.41172],[-96.06431,18.41568],[-96.06066,18.41606],[-96.05962,18.41548],[-96.05894,18.41277],[-96.05004,18.40742],[-96.04673,18.40168],[-96.04382,18.40007],[-96.03873,18.40205],[-96.03831,18.40495],[-96.03755,18.40548],[-96.03269,18.40454],[-96.03118,18.40311],[-96.03127,18.39905],[-96.02915,18.39561],[-96.02727,18.39346],[-96.02426,18.39335],[-96.02435,18.38949],[-96.01589,18.38793],[-96.01564,18.38306],[-96.0166,18.37541],[-96.03309,18.38252],[-96.03693,18.37429],[-96.03511,18.37334],[-96.03629,18.36511],[-96.0351,18.36275],[-96.04342,18.36055],[-96.04447,18.36474],[-96.04716,18.36464],[-96.04882,18.36592],[-96.05478,18.36459],[-96.05354,18.36119],[-96.05894,18.35949],[-96.05776,18.35607],[-96.05933,18.35558],[-96.06021,18.35736],[-96.0625,18.35348],[-96.06641,18.35219],[-96.06417,18.34647],[-96.06639,18.34725],[-96.06636,18.33991],[-96.06566,18.33921],[-96.06727,18.33738],[-96.06812,18.33452],[-96.07095,18.33486],[-96.07201,18.33409],[-96.07462,18.33517],[-96.07546,18.33642],[-96.07864,18.33685],[-96.08207,18.33503],[-96.08443,18.33151],[-96.08634,18.33137],[-96.08639,18.3304],[-96.09007,18.32678],[-96.08926,18.32492],[-96.08989,18.32213],[-96.08889,18.3219],[-96.09195,18.3186],[-96.09008,18.31833],[-96.08951,18.31902],[-96.08747,18.3181],[-96.08498,18.31575],[-96.08548,18.31449],[-96.08353,18.31429],[-96.08239,18.3053],[-96.08249,18.30621],[-96.07642,18.30799],[-96.07531,18.31051],[-96.07155,18.31454],[-96.0706,18.31352],[-96.06978,18.31417],[-96.06379,18.30836],[-96.06313,18.30679],[-96.05825,18.30398],[-96.0595,18.29906],[-96.0576,18.30237],[-96.05664,18.30183],[-96.05878,18.29848],[-96.05774,18.29798],[-96.05626,18.30058],[-96.05529,18.29981],[-96.05708,18.29585],[-96.05498,18.2943],[-96.05571,18.2899],[-96.06991,18.28776],[-96.06703,18.28388],[-96.07072,18.28298],[-96.06982,18.27519],[-96.07203,18.27463],[-96.07134,18.26997],[-96.06848,18.2685],[-96.06642,18.266],[-96.06506,18.26407],[-96.06461,18.26085],[-96.06089,18.26131],[-96.05996,18.2548],[-96.05562,18.25471],[-96.05593,18.25412],[-96.05362,18.25301],[-96.05357,18.25165],[-96.06515,18.24893],[-96.0621,18.2397],[-96.06676,18.23865],[-96.06661,18.23768],[-96.07818,18.23247],[-96.07847,18.22689],[-96.07878,18.22778],[-96.07971,18.22768],[-96.07896,18.2253],[-96.08041,18.2187],[-96.07761,18.21878],[-96.07741,18.22038],[-96.07545,18.22061],[-96.07377,18.22075],[-96.07353,18.21906],[-96.0698,18.21968],[-96.06906,18.21414],[-96.07088,18.21394],[-96.07061,18.21214],[-96.07251,18.21188],[-96.07227,18.21042],[-96.07407,18.21017],[-96.07446,18.20668],[-96.07673,18.20507],[-96.07855,18.20161],[-96.07819,18.19983],[-96.08184,18.19913],[-96.08223,18.2009],[-96.08521,18.20091],[-96.08972,18.19496],[-96.09483,18.194],[-96.09728,18.1919],[-96.09696,18.19353],[-96.10354,18.19542],[-96.10416,18.19211],[-96.11848,18.19175],[-96.11847,18.18712],[-96.11963,18.1858],[-96.12079,18.18742],[-96.12035,18.18503],[-96.1222,18.18462],[-96.12238,18.18788],[-96.12415,18.18785],[-96.12533,18.18659],[-96.12778,18.18659],[-96.12813,18.18731],[-96.13838,18.18476],[-96.13949,18.1903],[-96.13793,18.19079],[-96.13829,18.19194],[-96.13947,18.19165],[-96.13974,18.19927],[-96.14279,18.19846],[-96.14286,18.19558],[-96.14631,18.1952],[-96.14589,18.19186],[-96.1475,18.19149],[-96.14863,18.19394],[-96.14938,18.19365],[-96.14996,18.19288],[-96.14914,18.191],[-96.14998,18.19062],[-96.15191,18.19083],[-96.15341,18.19352],[-96.15443,18.19355],[-96.15633,18.19338],[-96.15604,18.19224],[-96.15883,18.19154],[-96.15792,18.18899],[-96.17334,18.19043],[-96.17314,18.18897],[-96.17194,18.18875],[-96.17139,18.18642],[-96.16974,18.1857],[-96.169,18.18339],[-96.16856,18.17698],[-96.16913,18.1721],[-96.17024,18.1698],[-96.17285,18.16781],[-96.1872,18.16675],[-96.18761,18.16567],[-96.1834,18.16062],[-96.18281,18.15782],[-96.18302,18.15695],[-96.18652,18.1555],[-96.18796,18.15349],[-96.18828,18.1513],[-96.17967,18.14057],[-96.17721,18.1393],[-96.15764,18.13253],[-96.14972,18.13164],[-96.14748,18.13309],[-96.14363,18.14015],[-96.14139,18.13912],[-96.13842,18.13498],[-96.13672,18.13404],[-96.13469,18.13476],[-96.13312,18.13657],[-96.12875,18.13798],[-96.12258,18.14157],[-96.12216,18.14636],[-96.12393,18.15158],[-96.12305,18.15423],[-96.12168,18.15494],[-96.11915,18.15418],[-96.11715,18.15517],[-96.11695,18.15862],[-96.11547,18.16197],[-96.11432,18.16407],[-96.11206,18.16577],[-96.10854,18.16604],[-96.10402,18.16485],[-96.09918,18.16684],[-96.09742,18.16676],[-96.0895,18.16366],[-96.08423,18.16253],[-96.07948,18.14979],[-96.06886,18.14077],[-96.06638,18.13159],[-96.06425,18.13227],[-96.06099,18.13125],[-96.05946,18.13248],[-96.05907,18.1339],[-96.05698,18.13402],[-96.05575,18.13346],[-96.05343,18.13025],[-96.05309,18.12781],[-96.05139,18.12674],[-96.04701,18.13069],[-96.04687,18.13656],[-96.04311,18.13467],[-96.04105,18.1385],[-96.02818,18.13356],[-96.02601,18.13342],[-96.02322,18.13453],[-96.02131,18.13643],[-96.02094,18.1379],[-96.02021,18.13705],[-96.01932,18.13774],[-96.01895,18.13605],[-96.01636,18.13644],[-96.01241,18.1385],[-96.01015,18.14213],[-96.00654,18.14334],[-96.00451,18.14312],[-96.00368,18.14442],[-96.00035,18.14437],[-95.9991,18.14583],[-95.99666,18.14685],[-95.99706,18.14769],[-95.99535,18.15056],[-95.99433,18.15036],[-95.9933,18.15162],[-95.99163,18.15106],[-95.99107,18.15194],[-95.99023,18.15093],[-95.9859,18.15003],[-95.98266,18.14538],[-95.98199,18.14558],[-95.98168,18.14295],[-95.97926,18.14673],[-95.97604,18.13465],[-95.97852,18.12026],[-95.97292,18.11818],[-95.97328,18.09372],[-95.96682,18.09362],[-95.96786,18.08357],[-95.96984,18.08369],[-95.97001,18.08047],[-95.97333,18.08067],[-95.97356,18.08228],[-95.98353,18.09621],[-95.98337,18.09355],[-95.98609,18.0838],[-95.98522,18.07478],[-95.98705,18.06334],[-95.98706,18.0555],[-95.98477,18.05494],[-95.98443,18.05409],[-95.98555,18.04903],[-95.97865,18.04316],[-95.98082,18.04081],[-95.98044,18.03858],[-95.9815,18.03723],[-95.98114,18.0352],[-95.98261,18.03457],[-95.98144,18.03308],[-95.98727,18.02752],[-95.98719,18.02624],[-95.98909,18.02454],[-95.98884,18.02339],[-95.9874,18.02394],[-95.98784,18.02244],[-95.98649,18.02179],[-95.98575,18.02226],[-95.98473,18.0202],[-95.98135,18.01986],[-95.98051,18.01898],[-95.98191,18.01815],[-95.98106,18.01798],[-95.98145,18.01601],[-95.98226,18.01525],[-95.98312,18.01581],[-95.9824,18.01495],[-95.97941,18.01578],[-95.96755,18.00463],[-95.96659,17.99815],[-95.96788,17.99799],[-95.95979,17.99155],[-95.95411,17.98586],[-95.95499,17.98521],[-95.94215,17.98222],[-95.94966,17.97136],[-95.95144,17.95108],[-95.94853,17.95051],[-95.94913,17.94921],[-95.94691,17.94702],[-95.9444,17.94673],[-95.94426,17.94193],[-95.9517,17.94101],[-95.95191,17.93522],[-95.95013,17.93205],[-95.95102,17.92944],[-95.94709,17.92894],[-95.94716,17.928],[-95.94567,17.92823],[-95.94678,17.92466],[-95.94536,17.91959],[-95.94488,17.92001],[-95.94381,17.91882],[-95.94481,17.91806],[-95.94501,17.91332],[-95.94286,17.91162],[-95.93825,17.91401],[-95.92328,17.90945],[-95.92444,17.89743],[-95.90034,17.89515],[-95.90705,17.88917],[-95.90113,17.8831],[-95.8951,17.88856],[-95.8885,17.88184],[-95.90072,17.87831],[-95.90485,17.8749],[-95.89558,17.85606],[-95.87972,17.85827],[-95.87359,17.8579],[-95.86932,17.85675],[-95.86822,17.86029],[-95.85029,17.85526],[-95.85452,17.84955],[-95.85101,17.84776],[-95.85051,17.84853],[-95.8485,17.84812],[-95.80001,17.94982],[-95.79862,17.9457],[-95.79874,17.94367],[-95.80005,17.94143],[-95.79552,17.92735],[-95.79263,17.93226],[-95.79176,17.9319],[-95.78968,17.93606],[-95.77841,17.93145],[-95.78052,17.92727],[-95.77363,17.92438],[-95.77188,17.92879],[-95.76498,17.92595],[-95.76486,17.92681],[-95.76014,17.92616],[-95.75969,17.92902],[-95.75497,17.92833],[-95.75385,17.92775],[-95.75395,17.92633],[-95.7504,17.92334],[-95.73926,17.92162],[-95.73742,17.92176],[-95.73614,17.92336],[-95.73508,17.92297],[-95.7326,17.91929],[-95.72774,17.92082],[-95.7272,17.91923],[-95.72937,17.91617],[-95.72901,17.91573],[-95.7261,17.91819],[-95.71525,17.91779],[-95.70956,17.91244],[-95.70847,17.91329],[-95.7057,17.91254],[-95.70092,17.90886],[-95.70366,17.90269],[-95.70047,17.90032],[-95.69796,17.89674],[-95.70033,17.89079],[-95.69898,17.88924],[-95.69679,17.88147],[-95.69383,17.88257],[-95.69093,17.88529],[-95.68703,17.88211],[-95.68467,17.88394],[-95.67149,17.88509],[-95.66622,17.88928],[-95.65948,17.89229],[-95.65714,17.89216],[-95.65622,17.89278],[-95.65593,17.8944],[-95.65474,17.9058],[-95.65194,17.90971],[-95.64804,17.90709],[-95.64346,17.90609],[-95.63667,17.90046],[-95.63412,17.90035],[-95.63366,17.89504],[-95.63428,17.89305],[-95.63173,17.8915],[-95.6056,17.88856],[-95.6055,17.88913],[-95.56905,17.88374],[-95.5657,17.8848],[-95.56418,17.88343],[-95.56383,17.88498],[-95.56274,17.88331],[-95.56221,17.88589],[-95.55895,17.88664],[-95.561,17.88871],[-95.56214,17.89144],[-95.56696,17.89281],[-95.56736,17.89392],[-95.56578,17.9022],[-95.55647,17.90131],[-95.55441,17.89972],[-95.55127,17.89933],[-95.54402,17.90194],[-95.54023,17.90056],[-95.53551,17.90371],[-95.53473,17.90613],[-95.53144,17.90578],[-95.52859,17.90309],[-95.52769,17.90036],[-95.52308,17.8999],[-95.52194,17.89206],[-95.52215,17.88817],[-95.5189,17.88417],[-95.51646,17.88275],[-95.5132,17.87706],[-95.50835,17.87574],[-95.50179,17.8777],[-95.49592,17.8733],[-95.49228,17.87419],[-95.49026,17.87373],[-95.48141,17.86043],[-95.47925,17.85895],[-95.47761,17.8589],[-95.47936,17.85277],[-95.47785,17.84866],[-95.47897,17.8483],[-95.47817,17.84754],[-95.48037,17.84429],[-95.48736,17.84571],[-95.49562,17.84425],[-95.49553,17.83961],[-95.49764,17.83518],[-95.497,17.83201],[-95.49209,17.83284],[-95.49089,17.83542],[-95.48978,17.83597],[-95.48442,17.83379],[-95.48336,17.83501],[-95.48109,17.83534],[-95.47541,17.82883],[-95.47563,17.82575],[-95.47416,17.8255],[-95.47412,17.82272],[-95.46874,17.82172],[-95.46866,17.81704],[-95.47241,17.81768],[-95.47251,17.81312],[-95.47347,17.81326],[-95.47256,17.80434],[-95.47522,17.80144],[-95.47429,17.79966],[-95.47513,17.79547],[-95.4746,17.79301],[-95.47192,17.78953],[-95.47245,17.78269],[-95.47101,17.78158],[-95.47052,17.77884],[-95.46887,17.77717],[-95.46821,17.77534],[-95.46858,17.77362],[-95.46424,17.77144],[-95.46343,17.76988],[-95.46141,17.77154],[-95.45908,17.77011],[-95.45579,17.76996],[-95.45352,17.77057],[-95.45397,17.77138],[-95.45239,17.77295],[-95.45055,17.77203],[-95.44878,17.77383],[-95.44643,17.77381],[-95.44561,17.77075],[-95.44421,17.77074],[-95.44316,17.77197],[-95.44235,17.77121],[-95.44281,17.76854],[-95.44165,17.7672],[-95.43867,17.76732],[-95.43825,17.76573],[-95.43962,17.7632],[-95.43837,17.75885],[-95.43872,17.75645],[-95.43826,17.75563],[-95.43463,17.75529],[-95.43608,17.7532],[-95.43441,17.75312],[-95.43506,17.75123],[-95.43416,17.74829],[-95.431,17.74893],[-95.42898,17.74823],[-95.42761,17.74151],[-95.42829,17.7374],[-95.42646,17.73587],[-95.42642,17.73466],[-95.42383,17.73145],[-95.42858,17.72545],[-95.42735,17.72512],[-95.4258,17.72624],[-95.42066,17.72429],[-95.41941,17.7224],[-95.41773,17.72172],[-95.41931,17.7189],[-95.41855,17.71687],[-95.41388,17.71767],[-95.41163,17.7169],[-95.41032,17.71549],[-95.41166,17.71219],[-95.41749,17.7111],[-95.41912,17.70978],[-95.41801,17.70795],[-95.41401,17.70613],[-95.41199,17.70287],[-95.41222,17.70043],[-95.41416,17.69872],[-95.41448,17.6969],[-95.41279,17.69628],[-95.41138,17.69423],[-95.40975,17.69365],[-95.40724,17.69433],[-95.40495,17.69298],[-95.40316,17.6952],[-95.40125,17.69136],[-95.39388,17.68944],[-95.39154,17.69214],[-95.38827,17.69043],[-95.38512,17.69177],[-95.38288,17.69026],[-95.38267,17.68826],[-95.38121,17.68706],[-95.38103,17.68611],[-95.38288,17.68513],[-95.38281,17.68414],[-95.38016,17.6839],[-95.37895,17.68253],[-95.37448,17.68404],[-95.37311,17.68385],[-95.37232,17.68232],[-95.36861,17.68285],[-95.36538,17.67974],[-95.36448,17.6762],[-95.36232,17.67486],[-95.36016,17.67505],[-95.35757,17.67712],[-95.35601,17.67679],[-95.35521,17.67472],[-95.35387,17.67419],[-95.3526,17.67509],[-95.35101,17.68032],[-95.34376,17.68366],[-95.34186,17.68254],[-95.34006,17.6744],[-95.33813,17.67367],[-95.33507,17.67449],[-95.33381,17.67518],[-95.33276,17.67961],[-95.32875,17.68578],[-95.32306,17.68479],[-95.32135,17.68564],[-95.31948,17.6898],[-95.31671,17.69245],[-95.31665,17.69758],[-95.31039,17.6981],[-95.30661,17.69716],[-95.30732,17.7027],[-95.30959,17.70526],[-95.30997,17.70856],[-95.3058,17.71121],[-95.30259,17.71101],[-95.29998,17.71648],[-95.2991,17.72062],[-95.29781,17.72214],[-95.29574,17.72232],[-95.29379,17.71843],[-95.29118,17.71633],[-95.29266,17.71373],[-95.29224,17.71242],[-95.28672,17.71674],[-95.28191,17.71538],[-95.27999,17.71574],[-95.28072,17.71987],[-95.2792,17.72189],[-95.27164,17.71668],[-95.26718,17.71671],[-95.265,17.71798],[-95.26307,17.72488],[-95.26833,17.73313],[-95.26966,17.73955],[-95.26844,17.74117],[-95.26274,17.73874],[-95.26137,17.73256],[-95.25867,17.72854],[-95.25729,17.72898],[-95.25274,17.73349],[-95.23932,17.7367],[-95.23891,17.73926],[-95.19029,17.69204],[-95.18289,17.69147],[-95.18221,17.69051],[-95.18147,17.68582],[-95.1826,17.68459],[-95.18514,17.6846],[-95.1877,17.68064],[-95.18494,17.67676],[-95.18777,17.67107],[-95.18695,17.66393],[-95.18718,17.65565],[-95.18874,17.64963],[-95.18996,17.65004],[-95.19161,17.65437],[-95.19415,17.65508],[-95.19687,17.65328],[-95.19878,17.6479],[-95.2012,17.64741],[-95.20336,17.64885],[-95.20369,17.65354],[-95.20595,17.65466],[-95.20856,17.65352],[-95.20935,17.64795],[-95.21152,17.64451],[-95.21845,17.63933],[-95.22632,17.63857],[-95.24193,17.63496],[-95.24283,17.63548],[-95.2423,17.64128],[-95.24291,17.64368],[-95.24459,17.64553],[-95.24823,17.64598],[-95.25323,17.64206],[-95.25301,17.63337],[-95.25496,17.63115],[-95.259,17.62901],[-95.25658,17.62735],[-95.25056,17.62763],[-95.2489,17.62681],[-95.24841,17.62558],[-95.25144,17.62498],[-95.2537,17.6223],[-95.25555,17.62157],[-95.25806,17.62189],[-95.26067,17.62416],[-95.26278,17.62483],[-95.27126,17.62473],[-95.2716,17.62219],[-95.26955,17.6191],[-95.27022,17.61574],[-95.27305,17.61483],[-95.27861,17.61523],[-95.27854,17.61279],[-95.27465,17.60946],[-95.27237,17.6086],[-95.26982,17.60941],[-95.26765,17.60828],[-95.26746,17.6035],[-95.26475,17.60156],[-95.26315,17.60194],[-95.26207,17.6053],[-95.25919,17.60772],[-95.25444,17.60883],[-95.25207,17.60616],[-95.25327,17.6015],[-95.25767,17.59751],[-95.26015,17.594],[-95.25898,17.59147],[-95.25558,17.5897],[-95.25578,17.58365],[-95.25671,17.5815],[-95.26194,17.5825],[-95.26422,17.58167],[-95.26587,17.57924],[-95.26405,17.5752],[-95.26375,17.57244],[-95.27085,17.5709],[-95.27012,17.56641],[-95.26488,17.56324],[-95.26388,17.56196],[-95.26422,17.55986],[-95.2687,17.55579],[-95.27122,17.55582],[-95.27519,17.55743],[-95.27782,17.55515],[-95.27785,17.55375],[-95.27502,17.55186],[-95.27154,17.55303],[-95.26876,17.5529],[-95.26587,17.5501],[-95.26562,17.54705],[-95.26905,17.54525],[-95.27483,17.54695],[-95.27924,17.54588],[-95.28503,17.54636],[-95.28603,17.54583],[-95.28838,17.53697],[-95.29124,17.53417],[-95.29432,17.5345],[-95.30162,17.54022],[-95.30377,17.54021],[-95.30794,17.53849],[-95.31449,17.53944],[-95.31571,17.53829],[-95.31587,17.53696],[-95.31956,17.53588],[-95.32695,17.53096],[-95.32539,17.52876],[-95.32757,17.52598],[-95.32707,17.52403],[-95.32345,17.52122],[-95.31968,17.52248],[-95.31697,17.51785],[-95.31276,17.51566],[-95.3127,17.51333],[-95.31417,17.51147],[-95.31456,17.50842],[-95.31896,17.50865],[-95.32198,17.50505],[-95.32567,17.50431],[-95.32689,17.50495],[-95.3281,17.50929],[-95.32984,17.5107],[-95.33458,17.51273],[-95.34254,17.51777],[-95.34515,17.51721],[-95.34763,17.51158],[-95.34365,17.50709],[-95.34205,17.50295],[-95.34848,17.50102],[-95.34981,17.49333],[-95.3519,17.49271],[-95.35286,17.49351],[-95.35558,17.49365],[-95.35599,17.49293],[-95.35253,17.49155],[-95.35091,17.48983],[-95.35372,17.48756],[-95.3566,17.49101],[-95.35831,17.49185],[-95.3605,17.49174],[-95.36467,17.48902],[-95.37006,17.48819],[-95.37253,17.48644],[-95.37157,17.48149],[-95.3764,17.47923],[-95.38013,17.47609],[-95.38248,17.47606],[-95.38691,17.47994],[-95.38927,17.47981],[-95.39047,17.47817],[-95.38728,17.47691],[-95.3865,17.47563],[-95.3866,17.47308],[-95.38925,17.47115],[-95.39235,17.47076],[-95.39304,17.46991],[-95.39235,17.46398],[-95.39606,17.46207],[-95.39702,17.46194],[-95.4075,17.47043],[-95.41043,17.47061],[-95.41192,17.46956],[-95.41194,17.46866],[-95.41052,17.4623],[-95.40644,17.45506],[-95.40754,17.45357],[-95.41185,17.45694],[-95.41812,17.4585],[-95.41936,17.45946],[-95.41974,17.46198],[-95.42116,17.46132],[-95.4227,17.45856],[-95.42705,17.45794],[-95.43002,17.45937],[-95.43192,17.46171],[-95.43415,17.46222],[-95.43418,17.4591],[-95.43336,17.45681],[-95.43061,17.45355],[-95.43098,17.45247],[-95.43314,17.45081],[-95.43876,17.45041],[-95.44161,17.44839],[-95.44296,17.44841],[-95.44392,17.44654],[-95.44418,17.44213],[-95.44597,17.44145],[-95.44481,17.44233],[-95.44694,17.44242],[-95.45097,17.44788],[-95.45663,17.45096],[-95.46172,17.45147],[-95.46572,17.44892],[-95.46795,17.44857],[-95.47689,17.4529],[-95.47857,17.45218],[-95.48198,17.44737],[-95.48712,17.44549],[-95.48997,17.44179],[-95.4935,17.44176],[-95.49606,17.44568],[-95.49853,17.44687],[-95.49983,17.44665],[-95.50132,17.44218],[-95.50418,17.44071],[-95.50671,17.44106],[-95.50892,17.44277],[-95.51012,17.4463],[-95.50904,17.45061],[-95.51109,17.45329],[-95.51325,17.45363],[-95.51397,17.45297],[-95.51436,17.44965],[-95.51381,17.44757],[-95.51534,17.44414],[-95.51879,17.44064],[-95.52313,17.43888],[-95.52354,17.43781],[-95.52762,17.43542],[-95.5286,17.43347],[-95.52955,17.43317],[-95.52864,17.43306],[-95.53007,17.42831],[-95.5353,17.42524],[-95.5357,17.42235],[-95.53944,17.42086],[-95.54571,17.42119],[-95.54776,17.42273],[-95.54747,17.42616],[-95.54809,17.42785],[-95.5513,17.42948],[-95.55285,17.42804],[-95.55332,17.42278],[-95.55406,17.42235],[-95.55714,17.42365],[-95.56029,17.42272],[-95.56204,17.41986],[-95.56354,17.41259],[-95.56312,17.40756],[-95.55093,17.39896],[-95.55107,17.39534],[-95.55434,17.39566],[-95.55737,17.39717],[-95.56586,17.39385],[-95.5693,17.39672],[-95.57112,17.39284],[-95.57213,17.38588],[-95.57361,17.38462],[-95.57828,17.38328],[-95.57821,17.3765],[-95.579,17.37516],[-95.58454,17.37537],[-95.59042,17.37295],[-95.5978,17.37446],[-95.59728,17.37216],[-95.59304,17.36928],[-95.59294,17.36845],[-95.59544,17.36673],[-95.59856,17.36747],[-95.60369,17.36335],[-95.60167,17.35944],[-95.60461,17.356],[-95.60338,17.35346],[-95.60374,17.3509],[-95.60575,17.34792],[-95.60956,17.34569],[-95.61035,17.34196],[-95.61274,17.34014],[-95.61564,17.34067],[-95.6193,17.33459],[-95.62637,17.32804],[-95.63059,17.32569],[-95.63244,17.3218],[-95.63601,17.32094],[-95.63855,17.32259],[-95.64408,17.31803],[-95.64519,17.31787],[-95.64715,17.31957],[-95.64833,17.31902],[-95.64872,17.3159],[-95.65203,17.31238],[-95.65074,17.31121],[-95.64799,17.31133],[-95.64678,17.30997],[-95.64707,17.30876],[-95.6489,17.30841],[-95.64948,17.30589],[-95.65481,17.3013],[-95.66252,17.29908],[-95.66288,17.29759],[-95.66157,17.29633],[-95.65996,17.29775],[-95.65873,17.29724],[-95.65999,17.29059],[-95.66341,17.28882],[-95.66777,17.28842],[-95.66723,17.28552],[-95.67047,17.28402],[-95.66566,17.27745],[-95.66691,17.27664],[-95.67007,17.27847],[-95.67243,17.27758],[-95.67202,17.27344],[-95.67141,17.27262],[-95.66937,17.27294],[-95.66746,17.27172],[-95.66579,17.2727],[-95.66499,17.27184],[-95.66488,17.27027],[-95.66845,17.2625],[-95.66766,17.25483],[-95.66864,17.25331],[-95.6707,17.25295],[-95.67211,17.2515],[-95.67216,17.24732],[-95.67567,17.24871],[-95.67484,17.25077],[-95.67541,17.25189],[-95.67871,17.24923],[-95.67788,17.24437],[-95.67444,17.24268],[-95.67384,17.24133],[-95.6784,17.23888],[-95.68112,17.23475],[-95.68303,17.23423],[-95.68692,17.23539],[-95.69009,17.23448],[-95.69507,17.23615],[-95.69458,17.2403],[-95.69592,17.24204],[-95.69911,17.24372],[-95.70096,17.24621],[-95.70294,17.24635],[-95.70347,17.24766],[-95.70513,17.24823],[-95.70673,17.24665],[-95.70836,17.24757],[-95.70956,17.2499],[-95.71197,17.25051],[-95.71533,17.25404],[-95.7164,17.25676],[-95.71482,17.26137],[-95.71248,17.26363],[-95.71516,17.27034],[-95.717,17.27191],[-95.72119,17.27297],[-95.72213,17.27435],[-95.72442,17.27478],[-95.7256,17.27663],[-95.72702,17.27667],[-95.72854,17.27491],[-95.72995,17.2752],[-95.73067,17.27778],[-95.72932,17.27859],[-95.73024,17.28176],[-95.73286,17.28259],[-95.73583,17.2822],[-95.73779,17.2795],[-95.73958,17.27894],[-95.73841,17.28192],[-95.73975,17.28417],[-95.74023,17.28317],[-95.74316,17.2835],[-95.7421,17.28114],[-95.74249,17.27978],[-95.74659,17.27882],[-95.74596,17.27513],[-95.74837,17.27514],[-95.74897,17.26746],[-95.75054,17.26575],[-95.7531,17.26507],[-95.7559,17.26579],[-95.76143,17.26355],[-95.7633,17.26348],[-95.76411,17.2643],[-95.76834,17.26236],[-95.77309,17.26459],[-95.7825,17.25743],[-95.78868,17.25455],[-95.79035,17.25179],[-95.79359,17.24901],[-95.7978,17.24225],[-95.80443,17.23714],[-95.80575,17.23503],[-95.82452,17.25625],[-95.83428,17.25844],[-95.84855,17.26368],[-95.85475,17.26028],[-95.87585,17.27342],[-95.8771,17.27837],[-95.88143,17.28194],[-95.88796,17.2788],[-95.89609,17.27914],[-95.89814,17.27723],[-95.89955,17.27297],[-95.90037,17.2765],[-95.90207,17.27886],[-95.90014,17.28194],[-95.8997,17.28457],[-95.8984,17.28495],[-95.8979,17.28716],[-95.89688,17.28767],[-95.8975,17.28876],[-95.89716,17.29212],[-95.89628,17.29353],[-95.89476,17.29405],[-95.8964,17.29455],[-95.89657,17.29596],[-95.8949,17.29717],[-95.89469,17.29945],[-95.89287,17.30069],[-95.89391,17.30304],[-95.89074,17.30271],[-95.88948,17.30537],[-95.88871,17.30529],[-95.88984,17.30661],[-95.89079,17.3115],[-95.88984,17.31367],[-95.89053,17.31503],[-95.88682,17.31926],[-95.88638,17.32288],[-95.88535,17.32342],[-95.88664,17.32382],[-95.88686,17.32492],[-95.88603,17.32702],[-95.88432,17.32655],[-95.88452,17.32834],[-95.88703,17.33038],[-95.88603,17.33161],[-95.88316,17.3318],[-95.88093,17.33591],[-95.88329,17.33774],[-95.8834,17.33927],[-95.88477,17.33783],[-95.88683,17.33756],[-95.88638,17.33497],[-95.88812,17.33561],[-95.89055,17.33413],[-95.89151,17.33431],[-95.89191,17.33573],[-95.89416,17.33388],[-95.89533,17.33556],[-95.89666,17.33473],[-95.89776,17.33561],[-95.89936,17.33448],[-95.90584,17.33347],[-95.90702,17.33391],[-95.90821,17.33305],[-95.91036,17.33339],[-95.9119,17.33498],[-95.91112,17.33575],[-95.91339,17.33715],[-95.91387,17.33612],[-95.91641,17.33652],[-95.91663,17.33807],[-95.9153,17.33996],[-95.9156,17.34063],[-95.91671,17.34074],[-95.91772,17.33842],[-95.91926,17.33837],[-95.91982,17.33988],[-95.92102,17.33903],[-95.923,17.33984],[-95.92422,17.33941],[-95.92555,17.33982],[-95.92596,17.34146],[-95.92767,17.34079],[-95.93017,17.34232],[-95.93082,17.33971],[-95.93314,17.33859],[-95.93249,17.34102],[-95.93493,17.34119],[-95.93638,17.34041],[-95.93951,17.34343],[-95.94237,17.34427],[-95.94486,17.34349],[-95.94806,17.35235],[-95.94754,17.35382],[-95.94914,17.35564],[-95.94882,17.35742],[-95.94961,17.35946],[-95.95155,17.36096],[-95.95248,17.36672],[-95.95396,17.36719],[-95.95535,17.3713],[-95.95904,17.37209],[-95.96132,17.3746],[-95.96691,17.37725],[-95.96923,17.37989],[-95.99082,17.37958],[-95.99665,17.38568],[-95.99865,17.38546],[-95.99756,17.38496],[-95.99949,17.38036],[-96.00541,17.38002],[-96.00768,17.37807],[-96.00867,17.37582],[-96.00796,17.37315],[-96.00975,17.3709],[-96.0109,17.3705],[-96.01483,17.37176],[-96.01947,17.37028],[-96.0211,17.36892],[-96.02171,17.36644],[-96.02414,17.36487],[-96.02588,17.36493],[-96.03123,17.36863],[-96.03674,17.36261],[-96.04228,17.36304],[-96.04394,17.36577],[-96.04486,17.36508],[-96.04496,17.3619],[-96.04411,17.35914],[-96.03938,17.35234],[-96.03811,17.34894],[-96.03838,17.34369],[-96.07751,17.37092],[-96.07705,17.38253],[-96.08105,17.38836],[-96.0854,17.39037],[-96.08628,17.39574],[-96.09221,17.39238],[-96.09787,17.39653],[-96.10254,17.40411],[-96.10178,17.41016],[-96.10076,17.41192],[-96.11761,17.43563],[-96.12625,17.44206],[-96.12627,17.44437],[-96.12358,17.44603],[-96.11436,17.44711],[-96.11328,17.45008],[-96.11008,17.45476],[-96.11085,17.45815],[-96.10913,17.45884],[-96.10784,17.46214],[-96.10333,17.46359],[-96.10306,17.46493],[-96.10066,17.46653],[-96.09961,17.47519],[-96.10138,17.48007],[-96.10085,17.48427],[-96.0979,17.48958],[-96.09063,17.49577],[-96.08855,17.50081],[-96.09028,17.50886],[-96.09513,17.51068],[-96.09745,17.51375],[-96.09753,17.51699],[-96.0961,17.52138],[-96.09753,17.5228],[-96.09741,17.52369],[-96.0959,17.52752],[-96.09284,17.52884],[-96.09206,17.52878],[-96.09146,17.52714],[-96.09023,17.52844],[-96.08826,17.52876],[-96.08564,17.52798],[-96.08768,17.53063],[-96.08752,17.53407],[-96.0889,17.53595],[-96.08926,17.53802],[-96.08554,17.54037],[-96.08402,17.54291],[-96.0812,17.54364],[-96.08696,17.54971],[-96.08353,17.54972],[-96.07631,17.56527],[-96.07174,17.58635],[-96.08541,17.59995],[-96.09239,17.60039],[-96.09927,17.60995],[-96.1085,17.61074],[-96.12748,17.6234],[-96.09368,17.62589],[-96.09143,17.62807],[-96.08734,17.62962],[-96.08677,17.63096],[-96.08828,17.63369],[-96.09083,17.63442],[-96.09072,17.6391],[-96.09233,17.64251],[-96.09479,17.64481],[-96.09747,17.6465],[-96.10122,17.64543],[-96.10427,17.64725],[-96.10602,17.64975],[-96.11018,17.65096],[-96.11266,17.6506],[-96.11409,17.65398],[-96.11556,17.65393],[-96.11893,17.65637],[-96.11509,17.66314],[-96.1174,17.66838],[-96.13601,17.66143],[-96.1486,17.66207],[-96.16536,17.66454],[-96.23607,17.65004],[-96.23822,17.65245],[-96.24068,17.6522],[-96.24326,17.65069],[-96.24603,17.65071],[-96.24653,17.64995],[-96.24749,17.65055],[-96.24803,17.64964],[-96.25032,17.65034],[-96.25224,17.65324],[-96.25243,17.65638],[-96.25415,17.65463],[-96.25962,17.65426],[-96.27865,17.65856],[-96.2867,17.65732],[-96.28506,17.65454],[-96.28535,17.65364],[-96.28839,17.65432],[-96.29151,17.6535],[-96.29179,17.65195],[-96.28994,17.6486],[-96.29208,17.6472],[-96.29275,17.64596],[-96.29243,17.64401],[-96.29355,17.64364],[-96.29574,17.64493],[-96.29944,17.64382],[-96.30063,17.64491],[-96.30147,17.64766],[-96.30412,17.64701],[-96.30454,17.64506],[-96.30699,17.64263],[-96.30567,17.63934],[-96.30976,17.63958],[-96.31094,17.63885],[-96.30763,17.63724],[-96.30416,17.63379],[-96.30293,17.62996],[-96.30222,17.62976],[-96.30059,17.63143],[-96.29585,17.63176],[-96.29463,17.62826],[-96.29757,17.62681],[-96.29729,17.62556],[-96.29959,17.62391],[-96.29945,17.61844],[-96.29828,17.61467],[-96.29489,17.61336],[-96.29369,17.60713],[-96.29438,17.60573],[-96.29758,17.60452],[-96.3001,17.60546],[-96.3034,17.60413],[-96.30578,17.60214],[-96.3115,17.60155],[-96.31734,17.59636],[-96.31806,17.59275],[-96.31957,17.59132],[-96.32188,17.59089],[-96.32463,17.58851],[-96.33122,17.5875],[-96.33484,17.5846],[-96.33966,17.58215],[-96.34362,17.58511],[-96.34474,17.58752],[-96.34661,17.58827],[-96.34745,17.58988],[-96.35084,17.59035],[-96.35209,17.59173],[-96.35563,17.58952],[-96.35519,17.58468],[-96.35687,17.58233],[-96.36052,17.58191],[-96.36259,17.58327],[-96.36923,17.5814],[-96.3707,17.57768],[-96.3696,17.57404],[-96.37119,17.57213],[-96.37484,17.56994],[-96.38659,17.57315],[-96.38877,17.57183],[-96.39139,17.57219],[-96.39625,17.56969],[-96.40178,17.56317],[-96.40738,17.55946],[-96.41183,17.55774],[-96.41665,17.55331],[-96.41657,17.55224],[-96.42399,17.5564],[-96.42853,17.55317],[-96.44043,17.55176],[-96.44488,17.55003],[-96.45288,17.554],[-96.48736,17.55977],[-96.52107,17.55474],[-96.52316,17.55319],[-96.52839,17.55249],[-96.53615,17.54724],[-96.54361,17.55387],[-96.5452,17.55367],[-96.54697,17.55046],[-96.55304,17.54846],[-96.55564,17.55064],[-96.5599,17.55218],[-96.56062,17.55111],[-96.56491,17.55051],[-96.5727,17.5509],[-96.58295,17.55755],[-96.58109,17.55885],[-96.58681,17.56419],[-96.58537,17.57081],[-96.58986,17.56331],[-96.60463,17.55934],[-96.61047,17.56025],[-96.62106,17.55787],[-96.62141,17.56031],[-96.6197,17.56701],[-96.63449,17.56148],[-96.64529,17.56304],[-96.65863,17.55652],[-96.66882,17.54664],[-96.68203,17.54017],[-96.6967,17.53125],[-96.71552,17.50232],[-96.71846,17.495],[-96.77224,17.47563],[-96.78779,17.48745],[-96.79593,17.4895],[-96.79955,17.49892],[-96.82547,17.50529],[-96.82988,17.50401],[-96.83771,17.50896],[-96.83873,17.51498],[-96.85367,17.51795],[-96.8666,17.52823],[-96.86596,17.53666],[-96.86885,17.54405],[-96.87204,17.55629],[-96.87786,17.58886],[-96.88058,17.62209],[-96.86768,17.65881],[-96.85483,17.67375],[-96.85137,17.67293],[-96.83623,17.67794],[-96.83178,17.67319],[-96.83324,17.67023],[-96.83301,17.66851],[-96.82715,17.6677],[-96.82637,17.66815],[-96.82678,17.66976],[-96.82602,17.67113],[-96.82249,17.67382],[-96.8207,17.67372],[-96.82008,17.67163],[-96.8216,17.6697],[-96.81889,17.66738],[-96.81743,17.6635],[-96.81559,17.66308],[-96.81259,17.66508],[-96.81003,17.66498],[-96.80755,17.66751],[-96.8075,17.66877],[-96.80854,17.66969],[-96.81195,17.6705],[-96.81211,17.67359],[-96.81039,17.67563],[-96.80594,17.67682],[-96.80317,17.68019],[-96.80128,17.6805],[-96.79637,17.67793],[-96.79474,17.67884],[-96.79167,17.67784],[-96.78709,17.68026],[-96.78033,17.67821],[-96.77886,17.67889],[-96.77734,17.6821],[-96.77605,17.68201],[-96.77399,17.67986],[-96.77319,17.67616],[-96.7715,17.67586],[-96.76961,17.67919],[-96.76937,17.68252],[-96.76702,17.68643],[-96.76291,17.68713],[-96.76047,17.68315],[-96.75962,17.68333],[-96.75152,17.69168],[-96.75016,17.69123],[-96.74872,17.68895],[-96.7435,17.68522],[-96.74117,17.68568],[-96.73911,17.68452],[-96.73795,17.68147],[-96.73383,17.68065],[-96.73111,17.67735],[-96.72747,17.67888],[-96.72491,17.68209],[-96.72411,17.68203],[-96.72286,17.67991],[-96.71829,17.68143],[-96.71781,17.67928],[-96.71565,17.67725],[-96.71212,17.67699],[-96.70954,17.67125],[-96.70787,17.67028],[-96.70715,17.66764],[-96.70442,17.66544],[-96.70364,17.66675],[-96.70344,17.67056],[-96.70228,17.67194],[-96.70292,17.6737],[-96.70111,17.67372],[-96.70106,17.67486],[-96.69963,17.67466],[-96.69892,17.67699],[-96.70057,17.67902],[-96.69946,17.67942],[-96.69662,17.67844],[-96.69744,17.68064],[-96.69622,17.68583],[-96.69682,17.6899],[-96.69526,17.69546],[-96.69573,17.6966],[-96.69508,17.698],[-96.6959,17.69833],[-96.69396,17.70727],[-96.68946,17.70873],[-96.684,17.70708],[-96.67218,17.70884],[-96.6663,17.70559],[-96.6653,17.70377],[-96.65632,17.69584],[-96.64246,17.70128],[-96.6435,17.70308],[-96.63975,17.70677],[-96.6332,17.71556],[-96.65602,17.71889],[-96.65865,17.71674],[-96.66032,17.7136],[-96.67335,17.71819],[-96.67517,17.72237],[-96.67714,17.72438],[-96.68056,17.72614],[-96.68566,17.72717],[-96.684,17.72981],[-96.68459,17.73258],[-96.68263,17.7354],[-96.6831,17.73789],[-96.68162,17.73828],[-96.67986,17.74033],[-96.67706,17.73952],[-96.67586,17.74221],[-96.67348,17.744],[-96.67168,17.7468],[-96.67243,17.74905],[-96.67861,17.7469],[-96.68817,17.74912],[-96.6835,17.75048],[-96.67966,17.75471],[-96.67181,17.78829],[-96.67689,17.79048],[-96.6829,17.79054],[-96.69155,17.79397],[-96.69686,17.79153],[-96.70307,17.80665],[-96.70681,17.81239],[-96.7122,17.82473],[-96.71535,17.82708],[-96.71112,17.82918],[-96.71106,17.83171],[-96.70683,17.83581],[-96.70581,17.83959],[-96.7013,17.84187],[-96.70098,17.84333],[-96.69814,17.84413],[-96.6967,17.84648],[-96.7101,17.86918],[-96.69739,17.87442],[-96.68095,17.89054],[-96.68661,17.89325],[-96.68521,17.89806],[-96.66688,17.89304],[-96.64235,17.88423],[-96.63952,17.88662],[-96.62328,17.88549],[-96.61807,17.89128],[-96.61856,17.89271],[-96.61717,17.89709],[-96.6139,17.90414],[-96.61533,17.90658],[-96.61268,17.90573],[-96.60647,17.90579],[-96.59122,17.91181],[-96.569,17.90818],[-96.57348,17.89268],[-96.57176,17.89326],[-96.57019,17.89281],[-96.56475,17.88509],[-96.56185,17.88494],[-96.56054,17.88204],[-96.55713,17.87938],[-96.55466,17.87908],[-96.55364,17.8775],[-96.55192,17.87678],[-96.56117,17.89309],[-96.56538,17.92334],[-96.55657,17.94408],[-96.51929,17.94294],[-96.51122,17.95195],[-96.48953,18],[-96.4889,18.01415],[-96.4935,18.01639],[-96.49347,18.0384],[-96.47542,18.04525],[-96.4733,18.04544],[-96.47059,18.04702],[-96.47065,18.04604],[-96.46743,18.04792],[-96.4651,18.0475],[-96.46617,18.04932],[-96.46594,18.05122],[-96.4673,18.05188],[-96.47036,18.05133],[-96.4704,18.05348],[-96.46988,18.05655],[-96.46301,18.06825],[-96.46288,18.07048],[-96.46004,18.07022],[-96.4593,18.07063],[-96.4605,18.07101],[-96.45815,18.07166],[-96.45815,18.07302],[-96.45918,18.07392],[-96.4605,18.07343],[-96.45973,18.07387],[-96.45976,18.07523],[-96.46225,18.07589],[-96.46246,18.07692],[-96.45992,18.08516],[-96.45381,18.09379],[-96.44841,18.09864],[-96.44429,18.10388],[-96.44141,18.11191],[-96.43588,18.11634],[-96.42581,18.11931],[-96.41759,18.12313],[-96.41314,18.12947],[-96.40435,18.13828],[-96.40026,18.13396],[-96.39926,18.13529],[-96.40059,18.13747],[-96.39942,18.13789],[-96.40017,18.13966],[-96.40126,18.13983],[-96.40017,18.14024],[-96.40024,18.14131],[-96.39873,18.14097],[-96.39901,18.13899],[-96.39749,18.13906],[-96.39745,18.13996],[-96.39597,18.13929],[-96.39412,18.14157],[-96.39458,18.142],[-96.39551,18.14131],[-96.39518,18.14246],[-96.39424,18.14341],[-96.39276,18.14273],[-96.39293,18.14447],[-96.39597,18.14411],[-96.39758,18.14602],[-96.39662,18.14713],[-96.39501,18.14555],[-96.39463,18.14646],[-96.39196,18.146],[-96.39211,18.14741],[-96.39085,18.14715],[-96.3885,18.15368],[-96.38583,18.15617],[-96.38492,18.15873],[-96.38176,18.15706],[-96.3793,18.15708],[-96.37658,18.14918],[-96.35934,18.13622],[-96.35597,18.13873],[-96.35249,18.13927],[-96.35171,18.14013],[-96.34488,18.13881],[-96.34626,18.14409],[-96.34481,18.14514],[-96.33948,18.14391],[-96.33374,18.14082],[-96.32502,18.14166],[-96.33259,18.1555],[-96.33178,18.15582],[-96.33101,18.15476],[-96.32757,18.15432],[-96.32862,18.1577],[-96.33153,18.16098],[-96.33213,18.16512],[-96.32897,18.1647],[-96.32652,18.1626],[-96.32562,18.15823],[-96.32381,18.15663],[-96.32275,18.15671],[-96.32199,18.16195],[-96.3241,18.16529],[-96.32655,18.16688],[-96.32506,18.16768],[-96.31819,18.16172],[-96.30999,18.15052],[-96.29596,18.14683],[-96.30259,18.15342],[-96.28642,18.1675],[-96.283,18.165],[-96.27978,18.16738],[-96.2783,18.16761],[-96.27792,18.16661],[-96.27755,18.16832],[-96.27573,18.16785],[-96.27371,18.20209],[-96.25635,18.20014],[-96.2554,18.20767],[-96.25637,18.20897],[-96.26226,18.20933],[-96.26194,18.21167],[-96.25938,18.21399],[-96.26888,18.22472],[-96.26642,18.24193],[-96.26736,18.24511],[-96.2815,18.25844],[-96.28459,18.25821],[-96.28799,18.25653],[-96.28788,18.25802],[-96.29649,18.25859],[-96.29426,18.26109],[-96.29187,18.26573],[-96.29322,18.26705],[-96.29792,18.26738],[-96.29747,18.26767],[-96.29825,18.26795],[-96.29845,18.2692],[-96.30392,18.27332],[-96.3027,18.27614],[-96.30473,18.28043],[-96.30519,18.28126],[-96.3072,18.28143],[-96.30825,18.28477],[-96.31071,18.28626],[-96.30561,18.31139],[-96.30178,18.31802],[-96.29977,18.31766],[-96.29827,18.31626],[-96.29685,18.31621],[-96.29675,18.31742],[-96.29492,18.31545],[-96.29445,18.31243],[-96.29334,18.31436],[-96.29041,18.31665],[-96.29119,18.32435],[-96.29504,18.33106],[-96.29707,18.33734],[-96.29604,18.34708],[-96.29755,18.3506],[-96.29767,18.35598],[-96.30013,18.3668],[-96.29885,18.36435],[-96.29757,18.36487],[-96.2967,18.37131],[-96.29415,18.37092],[-96.2933,18.37582],[-96.28938,18.3753],[-96.28922,18.37778],[-96.28526,18.37762],[-96.27965,18.37578],[-96.28156,18.37781],[-96.27942,18.38587],[-96.2815,18.38609],[-96.27691,18.39133],[-96.27364,18.39166],[-96.27257,18.39434],[-96.26766,18.39971],[-96.26527,18.40462],[-96.26126,18.40824],[-96.25937,18.40855],[-96.25761,18.40754],[-96.25799,18.40628],[-96.25607,18.4046],[-96.25402,18.405],[-96.25321,18.40422],[-96.25205,18.40515],[-96.24936,18.40436],[-96.24548,18.40129],[-96.24406,18.3969],[-96.23379,18.39605],[-96.2311,18.39243],[-96.2269,18.39195],[-96.22442,18.39389],[-96.22155,18.39338],[-96.22034,18.3951],[-96.21553,18.39475],[-96.21345,18.39554],[-96.21214,18.39421],[-96.20849,18.39362],[-96.20731,18.39414],[-96.20683,18.39597],[-96.20486,18.39472],[-96.19921,18.39555],[-96.19868,18.3941],[-96.19715,18.39357],[-96.19544,18.39473],[-96.19469,18.3946],[-96.19457,18.39344],[-96.19019,18.39322],[-96.1896,18.39244],[-96.18762,18.39377],[-96.18683,18.39291],[-96.18716,18.39171],[-96.18313,18.38784],[-96.17772,18.38577],[-96.17751,18.38742],[-96.17509,18.3861],[-96.1729,18.38802],[-96.16895,18.38756],[-96.16714,18.38884],[-96.16665,18.38824],[-96.16457,18.38852],[-96.16281,18.38971],[-96.16093,18.39284],[-96.16107,18.3947],[-96.15905,18.39639],[-96.15916,18.40205],[-96.15607,18.4022],[-96.15364,18.40561],[-96.15195,18.40478],[-96.1501,18.40556],[-96.15065,18.40794],[-96.14971,18.40848],[-96.15063,18.41084],[-96.14464,18.41245],[-96.14323,18.40979],[-96.14133,18.41051],[-96.13911,18.41016],[-96.13864,18.41099],[-96.13928,18.41171],[-96.13768,18.41182],[-96.13831,18.41336],[-96.137,18.41376],[-96.13722,18.41538],[-96.13438,18.41762],[-96.13256,18.41851],[-96.13097,18.4176],[-96.1267,18.42149],[-96.124,18.4197],[-96.12208,18.42202],[-96.12008,18.4228]],[[-95.85913,17.84449],[-95.86322,17.8423],[-95.86398,17.84069],[-95.86289,17.8381],[-95.86048,17.83629],[-95.86366,17.83413],[-95.86118,17.8299],[-95.86523,17.82911],[-95.86505,17.82798],[-95.86647,17.82633],[-95.86609,17.82184],[-95.86663,17.82061],[-95.87951,17.81553],[-95.88051,17.82057],[-95.88506,17.81957],[-95.89203,17.82199],[-95.89708,17.81999],[-95.89876,17.82435],[-95.9008,17.82387],[-95.90406,17.82223],[-95.90431,17.82127],[-95.90748,17.8202],[-95.90603,17.81646],[-95.90267,17.81766],[-95.90096,17.81314],[-95.89892,17.81497],[-95.8962,17.81543],[-95.89395,17.81469],[-95.89375,17.81568],[-95.89283,17.81548],[-95.89233,17.81658],[-95.89048,17.81712],[-95.88515,17.81557],[-95.88463,17.81356],[-95.88578,17.81177],[-95.8845,17.80885],[-95.89292,17.80667],[-95.89813,17.8033],[-95.8989,17.80161],[-95.92353,17.79989],[-95.92255,17.79666],[-95.92161,17.79578],[-95.92104,17.7962],[-95.92168,17.79498],[-95.921,17.79443],[-95.92187,17.79357],[-95.92182,17.79152],[-95.92085,17.79148],[-95.92138,17.79075],[-95.91975,17.78869],[-95.91472,17.79153],[-95.91073,17.78531],[-95.90994,17.78091],[-95.90661,17.77879],[-95.90582,17.77735],[-95.90486,17.77198],[-95.90375,17.76999],[-95.89876,17.76565],[-95.89466,17.76567],[-95.89084,17.76868],[-95.89111,17.76681],[-95.88478,17.77182],[-95.87886,17.77348],[-95.86898,17.77301],[-95.86716,17.77323],[-95.86639,17.77435],[-95.86577,17.78238],[-95.86914,17.7939],[-95.86896,17.79662],[-95.86682,17.7996],[-95.85997,17.80207],[-95.85579,17.80556],[-95.85432,17.80878],[-95.85434,17.815],[-95.85333,17.81884],[-95.84934,17.82585],[-95.84921,17.82758],[-95.85104,17.83066],[-95.85855,17.83919],[-95.85941,17.84192],[-95.85913,17.84449]]]]}},{"type":"Feature","properties":{"nombre":"Chontal de Tabasco"},"geometry":{"type":"MultiPolygon","coordinates":[[[[-92.45851,18.61036],[-92.45194,18.60352],[-92.45215,18.60006],[-92.44922,18.59422],[-92.44021,18.58172],[-92.43667,18.5744],[-92.43046,18.56575],[-92.42623,18.55704],[-92.42389,18.5493],[-92.42347,18.53224],[-92.42641,18.52002],[-92.42643,18.51497],[-92.41846,18.49601],[-92.41292,18.48561],[-92.41033,18.4835],[-92.40197,18.47953],[-92.39798,18.47892],[-92.38825,18.47931],[-92.38482,18.47814],[-92.37542,18.46939],[-92.36549,18.46462],[-92.36222,18.46178],[-92.35966,18.45695],[-92.36098,18.45112],[-92.36071,18.44682],[-92.35832,18.44435],[-92.3538,18.44229],[-92.34871,18.44309],[-92.3416,18.45353],[-92.33598,18.45854],[-92.32861,18.46072],[-92.32585,18.45993],[-92.32249,18.45735],[-92.32043,18.45145],[-92.32694,18.4498],[-92.32285,18.43706],[-92.31478,18.43007],[-92.31357,18.42745],[-92.3252,18.42095],[-92.35282,18.3946],[-92.3138,18.3742],[-92.31227,18.37636],[-92.31051,18.37424],[-92.31251,18.36889],[-92.31232,18.36714],[-92.31051,18.36685],[-92.30871,18.36495],[-92.30797,18.36191],[-92.30583,18.36467],[-92.30428,18.36384],[-92.30411,18.35889],[-92.30296,18.35816],[-92.29853,18.35811],[-92.29888,18.35455],[-92.29207,18.35321],[-92.29472,18.35029],[-92.29542,18.3478],[-92.2723,18.32768],[-92.29629,18.30717],[-92.28769,18.30612],[-92.26091,18.3003],[-92.2549,18.30622],[-92.25055,18.30131],[-92.24899,18.2978],[-92.24628,18.29615],[-92.25795,18.29375],[-92.25794,18.29323],[-92.25006,18.29134],[-92.24378,18.28862],[-92.23729,18.29893],[-92.23752,18.30054],[-92.22277,18.29079],[-92.21841,18.28226],[-92.2231,18.28046],[-92.21461,18.27587],[-92.2188,18.27491],[-92.21612,18.26623],[-92.2355,18.26237],[-92.26486,18.2667],[-92.27035,18.2706],[-92.28112,18.27479],[-92.29544,18.25533],[-92.30698,18.25753],[-92.30932,18.26121],[-92.31729,18.25694],[-92.31673,18.25597],[-92.31754,18.25415],[-92.31845,18.25387],[-92.31993,18.2479],[-92.32322,18.24588],[-92.32052,18.24039],[-92.31598,18.24449],[-92.31326,18.24146],[-92.3159,18.23902],[-92.31231,18.23576],[-92.31745,18.23093],[-92.32098,18.2305],[-92.321,18.22759],[-92.33147,18.21776],[-92.31669,18.21039],[-92.31478,18.21302],[-92.31296,18.20923],[-92.32299,18.18624],[-92.32482,18.17233],[-92.31802,18.15618],[-92.29998,18.15228],[-92.28486,18.13851],[-92.28852,18.13284],[-92.29166,18.13057],[-92.28985,18.12813],[-92.29156,18.12551],[-92.29114,18.12272],[-92.29393,18.11889],[-92.29134,18.11656],[-92.29164,18.11494],[-92.29635,18.1103],[-92.30474,18.109],[-92.30426,18.10381],[-92.30567,18.10088],[-92.30442,18.09965],[-92.30624,18.09811],[-92.30345,18.09514],[-92.30239,18.08801],[-92.303,18.08671],[-92.30412,18.08608],[-92.30591,18.08648],[-92.30788,18.09062],[-92.30697,18.09305],[-92.31018,18.09335],[-92.31045,18.09118],[-92.31638,18.08809],[-92.31841,18.08777],[-92.32001,18.08474],[-92.32444,18.08271],[-92.33036,18.07709],[-92.33626,18.07461],[-92.33757,18.0712],[-92.34109,18.07008],[-92.34128,18.06692],[-92.34291,18.06464],[-92.33955,18.06393],[-92.33906,18.06191],[-92.32951,18.06231],[-92.32283,18.06098],[-92.32227,18.04863],[-92.31355,18.0479],[-92.31583,18.04194],[-92.30738,18.04591],[-92.30758,18.03788],[-92.31668,18.02885],[-92.29929,18.02202],[-92.30322,18.01775],[-92.31089,18.01553],[-92.31282,18.01327],[-92.31265,18.00913],[-92.30753,18.00525],[-92.31022,18.00363],[-92.31201,17.99843],[-92.31386,17.99691],[-92.31367,17.99364],[-92.31641,17.99291],[-92.31712,17.99178],[-92.31694,17.99004],[-92.31822,17.98885],[-92.3169,17.98624],[-92.31873,17.98201],[-92.31374,17.97395],[-92.31155,17.97282],[-92.31294,17.96953],[-92.31053,17.96896],[-92.31051,17.96671],[-92.30867,17.96614],[-92.30592,17.96262],[-92.30701,17.96161],[-92.31028,17.96199],[-92.31241,17.96001],[-92.31554,17.95899],[-92.31636,17.9578],[-92.31451,17.95416],[-92.31492,17.94873],[-92.31273,17.94529],[-92.31418,17.94378],[-92.31523,17.93972],[-92.31961,17.93267],[-92.31961,17.93141],[-92.31393,17.9272],[-92.31184,17.92818],[-92.30822,17.92661],[-92.28924,17.92389],[-92.29584,17.91432],[-92.26409,17.9018],[-92.26413,17.90754],[-92.24356,17.89274],[-92.21906,17.88284],[-92.21704,17.88873],[-92.21061,17.89932],[-92.20315,17.90223],[-92.20318,17.90387],[-92.19334,17.90691],[-92.17039,17.90254],[-92.17826,17.86639],[-92.16538,17.8579],[-92.16305,17.85366],[-92.15994,17.85253],[-92.15884,17.8509],[-92.15609,17.84955],[-92.15387,17.84634],[-92.14989,17.84579],[-92.14923,17.84507],[-92.14894,17.84269],[-92.15002,17.83973],[-92.1493,17.83636],[-92.14783,17.83459],[-92.14485,17.83295],[-92.14409,17.8297],[-92.14534,17.82444],[-92.14059,17.8199],[-92.14066,17.81802],[-92.13802,17.81067],[-92.13987,17.80979],[-92.14658,17.81468],[-92.14662,17.81242],[-92.12714,17.7859],[-92.13597,17.77901],[-92.13255,17.77506],[-92.13205,17.77028],[-92.12991,17.76697],[-92.13083,17.76608],[-92.15171,17.76457],[-92.15245,17.77907],[-92.17195,17.78657],[-92.18849,17.76813],[-92.1945,17.77664],[-92.22934,17.74558],[-92.27462,17.69226],[-92.28868,17.70267],[-92.2948,17.69993],[-92.29701,17.70107],[-92.29835,17.70324],[-92.30066,17.7033],[-92.30867,17.70628],[-92.31128,17.70463],[-92.31332,17.70451],[-92.3151,17.7067],[-92.31528,17.70967],[-92.32159,17.7098],[-92.32809,17.71373],[-92.32956,17.71071],[-92.33735,17.71209],[-92.33823,17.70623],[-92.34013,17.70376],[-92.34158,17.70335],[-92.34365,17.70407],[-92.34433,17.70328],[-92.3438,17.70207],[-92.34589,17.70156],[-92.3499,17.70278],[-92.35001,17.67404],[-92.34916,17.65473],[-92.35494,17.65406],[-92.35479,17.64631],[-92.3558,17.64606],[-92.35586,17.64201],[-92.35813,17.64196],[-92.35803,17.6363],[-92.35628,17.63601],[-92.35366,17.62819],[-92.3512,17.62474],[-92.3515,17.61963],[-92.35067,17.61793],[-92.40086,17.58603],[-92.40208,17.57804],[-92.40822,17.58062],[-92.41781,17.57636],[-92.42124,17.57724],[-92.43678,17.5701],[-92.44505,17.57433],[-92.45622,17.57302],[-92.46315,17.57651],[-92.46762,17.57712],[-92.47381,17.57457],[-92.48469,17.57492],[-92.4972,17.57225],[-92.50859,17.57395],[-92.51998,17.57305],[-92.53007,17.55],[-92.55392,17.54268],[-92.55803,17.54023],[-92.55879,17.54258],[-92.55968,17.54276],[-92.55994,17.54479],[-92.57141,17.54961],[-92.59699,17.52036],[-92.59231,17.51289],[-92.59234,17.50962],[-92.59391,17.50511],[-92.5999,17.5008],[-92.59439,17.49424],[-92.59406,17.49295],[-92.60583,17.47738],[-92.62434,17.46586],[-92.64136,17.46349],[-92.64887,17.4607],[-92.65453,17.45566],[-92.65812,17.44592],[-92.65941,17.44428],[-92.6658,17.45685],[-92.66819,17.45669],[-92.66739,17.45129],[-92.66791,17.42595],[-92.67624,17.41162],[-92.67613,17.4089],[-92.67852,17.39775],[-92.67894,17.38516],[-92.6777,17.37999],[-92.67877,17.37849],[-92.69427,17.37125],[-92.69623,17.36924],[-92.69706,17.36974],[-92.7016,17.365],[-92.70409,17.3636],[-92.70852,17.36341],[-92.71693,17.35783],[-92.71852,17.35545],[-92.72038,17.35534],[-92.72951,17.34813],[-92.7326,17.34812],[-92.75501,17.34341],[-92.7561,17.34473],[-92.75602,17.3471],[-92.75833,17.34911],[-92.75761,17.35035],[-92.75874,17.3582],[-92.76358,17.35856],[-92.77066,17.3604],[-92.76927,17.36514],[-92.76925,17.36718],[-92.77002,17.36805],[-92.76706,17.38124],[-92.76831,17.3855],[-92.7703,17.38711],[-92.77095,17.38884],[-92.77311,17.38949],[-92.77437,17.39225],[-92.79079,17.40499],[-92.78825,17.41154],[-92.78754,17.41278],[-92.78701,17.4124],[-92.78622,17.41317],[-92.78687,17.4141],[-92.78565,17.41459],[-92.78519,17.41666],[-92.78579,17.41753],[-92.79105,17.41501],[-92.7984,17.41317],[-92.80016,17.41384],[-92.80628,17.41056],[-92.81027,17.41033],[-92.81102,17.41099],[-92.82079,17.40906],[-92.8294,17.4086],[-92.83064,17.40501],[-92.82949,17.40352],[-92.82904,17.39976],[-92.82758,17.39895],[-92.82922,17.3963],[-92.83116,17.39912],[-92.83807,17.40353],[-92.84965,17.408],[-92.85426,17.4112],[-92.85619,17.41888],[-92.84454,17.42132],[-92.83397,17.42172],[-92.82582,17.42378],[-92.82228,17.42711],[-92.81963,17.43275],[-92.81964,17.4371],[-92.82238,17.44786],[-92.82226,17.4522],[-92.82691,17.45363],[-92.82877,17.47262],[-92.83063,17.4796],[-92.83353,17.48204],[-92.8327,17.48421],[-92.82618,17.49028],[-92.82654,17.49376],[-92.82786,17.49687],[-92.82754,17.50048],[-92.82866,17.50064],[-92.82823,17.50469],[-92.83413,17.51209],[-92.83347,17.52051],[-92.83504,17.51957],[-92.84092,17.52682],[-92.84696,17.53089],[-92.84822,17.53397],[-92.84758,17.53479],[-92.85148,17.5329],[-92.8514,17.53438],[-92.85217,17.53449],[-92.85332,17.53279],[-92.85421,17.53272],[-92.85515,17.53466],[-92.86249,17.54214],[-92.85898,17.5446],[-92.86507,17.56169],[-92.8652,17.56433],[-92.86114,17.57197],[-92.86224,17.57423],[-92.86119,17.57476],[-92.86156,17.57684],[-92.86475,17.5818],[-92.86379,17.58443],[-92.86103,17.58733],[-92.8605,17.58949],[-92.86157,17.59269],[-92.87158,17.59393],[-92.87334,17.59326],[-92.876,17.60671],[-92.8889,17.60715],[-92.90571,17.62351],[-92.90522,17.6257],[-92.90964,17.63641],[-92.90095,17.64012],[-92.902,17.6424],[-92.90088,17.64287],[-92.90324,17.64729],[-92.90428,17.64682],[-92.90591,17.64884],[-92.90748,17.64837],[-92.90806,17.65087],[-92.90916,17.65063],[-92.90994,17.65316],[-92.91262,17.65321],[-92.91253,17.66084],[-92.91011,17.66344],[-92.91067,17.66388],[-92.90961,17.66555],[-92.9104,17.66623],[-92.90899,17.6675],[-92.91019,17.6688],[-92.9071,17.67082],[-92.90786,17.67164],[-92.90651,17.67278],[-92.90519,17.67138],[-92.90465,17.67213],[-92.90513,17.67268],[-92.90355,17.6738],[-92.90134,17.67145],[-92.89902,17.67824],[-92.90296,17.67921],[-92.90215,17.68036],[-92.89994,17.67982],[-92.89866,17.68919],[-92.89686,17.68863],[-92.89634,17.6892],[-92.89539,17.68912],[-92.89528,17.68787],[-92.89272,17.68753],[-92.89338,17.68577],[-92.88958,17.68525],[-92.89047,17.68265],[-92.88889,17.68093],[-92.88631,17.68134],[-92.8841,17.67417],[-92.87422,17.67315],[-92.87591,17.66072],[-92.87133,17.63855],[-92.83925,17.6347],[-92.83762,17.64511],[-92.83652,17.64574],[-92.83633,17.64253],[-92.83371,17.64039],[-92.82979,17.64114],[-92.8223,17.63909],[-92.81019,17.64545],[-92.81087,17.64199],[-92.81489,17.63879],[-92.79253,17.64801],[-92.78843,17.64728],[-92.78855,17.63943],[-92.78606,17.64007],[-92.76137,17.62603],[-92.76356,17.63226],[-92.75628,17.63131],[-92.74694,17.64015],[-92.74627,17.64496],[-92.73724,17.64434],[-92.73763,17.63891],[-92.73449,17.63868],[-92.73467,17.63753],[-92.73302,17.63745],[-92.7335,17.63505],[-92.72871,17.63377],[-92.72858,17.6419],[-92.72209,17.64256],[-92.71889,17.64188],[-92.71837,17.65322],[-92.70896,17.65271],[-92.70514,17.65167],[-92.68585,17.64949],[-92.68622,17.65126],[-92.68322,17.6526],[-92.68808,17.66214],[-92.68644,17.66324],[-92.6865,17.66848],[-92.69195,17.67349],[-92.69258,17.67952],[-92.69906,17.68407],[-92.70008,17.68555],[-92.70288,17.68646],[-92.70363,17.68869],[-92.7019,17.69057],[-92.70116,17.69559],[-92.69996,17.69759],[-92.69865,17.69783],[-92.69532,17.6963],[-92.69432,17.69746],[-92.69417,17.69917],[-92.6972,17.70019],[-92.6969,17.70291],[-92.69597,17.70359],[-92.69242,17.70279],[-92.68962,17.70473],[-92.69006,17.70563],[-92.69378,17.70676],[-92.69465,17.708],[-92.69404,17.71159],[-92.69344,17.71182],[-92.69356,17.71532],[-92.69217,17.71772],[-92.69285,17.71887],[-92.69525,17.7189],[-92.69129,17.72429],[-92.6884,17.72089],[-92.68569,17.72417],[-92.68337,17.72245],[-92.68287,17.72495],[-92.68364,17.73173],[-92.68172,17.73808],[-92.68575,17.74014],[-92.68306,17.7457],[-92.68557,17.74761],[-92.68404,17.75037],[-92.6844,17.75264],[-92.68694,17.75281],[-92.68705,17.75826],[-92.69146,17.7592],[-92.69099,17.7616],[-92.68859,17.76137],[-92.68628,17.76615],[-92.6844,17.76475],[-92.68139,17.76491],[-92.68198,17.76262],[-92.67733,17.76331],[-92.67686,17.76542],[-92.67767,17.76772],[-92.67667,17.76805],[-92.67619,17.77064],[-92.67234,17.77039],[-92.67166,17.77353],[-92.67913,17.77938],[-92.67721,17.77986],[-92.67706,17.78151],[-92.66937,17.78397],[-92.66843,17.79155],[-92.67054,17.79605],[-92.67335,17.79691],[-92.67717,17.78995],[-92.68141,17.78975],[-92.6821,17.79498],[-92.68016,17.79995],[-92.68447,17.80141],[-92.68146,17.80978],[-92.67956,17.80921],[-92.67936,17.80992],[-92.67851,17.80965],[-92.67807,17.8112],[-92.67715,17.81086],[-92.67838,17.81402],[-92.68092,17.81463],[-92.6791,17.81975],[-92.68194,17.82193],[-92.68413,17.82199],[-92.6867,17.82457],[-92.68708,17.8276],[-92.68575,17.83149],[-92.68379,17.83403],[-92.68454,17.8369],[-92.68821,17.83654],[-92.68851,17.83946],[-92.69019,17.84019],[-92.69447,17.83982],[-92.69029,17.84399],[-92.6887,17.84268],[-92.68404,17.84943],[-92.67671,17.84307],[-92.67593,17.84528],[-92.67362,17.84589],[-92.67444,17.8476],[-92.67308,17.85112],[-92.67378,17.85235],[-92.68214,17.85624],[-92.67833,17.85956],[-92.68214,17.86],[-92.68399,17.86403],[-92.68219,17.86653],[-92.67777,17.86605],[-92.67686,17.86734],[-92.67807,17.86771],[-92.67779,17.86867],[-92.68141,17.86925],[-92.68228,17.87272],[-92.68475,17.87277],[-92.68497,17.87483],[-92.6858,17.87413],[-92.687,17.87456],[-92.68755,17.87328],[-92.69045,17.87113],[-92.69425,17.87554],[-92.69401,17.87735],[-92.69278,17.87689],[-92.69241,17.88455],[-92.69493,17.89233],[-92.69287,17.89381],[-92.69729,17.89324],[-92.69745,17.89564],[-92.70222,17.89433],[-92.70402,17.89423],[-92.70362,17.89554],[-92.70932,17.89478],[-92.70984,17.89662],[-92.70756,17.89717],[-92.7077,17.9054],[-92.70812,17.90628],[-92.71013,17.90662],[-92.71138,17.90614],[-92.71173,17.90504],[-92.71576,17.90865],[-92.71763,17.91178],[-92.71774,17.91719],[-92.716,17.91695],[-92.71568,17.92273],[-92.70593,17.92135],[-92.70414,17.92968],[-92.69941,17.92924],[-92.69933,17.92988],[-92.67775,17.92741],[-92.67538,17.93094],[-92.67241,17.93034],[-92.671,17.93263],[-92.66828,17.93195],[-92.66669,17.93452],[-92.66718,17.93615],[-92.66841,17.93527],[-92.67072,17.93831],[-92.66882,17.93878],[-92.67241,17.94334],[-92.66583,17.94599],[-92.66132,17.9492],[-92.66333,17.95021],[-92.66393,17.95214],[-92.66481,17.95207],[-92.66799,17.95519],[-92.66504,17.95742],[-92.66603,17.95863],[-92.66433,17.95983],[-92.66358,17.95796],[-92.66242,17.95993],[-92.66019,17.95868],[-92.65891,17.95737],[-92.65954,17.95686],[-92.65945,17.95445],[-92.65443,17.95563],[-92.65349,17.957],[-92.65205,17.95585],[-92.64722,17.96304],[-92.65002,17.96947],[-92.64728,17.97123],[-92.64438,17.96812],[-92.63377,17.97081],[-92.63088,17.97044],[-92.62454,17.97343],[-92.62257,17.97309],[-92.616,17.97761],[-92.61478,17.98706],[-92.60645,17.98618],[-92.60814,17.97903],[-92.59288,17.97045],[-92.59172,17.9709],[-92.58891,17.97512],[-92.58986,17.97768],[-92.59257,17.98095],[-92.58939,17.98477],[-92.58953,17.98895],[-92.58873,17.99193],[-92.58537,18.00079],[-92.58355,18.0032],[-92.58317,18.00759],[-92.59684,18.00688],[-92.59532,18.02198],[-92.64641,18.03071],[-92.64536,18.03264],[-92.66273,18.03773],[-92.66488,18.03733],[-92.68858,18.03916],[-92.89986,18.05925],[-92.89868,18.05537],[-92.89992,18.05549],[-92.89896,18.05451],[-92.90153,18.05112],[-92.90229,18.0477],[-92.90634,18.04659],[-92.90635,18.04195],[-92.90954,18.04257],[-92.91214,18.03948],[-92.91245,18.03831],[-92.91092,18.03648],[-92.91106,18.03461],[-92.91396,18.03368],[-92.91771,18.03749],[-92.92208,18.03541],[-92.91989,18.02763],[-92.92676,18.0269],[-92.92698,18.02909],[-92.92995,18.03259],[-92.9308,18.03522],[-92.93179,18.03376],[-92.93365,18.03299],[-92.9336,18.03603],[-92.9382,18.03557],[-92.9374,18.03632],[-92.93856,18.03754],[-92.94301,18.03671],[-92.94303,18.0193],[-92.95027,18.02168],[-92.95356,18.02193],[-92.95486,18.01994],[-92.95438,18.01387],[-92.95757,18.01443],[-92.95803,18.01227],[-92.95962,18.01269],[-92.97057,18.00775],[-92.97533,18.00796],[-92.97596,18.00732],[-92.98003,18.00984],[-92.98064,18.009],[-92.98089,18.00991],[-92.98224,18.00984],[-92.98333,18.01106],[-92.986,18.01099],[-92.98676,18.01279],[-92.98504,18.01455],[-92.98937,18.01994],[-92.98854,18.02146],[-92.98949,18.02323],[-92.9891,18.02701],[-92.98673,18.02754],[-92.98709,18.02854],[-92.98615,18.03022],[-92.98676,18.03387],[-92.99281,18.0345],[-92.9957,18.03881],[-92.99388,18.039],[-92.99359,18.04026],[-92.98987,18.04351],[-93.00002,18.04652],[-92.99838,18.04869],[-93.00359,18.04952],[-93.01262,18.04712],[-93.01977,18.04827],[-93.01917,18.02611],[-93.02752,18.04331],[-93.02991,18.04427],[-93.02848,18.04704],[-93.02575,18.04949],[-93.02549,18.0579],[-93.0245,18.05883],[-93.03056,18.05976],[-93.02162,18.07734],[-93.02186,18.07845],[-93.02071,18.07909],[-93.0063,18.10766],[-93.00786,18.11033],[-93.01201,18.10969],[-93.01247,18.11517],[-93.01592,18.11695],[-93.01837,18.11715],[-93.02002,18.11821],[-93.0194,18.11936],[-93.02183,18.12031],[-93.01552,18.13104],[-93.01703,18.13089],[-93.01655,18.13242],[-93.01564,18.13352],[-93.01241,18.13401],[-93.01211,18.13636],[-93.01721,18.13821],[-93.02049,18.13817],[-93.02134,18.1368],[-93.02282,18.13988],[-93.01876,18.14069],[-93.0194,18.14417],[-93.0255,18.14659],[-93.02896,18.14684],[-93.03052,18.14591],[-93.03049,18.14787],[-93.03112,18.14794],[-93.0295,18.15104],[-93.0344,18.15296],[-93.03921,18.15362],[-93.03922,18.15613],[-93.03454,18.15664],[-93.03399,18.16059],[-93.031,18.16495],[-93.03189,18.16546],[-93.03148,18.16598],[-93.0276,18.16713],[-93.02747,18.16935],[-93.02492,18.17611],[-93.0262,18.17742],[-93.02788,18.17777],[-93.03256,18.17558],[-93.03988,18.1769],[-93.03999,18.17831],[-93.03749,18.17954],[-93.03766,18.18148],[-93.03517,18.18216],[-93.03482,18.18472],[-93.02968,18.18357],[-93.02933,18.19166],[-93.03273,18.20178],[-93.04516,18.19921],[-93.05115,18.21417],[-93.06205,18.22931],[-93.05761,18.22702],[-93.05288,18.22924],[-93.0522,18.23037],[-93.05284,18.23731],[-93.05076,18.24118],[-93.04346,18.24208],[-93.04267,18.24324],[-93.04258,18.24268],[-93.03031,18.24697],[-93.03937,18.2592],[-93.03306,18.26517],[-93.03584,18.27152],[-93.03717,18.27743],[-93.02881,18.28687],[-93.03194,18.31549],[-93.01733,18.31959],[-92.99883,18.40294],[-92.99744,18.40372],[-92.99837,18.41058],[-93.00694,18.41681],[-93.01675,18.42235],[-93.01969,18.42314],[-93.0247,18.42295],[-93.03517,18.41984],[-93.03862,18.42045],[-93.04842,18.42557],[-93.05324,18.42547],[-93.06356,18.42329],[-93.06689,18.42406],[-93.0729,18.42688],[-93.08409,18.43537],[-93.09665,18.44277],[-93.08715,18.44155],[-93.06274,18.43378],[-93.04682,18.43188],[-93.02855,18.43108],[-93.00344,18.43146],[-92.95143,18.4349],[-92.92414,18.43766],[-92.90358,18.44135],[-92.8684,18.45163],[-92.83567,18.46436],[-92.81026,18.47745],[-92.78731,18.49269],[-92.7643,18.51168],[-92.74751,18.52838],[-92.73461,18.54339],[-92.72184,18.56001],[-92.71904,18.56591],[-92.70292,18.58971],[-92.70338,18.59015],[-92.70063,18.59515],[-92.69985,18.59833],[-92.70173,18.60371],[-92.6994,18.60717],[-92.68731,18.61939],[-92.67651,18.61235],[-92.66871,18.61039],[-92.65313,18.61063],[-92.63457,18.61283],[-92.59329,18.61924],[-92.56731,18.62421],[-92.50293,18.64026],[-92.48333,18.64708],[-92.46879,18.65096],[-92.46507,18.63459],[-92.46709,18.62578],[-92.4671,18.62127],[-92.46575,18.61656],[-92.46273,18.61317],[-92.45851,18.61036]]]]}},{"type":"Feature","properties":{"nombre":"Costa y Sierra Sur de Oaxaca"},"geometry":{"type":"MultiPolygon","coordinates":[[[[-96.2289,15.68847],[-96.22752,15.68743],[-96.22917,15.68609],[-96.2317,15.68816],[-96.2289,15.68847]]],[[[-96.2223,15.68995],[-96.22357,15.69021],[-96.22333,15.69084],[-96.2221,15.69094],[-96.2223,15.68995]]],[[[-96.16142,15.71716],[-96.16392,15.71806],[-96.16267,15.72175],[-96.16134,15.72159],[-96.16066,15.7196],[-96.16034,15.71789],[-96.16142,15.71716]]],[[[-96.11823,15.747],[-96.11966,15.74758],[-96.11835,15.74785],[-96.11823,15.747]]],[[[-96.1169,15.74791],[-96.11746,15.7479],[-96.11749,15.74825],[-96.1169,15.74791]]],[[[-96.11588,15.74849],[-96.11605,15.74872],[-96.11579,15.74875],[-96.11588,15.74849]]],[[[-96.11615,15.74899],[-96.11641,15.74883],[-96.1163,15.74905],[-96.11615,15.74899]]],[[[-96.08367,15.76271],[-96.08503,15.76337],[-96.08421,15.7647],[-96.08457,15.76567],[-96.08285,15.76442],[-96.08292,15.76302],[-96.08367,15.76271]]],[[[-96.09465,15.77176],[-96.09489,15.7717],[-96.09483,15.77193],[-96.09465,15.77176]]],[[[-97.35141,15.936],[-97.35258,15.93662],[-97.35222,15.93779],[-97.35081,15.93739],[-97.35141,15.936]]],[[[-97.20879,16.91872],[-97.20709,16.89837],[-97.21388,16.87276],[-97.21791,16.86761],[-97.22196,16.86803],[-97.22232,16.86687],[-97.22148,16.86497],[-97.22223,16.85668],[-97.2236,16.85633],[-97.22499,16.85448],[-97.22662,16.85441],[-97.22661,16.85341],[-97.22203,16.84915],[-97.21101,16.8585],[-97.21175,16.85771],[-97.2103,16.85796],[-97.21019,16.85557],[-97.20853,16.85597],[-97.20867,16.85773],[-97.20608,16.85895],[-97.20665,16.85974],[-97.20743,16.85951],[-97.20823,16.86134],[-97.20667,16.86293],[-97.20296,16.85804],[-97.19619,16.85528],[-97.19038,16.85412],[-97.17872,16.85511],[-97.17042,16.85312],[-97.16845,16.85192],[-97.16831,16.84801],[-97.16985,16.84666],[-97.16862,16.84404],[-97.1695,16.84296],[-97.16879,16.84065],[-97.16979,16.83931],[-97.1696,16.83783],[-97.16844,16.83682],[-97.16991,16.83576],[-97.16906,16.83187],[-97.16981,16.8307],[-97.16882,16.82859],[-97.17189,16.82443],[-97.17163,16.82083],[-97.17301,16.81903],[-97.17865,16.81732],[-97.17812,16.81423],[-97.17991,16.81065],[-97.17891,16.8072],[-97.18089,16.80607],[-97.1802,16.80491],[-97.18068,16.80411],[-97.1838,16.80186],[-97.18369,16.8001],[-97.1882,16.79522],[-97.18725,16.79372],[-97.18835,16.79222],[-97.18694,16.78962],[-97.18629,16.78968],[-97.18721,16.78861],[-97.18628,16.78798],[-97.18766,16.7851],[-97.18554,16.78306],[-97.18613,16.78138],[-97.18428,16.77986],[-97.17977,16.77928],[-97.17581,16.77673],[-97.17526,16.77415],[-97.17356,16.77215],[-97.17366,16.76865],[-97.1723,16.76539],[-97.16996,16.76557],[-97.16794,16.76423],[-97.16561,16.75833],[-97.1644,16.75983],[-97.16078,16.76096],[-97.14616,16.76355],[-97.14999,16.75769],[-97.15134,16.75713],[-97.15699,16.75086],[-97.15512,16.75035],[-97.1546,16.74922],[-97.1561,16.74755],[-97.16436,16.74412],[-97.1697,16.74029],[-97.17358,16.7356],[-97.17419,16.73338],[-97.17263,16.73055],[-97.1701,16.7285],[-97.16973,16.72731],[-97.1678,16.72632],[-97.16838,16.72371],[-97.16718,16.72116],[-97.16813,16.7151],[-97.17239,16.71695],[-97.17217,16.72087],[-97.17363,16.72361],[-97.17517,16.72406],[-97.17883,16.72767],[-97.18352,16.72891],[-97.18548,16.72868],[-97.18849,16.72616],[-97.19471,16.72534],[-97.20543,16.71921],[-97.2056,16.71817],[-97.19429,16.71413],[-97.18231,16.70728],[-97.18283,16.70094],[-97.17962,16.69424],[-97.17611,16.69096],[-97.17204,16.68793],[-97.1697,16.68854],[-97.16358,16.6881],[-97.16163,16.68581],[-97.17204,16.68199],[-97.17582,16.67547],[-97.18154,16.66984],[-97.18551,16.66762],[-97.1876,16.66535],[-97.18935,16.65785],[-97.18483,16.65903],[-97.18132,16.66226],[-97.17652,16.66094],[-97.17167,16.66192],[-97.1694,16.66159],[-97.1639,16.65921],[-97.16183,16.65932],[-97.15819,16.6622],[-97.15623,16.66583],[-97.1548,16.66686],[-97.15242,16.66642],[-97.14864,16.66818],[-97.14691,16.67042],[-97.14297,16.67179],[-97.14077,16.67104],[-97.13589,16.66197],[-97.13558,16.65522],[-97.13307,16.65224],[-97.12618,16.64749],[-97.11989,16.64782],[-97.11472,16.64694],[-97.11101,16.64146],[-97.108,16.64047],[-97.10735,16.63905],[-97.10444,16.63779],[-97.10251,16.63276],[-97.0998,16.63033],[-97.09946,16.62767],[-97.09593,16.62507],[-97.09606,16.6232],[-97.0985,16.62321],[-97.09714,16.62111],[-97.1005,16.62069],[-97.09919,16.61756],[-97.10141,16.61638],[-97.10273,16.61759],[-97.10339,16.61667],[-97.10071,16.61381],[-97.10178,16.60903],[-97.09972,16.60392],[-97.09993,16.601],[-97.0972,16.60017],[-97.09756,16.59795],[-97.09467,16.59722],[-97.09292,16.59497],[-97.09072,16.59393],[-97.09021,16.5914],[-97.09228,16.59025],[-97.09262,16.58915],[-97.08984,16.5879],[-97.09051,16.58379],[-97.08838,16.5839],[-97.08779,16.5843],[-97.08789,16.5869],[-97.08657,16.58888],[-97.0882,16.59233],[-97.08733,16.59567],[-97.08567,16.59771],[-97.08584,16.60145],[-97.08398,16.60407],[-97.08474,16.60569],[-97.08349,16.60977],[-97.07954,16.61884],[-97.08424,16.62659],[-97.08292,16.66247],[-97.07492,16.67951],[-97.0763,16.68237],[-97.07485,16.6844],[-97.07491,16.69033],[-97.07587,16.69305],[-97.07831,16.69363],[-97.07779,16.69791],[-97.07632,16.69947],[-97.07258,16.69935],[-97.06707,16.70172],[-97.06873,16.70762],[-97.07235,16.70677],[-97.08004,16.70087],[-97.08245,16.70313],[-97.08878,16.70448],[-97.08468,16.70788],[-97.08581,16.71151],[-97.08664,16.71227],[-97.08943,16.71251],[-97.0909,16.71566],[-97.09365,16.71627],[-97.09384,16.7204],[-97.09769,16.72322],[-97.09624,16.72697],[-97.09621,16.72938],[-97.09211,16.73044],[-97.09268,16.73317],[-97.0915,16.7349],[-97.06909,16.75086],[-97.05296,16.76625],[-97.04711,16.77019],[-97.04014,16.76875],[-97.03171,16.76941],[-97.0293,16.76983],[-97.02192,16.77345],[-97.0226,16.76971],[-97.02659,16.76299],[-97.02722,16.76034],[-97.02426,16.75913],[-97.02212,16.75954],[-97.02069,16.76298],[-97.01673,16.7664],[-97.01584,16.7622],[-97.01191,16.76124],[-97.00775,16.75428],[-96.99874,16.75014],[-96.98078,16.73259],[-96.97884,16.72904],[-96.97914,16.72403],[-96.94781,16.72484],[-96.92832,16.64123],[-96.9246,16.63838],[-96.9279,16.63728],[-96.93331,16.63787],[-96.9346,16.63649],[-96.9356,16.63798],[-96.93801,16.63505],[-96.94407,16.63199],[-96.94537,16.63022],[-96.94791,16.63086],[-96.95097,16.62986],[-96.95576,16.63143],[-96.95922,16.63088],[-96.96124,16.63156],[-96.96426,16.63064],[-96.96849,16.62766],[-96.96913,16.62912],[-96.97203,16.62856],[-96.97303,16.62961],[-96.97717,16.6299],[-96.97989,16.63149],[-96.98334,16.63008],[-96.98652,16.63002],[-96.98405,16.62644],[-96.98053,16.62446],[-96.97522,16.61714],[-96.97367,16.60909],[-96.9715,16.60723],[-96.97227,16.60493],[-96.96694,16.59176],[-96.96385,16.58952],[-96.96445,16.58306],[-96.96799,16.57738],[-96.97217,16.56706],[-96.97459,16.56698],[-96.98118,16.56041],[-96.9812,16.55553],[-96.9801,16.55415],[-96.98008,16.55241],[-96.98133,16.55045],[-96.98412,16.54896],[-96.98422,16.54574],[-96.98609,16.54305],[-96.98425,16.54208],[-96.98394,16.53667],[-96.9908,16.5305],[-96.99369,16.52974],[-96.99107,16.51945],[-96.99276,16.51738],[-96.98766,16.51436],[-96.98532,16.51577],[-96.98106,16.51597],[-96.97919,16.52636],[-96.97661,16.52779],[-96.97616,16.52989],[-96.97672,16.5315],[-96.97577,16.53262],[-96.97749,16.53341],[-96.97757,16.53453],[-96.97648,16.53524],[-96.97855,16.53701],[-96.97766,16.53894],[-96.97903,16.53864],[-96.98025,16.53942],[-96.97954,16.54167],[-96.97772,16.54338],[-96.97712,16.54555],[-96.97138,16.54599],[-96.97261,16.54741],[-96.96989,16.54835],[-96.97236,16.54981],[-96.97079,16.55224],[-96.96651,16.55365],[-96.96752,16.55602],[-96.96619,16.55666],[-96.96385,16.55632],[-96.96126,16.55796],[-96.95518,16.55628],[-96.95465,16.55549],[-96.95303,16.55603],[-96.95578,16.56435],[-96.95882,16.56563],[-96.95976,16.56751],[-96.95794,16.56853],[-96.9566,16.57067],[-96.95596,16.57564],[-96.9527,16.57695],[-96.94901,16.57525],[-96.93916,16.57508],[-96.9365,16.57426],[-96.93323,16.57191],[-96.92993,16.57243],[-96.92976,16.57037],[-96.93239,16.56792],[-96.92735,16.56866],[-96.92651,16.56775],[-96.92561,16.56931],[-96.92402,16.56894],[-96.92305,16.56198],[-96.9237,16.55787],[-96.92951,16.55889],[-96.93384,16.55565],[-96.93927,16.55426],[-96.94017,16.55235],[-96.93955,16.54981],[-96.93975,16.54817],[-96.94054,16.54774],[-96.94024,16.5458],[-96.94106,16.54732],[-96.94731,16.548],[-96.94845,16.54545],[-96.95192,16.54423],[-96.95188,16.543],[-96.95447,16.54083],[-96.9547,16.53936],[-96.9576,16.53715],[-96.95793,16.53445],[-96.96022,16.53126],[-96.96145,16.52601],[-96.96629,16.52324],[-96.9728,16.52134],[-96.97496,16.51909],[-96.97615,16.51883],[-96.97687,16.51401],[-96.97657,16.51291],[-96.97468,16.51196],[-96.97521,16.50703],[-96.97373,16.50563],[-96.97144,16.50511],[-96.97092,16.50368],[-96.96888,16.50218],[-96.96774,16.50223],[-96.96751,16.50346],[-96.96642,16.50353],[-96.96546,16.50169],[-96.96324,16.50053],[-96.96285,16.49991],[-96.96473,16.49643],[-96.96443,16.49569],[-96.96197,16.49523],[-96.96036,16.49399],[-96.95971,16.49074],[-96.95564,16.48832],[-96.95509,16.48711],[-96.9519,16.48613],[-96.95037,16.48472],[-96.94778,16.48466],[-96.94507,16.48233],[-96.94232,16.48415],[-96.93642,16.4859],[-96.93416,16.48466],[-96.93322,16.48265],[-96.93355,16.48151],[-96.94037,16.47417],[-96.94039,16.47267],[-96.93783,16.473],[-96.93548,16.47123],[-96.93448,16.46764],[-96.93141,16.46951],[-96.92639,16.4684],[-96.92476,16.46979],[-96.92198,16.46984],[-96.90931,16.47788],[-96.89005,16.4711],[-96.85447,16.46216],[-96.85472,16.46085],[-96.85337,16.45793],[-96.84967,16.4578],[-96.85147,16.45566],[-96.85362,16.45509],[-96.85655,16.45579],[-96.85773,16.45365],[-96.86361,16.44834],[-96.86759,16.4421],[-96.86832,16.43611],[-96.85229,16.43197],[-96.83583,16.42093],[-96.81607,16.41643],[-96.81096,16.41181],[-96.80401,16.40889],[-96.79415,16.39843],[-96.78989,16.39925],[-96.7862,16.39853],[-96.78696,16.39274],[-96.78678,16.38305],[-96.78516,16.37115],[-96.78343,16.37278],[-96.78081,16.37283],[-96.77573,16.34759],[-96.76316,16.33519],[-96.75677,16.32214],[-96.74229,16.29629],[-96.74019,16.29081],[-96.73519,16.30445],[-96.71842,16.30092],[-96.71284,16.29806],[-96.71895,16.28734],[-96.70524,16.2942],[-96.70227,16.29608],[-96.68966,16.30882],[-96.68784,16.31704],[-96.68691,16.32603],[-96.69046,16.33538],[-96.70054,16.34106],[-96.6991,16.34934],[-96.70221,16.35015],[-96.70303,16.35285],[-96.70015,16.35319],[-96.69293,16.35003],[-96.69539,16.35301],[-96.70903,16.35632],[-96.7106,16.36154],[-96.71039,16.36369],[-96.71324,16.36492],[-96.71311,16.36929],[-96.71443,16.37185],[-96.71009,16.37794],[-96.70681,16.37982],[-96.70632,16.38241],[-96.70137,16.3845],[-96.69766,16.38985],[-96.69925,16.39375],[-96.6969,16.39833],[-96.6977,16.40078],[-96.69647,16.40357],[-96.69659,16.40648],[-96.69937,16.40622],[-96.69982,16.40938],[-96.70452,16.41564],[-96.70352,16.41663],[-96.70333,16.4191],[-96.7058,16.41911],[-96.70532,16.42012],[-96.70706,16.42009],[-96.70755,16.42084],[-96.70601,16.42347],[-96.70465,16.42333],[-96.70397,16.42633],[-96.70148,16.42777],[-96.70372,16.42871],[-96.70208,16.43594],[-96.70102,16.43691],[-96.70117,16.44001],[-96.6999,16.44035],[-96.68297,16.42238],[-96.67671,16.42939],[-96.67286,16.43609],[-96.67165,16.44754],[-96.66947,16.45314],[-96.66991,16.4562],[-96.67559,16.45868],[-96.67685,16.46057],[-96.67957,16.46042],[-96.67829,16.46133],[-96.68028,16.46336],[-96.68525,16.46235],[-96.68526,16.46368],[-96.6869,16.46268],[-96.68743,16.46394],[-96.69751,16.45621],[-96.70037,16.4524],[-96.70424,16.44905],[-96.70298,16.44399],[-96.70467,16.44158],[-96.70445,16.44074],[-96.70327,16.44043],[-96.70396,16.43851],[-96.7056,16.43732],[-96.70483,16.43521],[-96.70718,16.43301],[-96.70702,16.42965],[-96.70931,16.42508],[-96.70875,16.42416],[-96.70989,16.42135],[-96.70966,16.4181],[-96.70823,16.41736],[-96.71342,16.41823],[-96.71624,16.4211],[-96.72059,16.42213],[-96.72157,16.42323],[-96.72341,16.4232],[-96.72491,16.42492],[-96.71354,16.44049],[-96.71517,16.44127],[-96.71451,16.44247],[-96.71637,16.44307],[-96.71627,16.4442],[-96.71714,16.44346],[-96.71788,16.44382],[-96.71607,16.44638],[-96.71718,16.44619],[-96.71786,16.44749],[-96.71824,16.44639],[-96.71951,16.44623],[-96.71956,16.44743],[-96.71731,16.4486],[-96.71593,16.4509],[-96.71824,16.45218],[-96.71688,16.45439],[-96.71775,16.45578],[-96.71431,16.4576],[-96.71779,16.45812],[-96.72075,16.4597],[-96.7222,16.46256],[-96.72378,16.46111],[-96.72532,16.46196],[-96.72582,16.45988],[-96.72721,16.46053],[-96.7277,16.45974],[-96.73071,16.45946],[-96.73156,16.45861],[-96.7371,16.47848],[-96.71779,16.48633],[-96.70322,16.49506],[-96.67538,16.48131],[-96.67562,16.48226],[-96.67408,16.4844],[-96.66905,16.48341],[-96.65985,16.48807],[-96.66111,16.47264],[-96.65876,16.47302],[-96.65389,16.47063],[-96.64545,16.46962],[-96.64348,16.46875],[-96.64213,16.4673],[-96.63935,16.46618],[-96.63853,16.46396],[-96.635,16.46174],[-96.63352,16.45598],[-96.63355,16.45729],[-96.63237,16.45813],[-96.63347,16.46021],[-96.6328,16.46205],[-96.63324,16.46306],[-96.6318,16.46402],[-96.62825,16.47239],[-96.62016,16.46944],[-96.61486,16.47206],[-96.61053,16.47086],[-96.61062,16.4699],[-96.61451,16.47064],[-96.61123,16.46918],[-96.61266,16.46664],[-96.61161,16.46615],[-96.61233,16.46524],[-96.61161,16.46467],[-96.61194,16.46374],[-96.60804,16.46251],[-96.60812,16.46136],[-96.60528,16.45928],[-96.60323,16.45961],[-96.60185,16.4608],[-96.59979,16.46079],[-96.59605,16.46497],[-96.59582,16.46662],[-96.59437,16.46839],[-96.5895,16.46953],[-96.59136,16.47304],[-96.58999,16.4736],[-96.58963,16.47487],[-96.58713,16.47543],[-96.5863,16.47714],[-96.58635,16.47634],[-96.58279,16.47551],[-96.57988,16.47544],[-96.57599,16.47697],[-96.57339,16.47624],[-96.57144,16.47684],[-96.56927,16.47645],[-96.56651,16.47781],[-96.55909,16.4783],[-96.55821,16.47945],[-96.55683,16.4788],[-96.55499,16.4809],[-96.55404,16.48043],[-96.55506,16.47871],[-96.55452,16.47769],[-96.55231,16.47815],[-96.54927,16.47633],[-96.54875,16.4751],[-96.54695,16.47452],[-96.54744,16.47287],[-96.54907,16.4732],[-96.55259,16.47084],[-96.55215,16.46322],[-96.55392,16.46305],[-96.55772,16.46048],[-96.56133,16.46062],[-96.56338,16.45917],[-96.56462,16.4593],[-96.56906,16.45657],[-96.57202,16.45314],[-96.5718,16.45238],[-96.57648,16.45091],[-96.57725,16.44977],[-96.57858,16.44989],[-96.57659,16.44674],[-96.53516,16.45323],[-96.53064,16.44504],[-96.53663,16.43961],[-96.53939,16.42574],[-96.5402,16.41232],[-96.53821,16.40841],[-96.53919,16.40375],[-96.53916,16.38187],[-96.5381,16.37483],[-96.53461,16.36291],[-96.53322,16.36399],[-96.53297,16.36278],[-96.53214,16.36448],[-96.52946,16.36401],[-96.52112,16.35645],[-96.52002,16.35771],[-96.50177,16.35568],[-96.50002,16.35861],[-96.4993,16.35574],[-96.50097,16.35182],[-96.49994,16.35128],[-96.49463,16.35163],[-96.49433,16.35064],[-96.49174,16.35019],[-96.48499,16.35178],[-96.48483,16.35389],[-96.47454,16.35328],[-96.45406,16.34684],[-96.45803,16.37588],[-96.45661,16.37955],[-96.45378,16.3793],[-96.43742,16.39193],[-96.41838,16.38464],[-96.41564,16.38424],[-96.4113,16.37692],[-96.38715,16.41574],[-96.37942,16.4312],[-96.37572,16.43642],[-96.37616,16.43718],[-96.33676,16.45752],[-96.3255,16.45543],[-96.31221,16.45046],[-96.30741,16.44789],[-96.30805,16.44668],[-96.31011,16.44572],[-96.3076,16.43802],[-96.30887,16.43611],[-96.30859,16.43397],[-96.31013,16.43226],[-96.31012,16.42955],[-96.30356,16.42166],[-96.304,16.41998],[-96.29955,16.41623],[-96.29872,16.41319],[-96.29903,16.40971],[-96.29301,16.40109],[-96.29291,16.40018],[-96.29421,16.39894],[-96.29277,16.39542],[-96.29511,16.39478],[-96.29552,16.392],[-96.29279,16.38961],[-96.29098,16.38222],[-96.28762,16.37355],[-96.28401,16.36727],[-96.27836,16.36427],[-96.26959,16.35383],[-96.26178,16.34653],[-96.25477,16.34442],[-96.23376,16.33554],[-96.22776,16.33605],[-96.20428,16.35585],[-96.19991,16.33816],[-96.19577,16.33371],[-96.19088,16.31828],[-96.1968,16.3136],[-96.19231,16.30099],[-96.21014,16.27945],[-96.20944,16.2739],[-96.20296,16.26794],[-96.18436,16.25855],[-96.17445,16.24351],[-96.17494,16.22862],[-96.17816,16.22339],[-96.16378,16.20818],[-96.13164,16.20158],[-96.10261,16.16255],[-96.08717,16.15618],[-96.10745,16.14678],[-96.11353,16.13931],[-96.1194,16.11423],[-96.11671,16.11218],[-96.11571,16.11233],[-96.11381,16.10904],[-96.11144,16.10692],[-96.09193,16.09763],[-96.09166,16.09479],[-96.09076,16.09392],[-96.0894,16.0942],[-96.0879,16.09254],[-96.08735,16.09787],[-96.05092,16.09174],[-96.03914,16.08768],[-96.02037,16.07604],[-96.02414,16.06513],[-95.99592,16.03341],[-96.01394,16.04298],[-96.03136,16.04739],[-96.0383,16.03989],[-96.04559,16.03683],[-96.06143,16.03815],[-96.0605,16.02735],[-96.05727,16.02087],[-96.05516,16.0143],[-96.0565,16.01134],[-96.05643,16.00549],[-96.05452,16.00173],[-96.05279,16.00047],[-96.05112,15.9938],[-96.03398,16.00483],[-96.01006,16.00354],[-96.00185,16.02557],[-95.99794,15.96578],[-95.98777,15.95415],[-95.99423,15.95418],[-95.96724,15.9375],[-95.98172,15.91958],[-96.00948,15.89937],[-96.01475,15.87011],[-96.00341,15.80814],[-96.00953,15.80536],[-96.0117,15.80183],[-96.01749,15.79999],[-96.01875,15.79847],[-96.02726,15.79529],[-96.02859,15.7944],[-96.02917,15.79278],[-96.03102,15.79198],[-96.04854,15.78767],[-96.05344,15.78726],[-96.05543,15.78506],[-96.05541,15.78389],[-96.05762,15.78382],[-96.05865,15.78132],[-96.06061,15.78155],[-96.06261,15.77893],[-96.06303,15.77697],[-96.06428,15.78005],[-96.06602,15.78101],[-96.06724,15.78056],[-96.06812,15.778],[-96.07037,15.77855],[-96.07218,15.77802],[-96.07432,15.7761],[-96.07596,15.77312],[-96.07514,15.77188],[-96.07634,15.77022],[-96.07389,15.76903],[-96.0749,15.76674],[-96.07721,15.7663],[-96.0783,15.76792],[-96.07935,15.76775],[-96.07977,15.76927],[-96.08291,15.76917],[-96.08406,15.76753],[-96.08797,15.77038],[-96.08923,15.76992],[-96.09076,15.77304],[-96.09355,15.77294],[-96.09433,15.77366],[-96.0978,15.77174],[-96.09942,15.76983],[-96.09993,15.7664],[-96.09856,15.76455],[-96.09624,15.76427],[-96.09577,15.76299],[-96.09592,15.76219],[-96.0971,15.76313],[-96.09684,15.76159],[-96.09745,15.76106],[-96.09879,15.76222],[-96.09913,15.76124],[-96.10019,15.76116],[-96.09934,15.75843],[-96.1036,15.75936],[-96.10416,15.75746],[-96.10515,15.7582],[-96.10628,15.75764],[-96.10589,15.75572],[-96.10718,15.75587],[-96.10744,15.75827],[-96.11207,15.76325],[-96.11462,15.76166],[-96.11738,15.76252],[-96.11942,15.76071],[-96.12144,15.76072],[-96.12396,15.75814],[-96.12338,15.75644],[-96.12453,15.75568],[-96.12448,15.75434],[-96.12547,15.75313],[-96.12357,15.74967],[-96.12513,15.74971],[-96.12501,15.7511],[-96.12822,15.75432],[-96.1303,15.75402],[-96.13153,15.75257],[-96.13035,15.74838],[-96.12849,15.74809],[-96.1292,15.74377],[-96.12833,15.74329],[-96.12581,15.74453],[-96.12533,15.74258],[-96.12421,15.74187],[-96.12422,15.74067],[-96.12608,15.7398],[-96.12738,15.74014],[-96.1271,15.73853],[-96.12786,15.73761],[-96.13085,15.73771],[-96.13215,15.73646],[-96.1309,15.73827],[-96.1331,15.73954],[-96.13661,15.7362],[-96.13871,15.73619],[-96.13869,15.73537],[-96.1413,15.73503],[-96.14084,15.7346],[-96.14154,15.73423],[-96.14272,15.73488],[-96.14391,15.73776],[-96.14558,15.73776],[-96.1466,15.73664],[-96.14604,15.73558],[-96.14685,15.73504],[-96.14685,15.73338],[-96.14915,15.73288],[-96.1509,15.73386],[-96.15207,15.73112],[-96.15072,15.73011],[-96.14499,15.72866],[-96.14416,15.72765],[-96.14647,15.72658],[-96.1478,15.72725],[-96.1514,15.72649],[-96.15359,15.72684],[-96.15273,15.72317],[-96.15605,15.72327],[-96.15727,15.72562],[-96.15856,15.7257],[-96.16104,15.72469],[-96.16294,15.7226],[-96.16612,15.72317],[-96.16662,15.72056],[-96.16807,15.71945],[-96.1685,15.71755],[-96.16979,15.71774],[-96.1707,15.71646],[-96.17203,15.71723],[-96.17312,15.71606],[-96.17289,15.71372],[-96.17502,15.71418],[-96.1766,15.71662],[-96.17803,15.71655],[-96.17825,15.71344],[-96.17923,15.71273],[-96.18208,15.71436],[-96.18336,15.71272],[-96.18356,15.711],[-96.18462,15.71197],[-96.19099,15.71023],[-96.19263,15.70778],[-96.19289,15.70538],[-96.19464,15.70704],[-96.19664,15.70693],[-96.19701,15.71094],[-96.19951,15.71136],[-96.20148,15.71265],[-96.20376,15.71196],[-96.20521,15.71011],[-96.20523,15.70824],[-96.20402,15.70597],[-96.20249,15.70529],[-96.20404,15.70443],[-96.20488,15.70532],[-96.2059,15.70517],[-96.20633,15.70259],[-96.20509,15.70236],[-96.20516,15.70159],[-96.20658,15.70149],[-96.20797,15.6997],[-96.20806,15.70135],[-96.21064,15.70364],[-96.21302,15.70106],[-96.21683,15.70084],[-96.2169,15.69985],[-96.21443,15.69811],[-96.21461,15.6974],[-96.22061,15.69846],[-96.22087,15.69638],[-96.2219,15.69573],[-96.22409,15.69763],[-96.22562,15.69787],[-96.22638,15.69689],[-96.22594,15.69534],[-96.22459,15.69444],[-96.22436,15.69172],[-96.22853,15.69034],[-96.23215,15.69193],[-96.23499,15.6918],[-96.23825,15.6878],[-96.23768,15.68576],[-96.23639,15.68498],[-96.23752,15.68248],[-96.24148,15.68456],[-96.24894,15.68542],[-96.25212,15.68546],[-96.26032,15.68354],[-96.26942,15.68576],[-96.2827,15.68678],[-96.28425,15.68617],[-96.28568,15.68386],[-96.29887,15.686],[-96.30486,15.68613],[-96.30742,15.68463],[-96.30703,15.6836],[-96.30761,15.68318],[-96.31375,15.68575],[-96.32038,15.68732],[-96.33133,15.68824],[-96.33975,15.68494],[-96.34046,15.68592],[-96.34188,15.6861],[-96.34416,15.68529],[-96.34808,15.68973],[-96.3513,15.69026],[-96.35414,15.68754],[-96.35771,15.68613],[-96.35987,15.683],[-96.36137,15.68229],[-96.36242,15.68381],[-96.36444,15.68296],[-96.36612,15.68362],[-96.36758,15.68571],[-96.37595,15.6887],[-96.38415,15.68962],[-96.38734,15.68794],[-96.40874,15.6937],[-96.41256,15.69438],[-96.41687,15.69326],[-96.41918,15.69536],[-96.42253,15.69585],[-96.42469,15.69534],[-96.42617,15.69644],[-96.42739,15.69591],[-96.42806,15.69402],[-96.43024,15.69206],[-96.43069,15.69288],[-96.42975,15.69359],[-96.42973,15.69522],[-96.43356,15.69526],[-96.43394,15.69418],[-96.43675,15.69221],[-96.4404,15.6918],[-96.44281,15.68653],[-96.44521,15.68797],[-96.44972,15.68523],[-96.45257,15.68146],[-96.4538,15.68179],[-96.45491,15.68095],[-96.45862,15.68316],[-96.46002,15.68273],[-96.46159,15.68437],[-96.46283,15.68231],[-96.46459,15.68323],[-96.46762,15.67974],[-96.46661,15.67819],[-96.46702,15.67531],[-96.4687,15.67542],[-96.46946,15.67416],[-96.47087,15.67373],[-96.47235,15.6751],[-96.47309,15.67493],[-96.47423,15.6734],[-96.47685,15.67474],[-96.47761,15.67349],[-96.47785,15.66942],[-96.48146,15.669],[-96.4809,15.66476],[-96.48203,15.66333],[-96.48528,15.66481],[-96.48548,15.66382],[-96.4866,15.66374],[-96.48652,15.66257],[-96.48884,15.66413],[-96.48998,15.66252],[-96.4913,15.6636],[-96.49069,15.66514],[-96.49124,15.66605],[-96.4931,15.66662],[-96.49498,15.66574],[-96.49546,15.6643],[-96.49407,15.66347],[-96.49534,15.66065],[-96.49463,15.65837],[-96.49669,15.65937],[-96.49777,15.65899],[-96.49812,15.65763],[-96.49898,15.65823],[-96.50073,15.6576],[-96.50314,15.65801],[-96.50519,15.65953],[-96.50827,15.65956],[-96.50922,15.65886],[-96.5096,15.66055],[-96.51139,15.6618],[-96.5208,15.66328],[-96.52321,15.66304],[-96.52349,15.66182],[-96.52549,15.66274],[-96.52791,15.66161],[-96.54273,15.66528],[-96.54391,15.66526],[-96.54392,15.66452],[-96.54516,15.66528],[-96.54645,15.66374],[-96.54824,15.66492],[-96.55098,15.66528],[-96.55529,15.66319],[-96.55448,15.65845],[-96.55682,15.65717],[-96.55622,15.65821],[-96.557,15.65977],[-96.57097,15.66642],[-96.5725,15.6665],[-96.57285,15.66566],[-96.57357,15.66696],[-96.5763,15.66855],[-96.61596,15.68015],[-96.652,15.69912],[-96.67334,15.70738],[-96.68693,15.71112],[-96.69172,15.71376],[-96.69892,15.71624],[-96.74306,15.72559],[-96.7789,15.72914],[-96.80477,15.73375],[-96.80965,15.73412],[-96.81141,15.73297],[-96.81655,15.73336],[-96.81816,15.73253],[-96.82846,15.73419],[-96.83503,15.73309],[-96.83885,15.73325],[-96.84633,15.73495],[-96.85225,15.73759],[-96.86042,15.73982],[-96.86052,15.74242],[-96.86257,15.74271],[-96.87207,15.74761],[-96.89964,15.7653],[-96.91334,15.77281],[-96.93387,15.78265],[-96.96024,15.79229],[-96.97555,15.79658],[-97.01439,15.80551],[-97.02388,15.80969],[-97.04857,15.82819],[-97.04547,15.83155],[-97.04629,15.8358],[-97.05393,15.84611],[-97.06019,15.85813],[-97.0621,15.86044],[-97.06379,15.86038],[-97.0664,15.85654],[-97.07033,15.85576],[-97.0714,15.85607],[-97.07292,15.85816],[-97.07419,15.8578],[-97.07394,15.85631],[-97.0747,15.8561],[-97.07868,15.85788],[-97.07759,15.85939],[-97.07872,15.85993],[-97.08122,15.85891],[-97.08367,15.85923],[-97.08531,15.86073],[-97.08545,15.86218],[-97.08732,15.8635],[-97.10307,15.86876],[-97.10732,15.87311],[-97.12513,15.88711],[-97.13311,15.89233],[-97.14615,15.89909],[-97.1799,15.91272],[-97.21339,15.92369],[-97.23932,15.92826],[-97.27296,15.93847],[-97.28046,15.93902],[-97.28271,15.93871],[-97.28372,15.93688],[-97.28872,15.93741],[-97.3188,15.9439],[-97.33463,15.94604],[-97.34384,15.9464],[-97.35336,15.94423],[-97.35935,15.94436],[-97.36196,15.94257],[-97.36172,15.9395],[-97.36239,15.94004],[-97.36479,15.93939],[-97.36824,15.93683],[-97.36841,15.93762],[-97.37947,15.93875],[-97.41156,15.94432],[-97.41889,15.94399],[-97.42021,15.94208],[-97.4214,15.94183],[-97.4373,15.94458],[-97.47933,15.95383],[-97.51961,15.96728],[-97.52969,15.96943],[-97.53691,15.96913],[-97.53986,15.96685],[-97.5427,15.96587],[-97.54798,15.96583],[-97.54929,15.96491],[-97.55265,15.96522],[-97.55564,15.96288],[-97.55865,15.96376],[-97.56533,15.9633],[-97.61899,15.97545],[-97.63838,15.97756],[-97.65576,15.9778],[-97.66366,15.97682],[-97.6722,15.97334],[-97.67655,15.96877],[-97.6768,15.96754],[-97.67498,15.96655],[-97.6772,15.96751],[-97.67859,15.96682],[-97.67641,15.96521],[-97.67505,15.96544],[-97.67973,15.96234],[-97.67984,15.96289],[-97.70035,15.96528],[-97.74471,15.97385],[-97.76699,15.97634],[-97.78872,15.98263],[-97.79054,15.98573],[-97.78461,15.99012],[-97.78264,15.99284],[-97.78252,15.9952],[-97.78487,15.99764],[-97.7901,15.9983],[-97.79147,16.0002],[-97.78944,16.00834],[-97.78988,16.01082],[-97.79128,16.01256],[-97.78947,16.0165],[-97.78711,16.01952],[-97.78443,16.01985],[-97.78239,16.02174],[-97.78018,16.02252],[-97.78007,16.02635],[-97.77539,16.03018],[-97.77302,16.03095],[-97.76987,16.02995],[-97.76961,16.02824],[-97.76788,16.02621],[-97.76627,16.0256],[-97.76383,16.02605],[-97.7607,16.02793],[-97.75878,16.03149],[-97.75257,16.03726],[-97.75083,16.0406],[-97.75141,16.04316],[-97.74911,16.04485],[-97.74261,16.0527],[-97.74082,16.05776],[-97.73587,16.06457],[-97.73565,16.06869],[-97.73194,16.07419],[-97.73253,16.07585],[-97.73635,16.07991],[-97.73589,16.08501],[-97.73393,16.08629],[-97.72875,16.0876],[-97.7265,16.09023],[-97.72638,16.0917],[-97.7284,16.09264],[-97.7308,16.09559],[-97.73103,16.10282],[-97.73694,16.12123],[-97.73756,16.12505],[-97.73476,16.13312],[-97.73865,16.13792],[-97.73977,16.14095],[-97.74418,16.14609],[-97.74264,16.16613],[-97.73868,16.16435],[-97.73713,16.16495],[-97.72915,16.17423],[-97.72864,16.17781],[-97.72624,16.18305],[-97.71723,16.18993],[-97.71701,16.19343],[-97.72087,16.19637],[-97.72315,16.20252],[-97.72162,16.20576],[-97.7212,16.20942],[-97.7144,16.21542],[-97.7126,16.21597],[-97.71144,16.21593],[-97.71111,16.21497],[-97.70877,16.21528],[-97.7038,16.21722],[-97.69651,16.22428],[-97.68332,16.23077],[-97.68027,16.23494],[-97.67872,16.23456],[-97.66945,16.23864],[-97.66186,16.23645],[-97.65335,16.22929],[-97.64719,16.22101],[-97.64212,16.20904],[-97.64009,16.2062],[-97.63394,16.20512],[-97.63029,16.20575],[-97.62437,16.20955],[-97.62317,16.21364],[-97.62291,16.21981],[-97.6251,16.22783],[-97.62414,16.2359],[-97.62157,16.23659],[-97.61601,16.2346],[-97.61189,16.22467],[-97.60919,16.22349],[-97.60773,16.2243],[-97.60669,16.22676],[-97.6074,16.23343],[-97.60098,16.24222],[-97.59605,16.24585],[-97.59557,16.24889],[-97.59176,16.25204],[-97.59182,16.25341],[-97.59314,16.25512],[-97.59703,16.25753],[-97.60172,16.26188],[-97.60566,16.26862],[-97.6087,16.28128],[-97.60535,16.28842],[-97.6054,16.2933],[-97.60772,16.29516],[-97.61503,16.2984],[-97.61318,16.30188],[-97.60816,16.3068],[-97.60464,16.31155],[-97.60321,16.31218],[-97.60172,16.31429],[-97.60018,16.31435],[-97.59988,16.31544],[-97.60108,16.31722],[-97.60418,16.31886],[-97.60901,16.31772],[-97.61194,16.31903],[-97.62339,16.32898],[-97.62786,16.33163],[-97.62904,16.33356],[-97.62945,16.33643],[-97.62849,16.33877],[-97.62599,16.33951],[-97.62053,16.33853],[-97.61465,16.33936],[-97.61285,16.34165],[-97.61246,16.34657],[-97.61112,16.348],[-97.61215,16.35059],[-97.61569,16.3533],[-97.61765,16.35569],[-97.61813,16.35752],[-97.61742,16.35968],[-97.61533,16.36192],[-97.61169,16.3623],[-97.61057,16.36342],[-97.61071,16.37066],[-97.60737,16.3755],[-97.60612,16.37972],[-97.60594,16.38785],[-97.61004,16.39144],[-97.61255,16.39777],[-97.61254,16.40319],[-97.61098,16.40892],[-97.60806,16.41188],[-97.61039,16.41297],[-97.59336,16.41893],[-97.60432,16.42645],[-97.61209,16.42327],[-97.61704,16.42784],[-97.61914,16.43299],[-97.61829,16.43778],[-97.61727,16.43887],[-97.61376,16.43965],[-97.61045,16.436],[-97.60831,16.43597],[-97.60635,16.44107],[-97.60207,16.44594],[-97.59404,16.44783],[-97.58783,16.45923],[-97.58298,16.46145],[-97.57773,16.46226],[-97.57251,16.46772],[-97.57098,16.46712],[-97.56812,16.45985],[-97.56679,16.45887],[-97.56517,16.45909],[-97.56403,16.46014],[-97.56307,16.46453],[-97.5609,16.46815],[-97.55427,16.47214],[-97.55437,16.47645],[-97.55355,16.47792],[-97.55206,16.47899],[-97.54764,16.47977],[-97.54131,16.47907],[-97.5406,16.48027],[-97.54064,16.49125],[-97.53854,16.49678],[-97.53944,16.50401],[-97.54142,16.5036],[-97.54411,16.50515],[-97.54651,16.50522],[-97.55594,16.50161],[-97.55912,16.50356],[-97.56546,16.50297],[-97.56475,16.50551],[-97.56154,16.50835],[-97.55734,16.50887],[-97.55567,16.51049],[-97.55446,16.5133],[-97.55044,16.51394],[-97.54783,16.51322],[-97.54669,16.51448],[-97.54688,16.51595],[-97.54832,16.51767],[-97.54882,16.52263],[-97.55141,16.52751],[-97.55466,16.53037],[-97.55698,16.53485],[-97.5604,16.53754],[-97.56177,16.54343],[-97.5644,16.54714],[-97.56608,16.552],[-97.56982,16.55623],[-97.56889,16.56065],[-97.57023,16.56434],[-97.56986,16.56867],[-97.57094,16.57119],[-97.57354,16.57314],[-97.57489,16.57325],[-97.54853,16.58321],[-97.54825,16.5796],[-97.54276,16.57861],[-97.53994,16.57988],[-97.53037,16.58074],[-97.50406,16.57801],[-97.49702,16.57951],[-97.49722,16.57745],[-97.49571,16.57469],[-97.48901,16.57993],[-97.47445,16.57826],[-97.47312,16.57882],[-97.46995,16.57843],[-97.46721,16.58026],[-97.46784,16.5844],[-97.46561,16.58783],[-97.4655,16.59268],[-97.45871,16.59842],[-97.45754,16.60187],[-97.45509,16.60185],[-97.45236,16.60072],[-97.44861,16.59843],[-97.44725,16.5962],[-97.44377,16.59442],[-97.43931,16.59558],[-97.43291,16.59263],[-97.43227,16.59386],[-97.4294,16.59347],[-97.42906,16.59695],[-97.42333,16.59591],[-97.41988,16.59401],[-97.412,16.59327],[-97.4074,16.59645],[-97.40789,16.59915],[-97.4126,16.6044],[-97.41673,16.60827],[-97.42405,16.61319],[-97.42859,16.61843],[-97.45043,16.66366],[-97.4509,16.66648],[-97.45276,16.66706],[-97.45175,16.66883],[-97.45255,16.66989],[-97.45373,16.66984],[-97.45317,16.67369],[-97.45448,16.6736],[-97.45606,16.67219],[-97.45835,16.6773],[-97.46017,16.67809],[-97.46081,16.67979],[-97.46563,16.67845],[-97.46918,16.67929],[-97.4737,16.67842],[-97.47503,16.67957],[-97.47723,16.67993],[-97.4848,16.6966],[-97.49635,16.69126],[-97.51144,16.70736],[-97.50439,16.71483],[-97.50233,16.71558],[-97.49979,16.71893],[-97.49898,16.72164],[-97.4996,16.72506],[-97.51091,16.7246],[-97.51623,16.72329],[-97.52318,16.72359],[-97.52483,16.71942],[-97.52441,16.70564],[-97.52663,16.6996],[-97.53131,16.69604],[-97.5296,16.69178],[-97.53056,16.68983],[-97.53424,16.68891],[-97.53652,16.69135],[-97.54057,16.69244],[-97.54273,16.69555],[-97.54457,16.69604],[-97.54519,16.69319],[-97.54231,16.68241],[-97.54114,16.68061],[-97.54253,16.68009],[-97.54828,16.68105],[-97.55294,16.67959],[-97.55484,16.67712],[-97.55858,16.6793],[-97.55758,16.68116],[-97.56439,16.68637],[-97.5625,16.68959],[-97.56037,16.68983],[-97.55962,16.69081],[-97.56001,16.69446],[-97.56112,16.69669],[-97.55544,16.70162],[-97.55629,16.70506],[-97.5551,16.70948],[-97.55696,16.71379],[-97.55476,16.71627],[-97.55464,16.71798],[-97.55679,16.72092],[-97.55354,16.7245],[-97.55231,16.72985],[-97.55039,16.73136],[-97.54932,16.73396],[-97.54631,16.73522],[-97.54642,16.7366],[-97.5422,16.74311],[-97.53967,16.74402],[-97.53585,16.74399],[-97.53273,16.74927],[-97.52796,16.75147],[-97.52735,16.75456],[-97.52954,16.76245],[-97.52707,16.76408],[-97.52503,16.76676],[-97.52005,16.76817],[-97.52152,16.77176],[-97.5192,16.77319],[-97.51831,16.77491],[-97.51999,16.77843],[-97.51952,16.78044],[-97.51469,16.78325],[-97.50995,16.77948],[-97.50508,16.76919],[-97.49994,16.76304],[-97.48364,16.75623],[-97.4644,16.7515],[-97.45844,16.74067],[-97.45401,16.72646],[-97.44824,16.71341],[-97.44991,16.70934],[-97.42378,16.73725],[-97.41438,16.74939],[-97.38539,16.80359],[-97.35598,16.80156],[-97.35476,16.80873],[-97.3471,16.81637],[-97.34612,16.81912],[-97.3437,16.81896],[-97.34064,16.81693],[-97.34025,16.81473],[-97.34203,16.81526],[-97.34278,16.81351],[-97.33893,16.81122],[-97.3356,16.81292],[-97.33356,16.81031],[-97.33201,16.81382],[-97.32448,16.81531],[-97.32322,16.81856],[-97.32055,16.82061],[-97.32009,16.82423],[-97.31013,16.83227],[-97.30625,16.83682],[-97.30648,16.83799],[-97.30428,16.84206],[-97.3004,16.84675],[-97.30018,16.85059],[-97.29912,16.85117],[-97.29502,16.84943],[-97.29382,16.85245],[-97.29152,16.85469],[-97.28933,16.86119],[-97.28979,16.86358],[-97.29134,16.86556],[-97.282,16.87766],[-97.28203,16.88385],[-97.2839,16.89208],[-97.28073,16.89625],[-97.2692,16.89805],[-97.2659,16.89633],[-97.26347,16.89916],[-97.24987,16.90037],[-97.24423,16.90245],[-97.23939,16.90086],[-97.22995,16.90065],[-97.22173,16.90614],[-97.20879,16.91872]]]]}},{"type":"Feature","properties":{"nombre":"Frontera Sur"},"geometry":{"type":"MultiPolygon","coordinates":[[[[-91.96185,16.28468],[-91.95829,16.26196],[-91.94329,16.26557],[-91.92389,16.26703],[-91.91775,16.26622],[-91.911,16.25747],[-91.90012,16.26918],[-91.89622,16.26492],[-91.89177,16.26234],[-91.88688,16.26102],[-91.88415,16.26203],[-91.87144,16.26121],[-91.85683,16.25507],[-91.85964,16.24618],[-91.84926,16.23715],[-91.85303,16.22719],[-91.84779,16.22837],[-91.84158,16.22774],[-91.83697,16.22468],[-91.83333,16.22479],[-91.83044,16.2231],[-91.81672,16.23642],[-91.82001,16.23936],[-91.8185,16.24224],[-91.78934,16.21411],[-91.78252,16.21052],[-91.77786,16.21083],[-91.76765,16.21782],[-91.76558,16.21226],[-91.75067,16.22218],[-91.74561,16.22218],[-91.74206,16.23406],[-91.74115,16.2399],[-91.73784,16.24038],[-91.73992,16.24373],[-91.72935,16.25003],[-91.7377,16.25629],[-91.73948,16.25614],[-91.74148,16.25727],[-91.73037,16.26681],[-91.70732,16.26639],[-91.70641,16.2655],[-91.70379,16.26765],[-91.69832,16.26897],[-91.68213,16.27654],[-91.68002,16.27347],[-91.68956,16.26775],[-91.68552,16.26791],[-91.68354,16.26606],[-91.67509,16.26188],[-91.67242,16.25489],[-91.66998,16.25267],[-91.66672,16.25271],[-91.66649,16.25547],[-91.66478,16.25362],[-91.65931,16.253],[-91.65771,16.25675],[-91.65121,16.2588],[-91.64883,16.26045],[-91.64633,16.25939],[-91.64308,16.2536],[-91.63122,16.25291],[-91.6311,16.23794],[-91.62815,16.23363],[-91.62019,16.21724],[-91.63306,16.21718],[-91.63322,16.2143],[-91.60713,16.21421],[-91.60718,16.20967],[-91.60602,16.20361],[-91.5961,16.21164],[-91.56222,16.1866],[-91.55591,16.20127],[-91.54996,16.19791],[-91.55131,16.19416],[-91.55609,16.18807],[-91.55618,16.18652],[-91.55486,16.18644],[-91.54484,16.17915],[-91.54152,16.17898],[-91.54187,16.18092],[-91.5431,16.18113],[-91.54382,16.18224],[-91.54177,16.18371],[-91.54089,16.18348],[-91.53301,16.17745],[-91.52902,16.17638],[-91.52292,16.17316],[-91.5213,16.17094],[-91.51979,16.17349],[-91.51685,16.17296],[-91.51701,16.17066],[-91.51549,16.16744],[-91.51191,16.16645],[-91.51037,16.16478],[-91.50764,16.16394],[-91.50695,16.15904],[-91.50362,16.15597],[-91.49998,16.15031],[-91.50127,16.14892],[-91.50213,16.15004],[-91.51818,16.14251],[-91.51527,16.14072],[-91.5012,16.13706],[-91.50442,16.13194],[-91.49588,16.12878],[-91.49397,16.12158],[-91.49394,16.11801],[-91.48098,16.11735],[-91.47615,16.10992],[-91.47601,16.09591],[-91.45395,16.09491],[-91.44295,16.09612],[-91.4443,16.10157],[-91.44669,16.10429],[-91.44707,16.10845],[-91.44312,16.11127],[-91.43707,16.11341],[-91.42932,16.11145],[-91.4234,16.11751],[-91.42005,16.11707],[-91.41656,16.11397],[-91.41422,16.11638],[-91.39976,16.11531],[-91.40786,16.10696],[-91.40595,16.10363],[-91.40355,16.1026],[-91.39458,16.09103],[-91.39166,16.08504],[-91.38972,16.08349],[-91.38962,16.08043],[-91.38791,16.08122],[-91.38461,16.07948],[-91.38178,16.07435],[-91.73138,16.07402],[-91.96795,15.67333],[-92.21008,15.26122],[-92.19727,15.24405],[-92.16286,15.20116],[-92.16478,15.19486],[-92.16998,15.19087],[-92.17089,15.18803],[-92.17285,15.18687],[-92.17462,15.18695],[-92.17486,15.18579],[-92.17893,15.18347],[-92.17797,15.18004],[-92.17982,15.17782],[-92.18099,15.17523],[-92.17994,15.17421],[-92.18149,15.17232],[-92.17992,15.16994],[-92.18219,15.1679],[-92.18181,15.16688],[-92.17649,15.16337],[-92.17846,15.16137],[-92.18051,15.15641],[-92.18269,15.15511],[-92.18375,15.15341],[-92.18348,15.1475],[-92.18477,15.14385],[-92.1882,15.14127],[-92.18805,15.13985],[-92.19122,15.13974],[-92.19292,15.13708],[-92.19574,15.13793],[-92.19743,15.13724],[-92.19714,15.13571],[-92.19835,15.13359],[-92.20057,15.13309],[-92.20389,15.12929],[-92.2029,15.12785],[-92.20516,15.12551],[-92.20365,15.12017],[-92.20495,15.11605],[-92.20259,15.11251],[-92.20233,15.11043],[-92.20505,15.10695],[-92.20552,15.10069],[-92.20638,15.09901],[-92.20972,15.09669],[-92.20931,15.09497],[-92.21024,15.09504],[-92.20958,15.09204],[-92.21341,15.08831],[-92.21087,15.08591],[-92.21158,15.08524],[-92.21298,15.08611],[-92.21331,15.08563],[-92.21236,15.08411],[-92.2126,15.08175],[-92.21451,15.0782],[-92.21657,15.0789],[-92.21501,15.07798],[-92.21482,15.07675],[-92.21674,15.07416],[-92.21759,15.06768],[-92.22002,15.06547],[-92.22075,15.06243],[-92.21908,15.06071],[-92.21891,15.05681],[-92.22042,15.05503],[-92.2236,15.047],[-92.22577,15.04648],[-92.22636,15.04531],[-92.22685,15.04096],[-92.22373,15.03682],[-92.22397,15.03251],[-92.21651,15.03248],[-92.21222,15.03155],[-92.21256,15.03253],[-92.20614,15.03195],[-92.20563,15.03033],[-92.18603,15.02769],[-92.18945,14.99997],[-92.18805,14.99309],[-92.19006,14.99278],[-92.1904,14.99115],[-92.19609,14.99247],[-92.1977,14.99433],[-92.19913,14.99381],[-92.2012,14.99494],[-92.20228,14.99347],[-92.20383,14.99366],[-92.20687,14.99184],[-92.20792,14.99201],[-92.20703,14.98918],[-92.20723,14.98306],[-92.2097,14.9785],[-92.20585,14.97409],[-92.20622,14.9729],[-92.20319,14.97146],[-92.31348,14.96947],[-92.31197,14.97271],[-92.30715,14.97348],[-92.31402,14.97953],[-92.31233,14.98186],[-92.30734,14.98049],[-92.30177,14.98298],[-92.30145,14.99098],[-92.30271,14.99419],[-92.30649,14.99674],[-92.31287,14.9972],[-92.31259,15.00083],[-92.31686,15.00323],[-92.3175,15.00488],[-92.31999,15.0059],[-92.31893,15.0113],[-92.31531,15.01476],[-92.32252,15.02901],[-92.32291,15.026],[-92.33606,15.02749],[-92.33588,15.0299],[-92.33294,15.02966],[-92.33248,15.03589],[-92.33635,15.03595],[-92.33668,15.03801],[-92.34885,15.03942],[-92.3515,15.03846],[-92.35437,15.03523],[-92.35651,15.03635],[-92.35991,15.03586],[-92.36405,15.03117],[-92.37581,15.03251],[-92.37512,15.03804],[-92.36587,15.03698],[-92.36499,15.04465],[-92.35902,15.04405],[-92.35905,15.0407],[-92.3527,15.03944],[-92.35129,15.03947],[-92.34885,15.04112],[-92.34561,15.04092],[-92.34327,15.04218],[-92.33919,15.04292],[-92.3396,15.04651],[-92.34315,15.04701],[-92.34241,15.05435],[-92.3446,15.05587],[-92.34349,15.06488],[-92.34011,15.06459],[-92.3405,15.06219],[-92.33715,15.06172],[-92.33769,15.05787],[-92.34005,15.05809],[-92.33943,15.05673],[-92.33803,15.05679],[-92.33823,15.05553],[-92.33554,15.05518],[-92.33214,15.05284],[-92.32722,15.05239],[-92.32752,15.05964],[-92.32403,15.06447],[-92.32381,15.06673],[-92.32255,15.0684],[-92.32364,15.0726],[-92.3223,15.07366],[-92.32017,15.07259],[-92.31783,15.07522],[-92.31804,15.07744],[-92.32137,15.07987],[-92.32107,15.08115],[-92.32522,15.0814],[-92.32512,15.08244],[-92.32454,15.08241],[-92.32554,15.08318],[-92.3248,15.08793],[-92.3331,15.08802],[-92.33298,15.09032],[-92.33367,15.09036],[-92.33292,15.1046],[-92.36512,15.10674],[-92.36487,15.10991],[-92.36713,15.11027],[-92.37356,15.10932],[-92.37231,15.11296],[-92.37013,15.13112],[-92.36504,15.13048],[-92.35774,15.14257],[-92.3646,15.14394],[-92.3647,15.14344],[-92.37952,15.14521],[-92.3832,15.14417],[-92.37909,15.14872],[-92.37725,15.14965],[-92.3759,15.14933],[-92.37333,15.15167],[-92.37155,15.15159],[-92.36797,15.15324],[-92.36661,15.15677],[-92.36258,15.15885],[-92.36162,15.16073],[-92.36196,15.15696],[-92.35067,15.16301],[-92.34963,15.16901],[-92.3519,15.17059],[-92.34354,15.17647],[-92.34187,15.17893],[-92.34178,15.18098],[-92.33547,15.18787],[-92.33465,15.18781],[-92.33358,15.19263],[-92.33356,15.19595],[-92.33446,15.19621],[-92.33415,15.19922],[-92.33315,15.2003],[-92.33484,15.2004],[-92.33392,15.2018],[-92.34698,15.20606],[-92.35185,15.21024],[-92.35214,15.20925],[-92.35493,15.20741],[-92.35626,15.2071],[-92.35799,15.20827],[-92.36144,15.20752],[-92.36061,15.2041],[-92.36164,15.2035],[-92.36085,15.20108],[-92.36326,15.19966],[-92.36647,15.19944],[-92.36611,15.19561],[-92.37048,15.19233],[-92.37032,15.20388],[-92.37478,15.21053],[-92.37981,15.21578],[-92.37963,15.21782],[-92.38126,15.2161],[-92.38205,15.21725],[-92.38102,15.21806],[-92.38205,15.2182],[-92.38154,15.21884],[-92.38273,15.22044],[-92.3844,15.21913],[-92.38541,15.22067],[-92.38784,15.22037],[-92.38874,15.21948],[-92.39358,15.2206],[-92.39314,15.22154],[-92.39764,15.22351],[-92.39749,15.22481],[-92.40814,15.23486],[-92.41134,15.23131],[-92.40786,15.22889],[-92.40827,15.2268],[-92.41162,15.224],[-92.41962,15.2248],[-92.41554,15.23113],[-92.42126,15.23374],[-92.424,15.22626],[-92.42577,15.22591],[-92.4633,15.22916],[-92.46825,15.22896],[-92.46212,15.23618],[-92.45658,15.2408],[-92.45508,15.24462],[-92.44173,15.2498],[-92.44063,15.24799],[-92.43759,15.24916],[-92.44018,15.25136],[-92.44377,15.25291],[-92.44664,15.25748],[-92.45042,15.25956],[-92.44314,15.26712],[-92.42535,15.27502],[-92.43057,15.28634],[-92.44909,15.28712],[-92.4512,15.29056],[-92.45127,15.29258],[-92.45241,15.29279],[-92.45567,15.28996],[-92.45509,15.29846],[-92.46237,15.3015],[-92.45935,15.32875],[-92.48105,15.33174],[-92.4817,15.3392],[-92.47833,15.33946],[-92.47519,15.34294],[-92.47549,15.34406],[-92.47145,15.34445],[-92.47107,15.33698],[-92.46504,15.33696],[-92.46293,15.34061],[-92.46496,15.34312],[-92.46471,15.34404],[-92.46335,15.34441],[-92.46355,15.34793],[-92.46052,15.34975],[-92.45894,15.35447],[-92.45775,15.3542],[-92.45468,15.35676],[-92.45394,15.35907],[-92.45465,15.36132],[-92.4521,15.36093],[-92.44514,15.36177],[-92.44404,15.36007],[-92.43665,15.36201],[-92.43744,15.3639],[-92.44429,15.36582],[-92.44312,15.36771],[-92.44454,15.3704],[-92.44327,15.37613],[-92.44382,15.37857],[-92.43915,15.3836],[-92.43651,15.38381],[-92.43775,15.3869],[-92.43375,15.3869],[-92.43461,15.39524],[-92.43292,15.40408],[-92.43384,15.40814],[-92.42912,15.42311],[-92.4308,15.42307],[-92.42537,15.43945],[-92.40294,15.43856],[-92.3873,15.44625],[-92.34381,15.42634],[-92.34129,15.42645],[-92.32222,15.44479],[-92.31604,15.44155],[-92.31537,15.44419],[-92.31624,15.44712],[-92.31587,15.44905],[-92.31394,15.45169],[-92.31327,15.45467],[-92.30647,15.46267],[-92.27516,15.46694],[-92.26516,15.4583],[-92.2509,15.46839],[-92.22053,15.4606],[-92.20654,15.4599],[-92.20738,15.45586],[-92.17816,15.45027],[-92.17583,15.45125],[-92.17369,15.44948],[-92.17149,15.44889],[-92.16582,15.44832],[-92.16174,15.44926],[-92.15989,15.4473],[-92.15734,15.4363],[-92.15561,15.43422],[-92.15396,15.42839],[-92.15116,15.42592],[-92.14955,15.4376],[-92.14758,15.44296],[-92.14708,15.44687],[-92.14121,15.45234],[-92.13514,15.46234],[-92.13407,15.47047],[-92.12674,15.47129],[-92.11849,15.46845],[-92.11641,15.47238],[-92.11642,15.47393],[-92.12148,15.48819],[-92.11637,15.49976],[-92.11659,15.51072],[-92.11514,15.51124],[-92.1145,15.51409],[-92.11578,15.51777],[-92.1129,15.52559],[-92.113,15.52624],[-92.11546,15.52662],[-92.12036,15.53237],[-92.12127,15.53503],[-92.12095,15.53666],[-92.12289,15.53596],[-92.12378,15.53344],[-92.12673,15.53193],[-92.12765,15.52902],[-92.13201,15.52378],[-92.13387,15.52399],[-92.13586,15.52296],[-92.13987,15.52743],[-92.14621,15.52103],[-92.16388,15.53617],[-92.1858,15.55035],[-92.182,15.55455],[-92.20003,15.56813],[-92.19706,15.5877],[-92.19401,15.58644],[-92.17922,15.58472],[-92.16022,15.58346],[-92.16168,15.5865],[-92.16063,15.5902],[-92.15762,15.59314],[-92.15179,15.60635],[-92.15272,15.60753],[-92.15237,15.60904],[-92.14779,15.61248],[-92.14586,15.61572],[-92.14694,15.61708],[-92.14862,15.61748],[-92.14963,15.61936],[-92.14764,15.62895],[-92.14959,15.62958],[-92.15179,15.63245],[-92.15269,15.63438],[-92.15219,15.63697],[-92.16336,15.63932],[-92.1655,15.63786],[-92.17111,15.64041],[-92.16766,15.64721],[-92.17855,15.64688],[-92.18802,15.65724],[-92.18477,15.66343],[-92.19798,15.67363],[-92.20248,15.6737],[-92.20323,15.67695],[-92.22431,15.69581],[-92.22575,15.69592],[-92.2212,15.71533],[-92.22904,15.71616],[-92.23264,15.73281],[-92.23313,15.73959],[-92.23637,15.74429],[-92.23578,15.74787],[-92.23673,15.74881],[-92.23795,15.74878],[-92.23949,15.75098],[-92.23892,15.75409],[-92.23631,15.75907],[-92.23528,15.75758],[-92.23676,15.75542],[-92.23597,15.75472],[-92.22885,15.7651],[-92.23068,15.766],[-92.23054,15.76808],[-92.24094,15.77211],[-92.24106,15.77064],[-92.24172,15.77117],[-92.24488,15.77048],[-92.24839,15.77361],[-92.24738,15.77629],[-92.24591,15.77624],[-92.24455,15.77938],[-92.24168,15.78189],[-92.24245,15.78561],[-92.23925,15.79205],[-92.23601,15.79342],[-92.23156,15.79083],[-92.2299,15.79276],[-92.22607,15.79206],[-92.22486,15.79316],[-92.22432,15.79557],[-92.22475,15.80027],[-92.22406,15.80171],[-92.22182,15.80238],[-92.21638,15.80183],[-92.21217,15.80391],[-92.21376,15.80607],[-92.21368,15.80808],[-92.21123,15.81176],[-92.20829,15.8187],[-92.20721,15.82004],[-92.20323,15.8221],[-92.20436,15.82533],[-92.20193,15.83132],[-92.19755,15.83306],[-92.19507,15.83553],[-92.19408,15.83995],[-92.19408,15.84455],[-92.19508,15.84569],[-92.19698,15.84576],[-92.1986,15.84696],[-92.20057,15.85676],[-92.19753,15.85942],[-92.1956,15.85902],[-92.1948,15.85989],[-92.19882,15.86406],[-92.19661,15.86672],[-92.19392,15.87608],[-92.18597,15.87872],[-92.18473,15.88033],[-92.18584,15.88225],[-92.1851,15.88573],[-92.18537,15.88994],[-92.18296,15.89429],[-92.18612,15.89774],[-92.18621,15.89982],[-92.18188,15.90162],[-92.17914,15.90503],[-92.17814,15.90452],[-92.17461,15.90799],[-92.17602,15.90841],[-92.17709,15.90783],[-92.17655,15.90944],[-92.17724,15.91279],[-92.17856,15.91384],[-92.17727,15.91439],[-92.17666,15.91647],[-92.17829,15.92135],[-92.18003,15.92221],[-92.17474,15.92679],[-92.17057,15.9243],[-92.17025,15.92555],[-92.16896,15.92349],[-92.16828,15.92339],[-92.16786,15.92486],[-92.16258,15.9203],[-92.16052,15.92043],[-92.1593,15.91791],[-92.15853,15.91863],[-92.15926,15.91943],[-92.15842,15.92196],[-92.1608,15.92315],[-92.16136,15.92556],[-92.16339,15.92636],[-92.16529,15.92991],[-92.16631,15.92978],[-92.1694,15.93337],[-92.17063,15.93379],[-92.1709,15.93216],[-92.17202,15.93171],[-92.17305,15.93275],[-92.17549,15.93195],[-92.17699,15.9344],[-92.17647,15.93512],[-92.17478,15.93416],[-92.1752,15.93601],[-92.17746,15.93633],[-92.17701,15.93868],[-92.17775,15.93972],[-92.17874,15.94031],[-92.18094,15.93974],[-92.18104,15.94214],[-92.18303,15.94095],[-92.18749,15.9429],[-92.18712,15.94702],[-92.18917,15.94766],[-92.17714,15.95322],[-92.17826,15.95736],[-92.17754,15.96115],[-92.18176,15.96998],[-92.19895,15.96466],[-92.20206,15.97415],[-92.19521,15.9811],[-92.20372,15.9887],[-92.20564,15.99244],[-92.19582,16.00067],[-92.19063,16.0034],[-92.18986,16.00639],[-92.18751,16.00844],[-92.1899,16.00857],[-92.1976,16.00503],[-92.19942,16.00126],[-92.20076,16.00289],[-92.20017,16.00357],[-92.2009,16.00475],[-92.20688,16.0012],[-92.20573,16.00519],[-92.2069,16.01436],[-92.19793,16.01782],[-92.19265,16.01643],[-92.19049,16.01408],[-92.18868,16.01369],[-92.1778,16.01401],[-92.17502,16.02297],[-92.16974,16.02237],[-92.16835,16.02936],[-92.17758,16.03451],[-92.17825,16.03616],[-92.17532,16.03865],[-92.17622,16.03953],[-92.17543,16.04944],[-92.17014,16.05108],[-92.16551,16.04948],[-92.14243,16.07848],[-92.10891,16.05713],[-92.09122,16.06576],[-92.08586,16.07437],[-92.0957,16.08993],[-92.10055,16.09206],[-92.09424,16.10137],[-92.0953,16.10182],[-92.08726,16.12959],[-92.08438,16.1291],[-92.08113,16.13422],[-92.08094,16.14001],[-92.07714,16.1415],[-92.07925,16.1462],[-92.07993,16.15055],[-92.08283,16.15411],[-92.08216,16.15719],[-92.07762,16.15642],[-92.0749,16.15831],[-92.06613,16.16026],[-92.04594,16.15965],[-92.05057,16.16551],[-92.0259,16.16476],[-92.02286,16.16917],[-92.02252,16.17767],[-92.01538,16.17747],[-92.01162,16.17318],[-92.00499,16.17044],[-92.00106,16.17141],[-91.99948,16.16854],[-91.99668,16.16595],[-91.99888,16.17532],[-91.99963,16.17604],[-91.99919,16.17985],[-92.00033,16.18258],[-92.00262,16.18179],[-91.99779,16.19157],[-92.00112,16.19766],[-92.01063,16.19845],[-92.01762,16.20081],[-92.01693,16.20696],[-92.0452,16.23741],[-92.04576,16.23851],[-92.04228,16.24075],[-92.05118,16.25012],[-92.03344,16.2624],[-92.03523,16.26709],[-92.03445,16.27337],[-92.02404,16.28242],[-92.01366,16.26804],[-92.0147,16.27709],[-92.00447,16.28178],[-92.00308,16.28042],[-92.00007,16.28247],[-91.99506,16.28226],[-91.98631,16.28462],[-91.98493,16.28621],[-91.98406,16.28922],[-91.98182,16.29073],[-91.97919,16.29424],[-91.97843,16.29592],[-91.97982,16.29877],[-91.96543,16.30566],[-91.95969,16.29882],[-91.96351,16.29487],[-91.96705,16.29475],[-91.96185,16.28468]]]]}},{"type":"Feature","properties":{"nombre":"Huasteca"},"geometry":{"type":"MultiPolygon","coordinates":[[[[-99.06057,22.41526],[-98.93197,22.39278],[-98.93007,22.38256],[-98.92554,22.37175],[-98.91941,22.37111],[-98.91711,22.37162],[-98.91351,22.37402],[-98.91228,22.3738],[-98.90858,22.37057],[-98.90323,22.36784],[-98.90203,22.36591],[-98.90034,22.36533],[-98.89903,22.36588],[-98.89645,22.3623],[-98.89727,22.36089],[-98.89696,22.35915],[-98.89525,22.35884],[-98.89462,22.3571],[-98.89,22.35509],[-98.88539,22.35624],[-98.88266,22.35847],[-98.88063,22.3583],[-98.87742,22.36181],[-98.87562,22.36197],[-98.87229,22.36741],[-98.86943,22.36759],[-98.86571,22.36574],[-98.86479,22.36614],[-98.85914,22.36474],[-98.85369,22.3682],[-98.84988,22.36813],[-98.84708,22.36643],[-98.84403,22.36615],[-98.84132,22.36356],[-98.83687,22.36258],[-98.83466,22.36082],[-98.83097,22.36079],[-98.82917,22.36041],[-98.82727,22.3588],[-98.82559,22.35933],[-98.82362,22.3587],[-98.82305,22.35694],[-98.82147,22.35626],[-98.8145,22.3583],[-98.81233,22.35971],[-98.81123,22.36152],[-98.79189,22.36187],[-98.789,22.36478],[-98.78643,22.36598],[-98.78411,22.36534],[-98.78085,22.36612],[-98.77562,22.36422],[-98.77331,22.3644],[-98.76897,22.36691],[-98.75802,22.36653],[-98.7564,22.36694],[-98.75487,22.36861],[-98.75456,22.36813],[-98.75168,22.36902],[-98.74992,22.37656],[-98.74594,22.38087],[-98.74482,22.38013],[-98.7417,22.38187],[-98.73667,22.38184],[-98.73449,22.38079],[-98.73377,22.38169],[-98.73151,22.38126],[-98.73117,22.38348],[-98.72897,22.38599],[-98.72942,22.38801],[-98.72679,22.38815],[-98.72638,22.38978],[-98.7229,22.38934],[-98.72078,22.39031],[-98.72099,22.39146],[-98.71972,22.39171],[-98.71831,22.39081],[-98.71808,22.39188],[-98.71718,22.39186],[-98.71358,22.39564],[-98.70815,22.39725],[-98.70514,22.39912],[-98.70472,22.40021],[-98.703,22.39945],[-98.70187,22.40019],[-98.70082,22.40257],[-98.69952,22.40195],[-98.69862,22.40271],[-98.69685,22.40177],[-98.69651,22.40315],[-98.69387,22.40424],[-98.69216,22.40284],[-98.69034,22.40274],[-98.68732,22.40511],[-98.68311,22.4053],[-98.68156,22.4062],[-98.67956,22.40569],[-98.67753,22.40704],[-98.67864,22.40799],[-98.67666,22.40893],[-98.67462,22.40778],[-98.67467,22.40701],[-98.67365,22.40667],[-98.67389,22.40588],[-98.67083,22.40536],[-98.68155,22.37157],[-98.67615,22.3732],[-98.58286,22.37305],[-98.57932,22.37776],[-98.57883,22.36594],[-98.57954,22.36559],[-98.57978,22.36265],[-98.58231,22.3601],[-98.5805,22.35719],[-98.58103,22.3546],[-98.57897,22.35335],[-98.57909,22.3521],[-98.58058,22.35152],[-98.58029,22.3507],[-98.57929,22.3507],[-98.57929,22.34863],[-98.57452,22.34862],[-98.57308,22.34644],[-98.57101,22.34721],[-98.56446,22.34751],[-98.56452,22.34257],[-98.55479,22.34256],[-98.55483,22.33801],[-98.53521,22.33788],[-98.5353,22.328],[-98.52555,22.32799],[-98.52555,22.31883],[-98.51574,22.31916],[-98.50612,22.31597],[-98.50573,22.30901],[-98.50378,22.3097],[-98.49851,22.30676],[-98.49682,22.3077],[-98.49599,22.30368],[-98.49224,22.30486],[-98.49184,22.30359],[-98.48795,22.30351],[-98.48689,22.29892],[-98.48199,22.29944],[-98.48194,22.29673],[-98.47783,22.29621],[-98.47757,22.29125],[-98.47648,22.29124],[-98.47591,22.28864],[-98.46729,22.29554],[-98.46438,22.29669],[-98.46503,22.29729],[-98.46429,22.29798],[-98.4659,22.29998],[-98.46452,22.30347],[-98.46149,22.30489],[-98.45756,22.30132],[-98.45452,22.30392],[-98.44666,22.30562],[-98.43855,22.29263],[-98.43546,22.28988],[-98.43275,22.28919],[-98.43256,22.28816],[-98.4277,22.28346],[-98.42909,22.28051],[-98.43296,22.27997],[-98.43384,22.27824],[-98.43379,22.27684],[-98.43067,22.2758],[-98.43037,22.2746],[-98.42476,22.27427],[-98.40756,22.28421],[-98.40317,22.28222],[-98.40199,22.27793],[-98.40083,22.27746],[-98.39936,22.27817],[-98.39638,22.27626],[-98.39693,22.27504],[-98.40094,22.27247],[-98.40176,22.26968],[-98.40642,22.26935],[-98.40577,22.26718],[-98.40425,22.26756],[-98.40321,22.26638],[-98.40394,22.26433],[-98.40569,22.26261],[-98.40419,22.25917],[-98.40509,22.25608],[-98.38255,22.25588],[-98.38183,22.25333],[-98.37826,22.25343],[-98.37634,22.25083],[-98.37543,22.25397],[-98.36814,22.25537],[-98.36723,22.25132],[-98.37456,22.23608],[-98.3695,22.23606],[-98.36963,22.2381],[-98.36533,22.23834],[-98.36545,22.23758],[-98.36426,22.23729],[-98.36323,22.2389],[-98.35988,22.23931],[-98.35985,22.23879],[-98.35276,22.24016],[-98.35241,22.24116],[-98.35195,22.23858],[-98.32597,22.24305],[-98.34462,22.22209],[-98.35226,22.2228],[-98.35212,22.22073],[-98.34306,22.21589],[-98.34496,22.21396],[-98.33522,22.21001],[-98.33476,22.20248],[-98.33041,22.20134],[-98.33263,22.19756],[-98.33433,22.19711],[-98.33483,22.19024],[-98.33655,22.18769],[-98.3444,22.18647],[-98.34946,22.18289],[-98.35528,22.18029],[-98.41108,22.14338],[-98.41675,22.1412],[-98.42064,22.13831],[-98.42064,22.13686],[-98.42309,22.13377],[-98.42332,22.13245],[-98.42406,22.13209],[-98.42631,22.13315],[-98.42672,22.13183],[-98.42607,22.1301],[-98.42877,22.13034],[-98.43202,22.12827],[-98.43123,22.12545],[-98.43226,22.11781],[-98.43455,22.11602],[-98.43825,22.11475],[-98.43874,22.11191],[-98.43676,22.11097],[-98.43237,22.11054],[-98.43026,22.10846],[-98.42763,22.10878],[-98.42663,22.10678],[-98.41953,22.10086],[-98.41883,22.09802],[-98.4229,22.09685],[-98.42613,22.09254],[-98.43239,22.08967],[-98.43323,22.08869],[-98.43335,22.08566],[-98.43099,22.08159],[-98.43084,22.07934],[-98.43151,22.07863],[-98.4365,22.0781],[-98.43945,22.07565],[-98.44002,22.06847],[-98.44113,22.0651],[-98.44187,22.06487],[-98.43438,22.05694],[-98.43465,22.05167],[-98.44289,22.04937],[-98.44641,22.04222],[-98.44322,22.03713],[-98.44355,22.03298],[-98.44826,22.02732],[-98.44885,22.02142],[-98.44819,22.02117],[-98.45946,22.0054],[-98.45841,22.00498],[-98.46019,22.00114],[-98.45931,22.00046],[-98.45954,21.99517],[-98.46243,21.99618],[-98.46358,21.99099],[-98.46554,21.98988],[-98.46997,21.9904],[-98.47118,21.98843],[-98.47233,21.98797],[-98.47607,21.99389],[-98.47629,21.99957],[-98.48148,21.99051],[-98.47989,21.98898],[-98.48199,21.983],[-98.46809,21.96548],[-98.46881,21.9646],[-98.47765,21.9603],[-98.48727,21.95953],[-98.4932,21.96041],[-98.50465,21.96664],[-98.51254,21.97219],[-98.51885,21.97801],[-98.522,21.97943],[-98.52664,21.97817],[-98.55067,21.96075],[-98.55204,21.96087],[-98.56096,21.96699],[-98.5645,21.96824],[-98.57485,21.96914],[-98.57884,21.96609],[-98.57932,21.96143],[-98.57647,21.94739],[-98.57356,21.94304],[-98.56602,21.93764],[-98.55401,21.93348],[-98.55128,21.93374],[-98.54397,21.93627],[-98.53911,21.9391],[-98.53158,21.94992],[-98.5156,21.95127],[-98.5137,21.95053],[-98.51094,21.94791],[-98.50315,21.93663],[-98.49882,21.92743],[-98.49879,21.92505],[-98.50045,21.92315],[-98.51348,21.92959],[-98.53108,21.93443],[-98.53751,21.93458],[-98.54385,21.93212],[-98.54647,21.92019],[-98.54587,21.91735],[-98.53494,21.91909],[-98.5331,21.91881],[-98.52492,21.91455],[-98.51922,21.91576],[-98.51659,21.9175],[-98.51489,21.91764],[-98.51302,21.91648],[-98.51193,21.9146],[-98.5108,21.9087],[-98.51189,21.90454],[-98.51391,21.90163],[-98.51902,21.89716],[-98.5202,21.89699],[-98.52413,21.89862],[-98.53468,21.90644],[-98.5382,21.90581],[-98.53875,21.90477],[-98.53776,21.89877],[-98.53823,21.89709],[-98.54205,21.89422],[-98.54418,21.89128],[-98.54528,21.88804],[-98.54029,21.87663],[-98.54044,21.87348],[-98.54803,21.86011],[-98.54777,21.85928],[-98.54561,21.85859],[-98.53098,21.86395],[-98.52886,21.86318],[-98.5275,21.86136],[-98.52637,21.85569],[-98.52175,21.8455],[-98.51795,21.8297],[-98.51448,21.82389],[-98.51168,21.82348],[-98.50934,21.82445],[-98.5027,21.83188],[-98.49505,21.83817],[-98.48946,21.838],[-98.48632,21.83627],[-98.48551,21.83483],[-98.48591,21.83356],[-98.49093,21.82774],[-98.49297,21.82239],[-98.49312,21.81394],[-98.49139,21.81174],[-98.48994,21.81139],[-98.4819,21.81501],[-98.47746,21.81534],[-98.47504,21.81419],[-98.47476,21.8124],[-98.47649,21.80598],[-98.47552,21.80192],[-98.4739,21.79945],[-98.4646,21.79404],[-98.46237,21.79128],[-98.46146,21.7885],[-98.46253,21.78358],[-98.46234,21.77841],[-98.45472,21.76674],[-98.45699,21.76315],[-98.45945,21.76231],[-98.46403,21.76956],[-98.46575,21.77084],[-98.4676,21.7707],[-98.47023,21.76357],[-98.47162,21.7626],[-98.4763,21.76233],[-98.47939,21.76086],[-98.48373,21.75217],[-98.48376,21.7506],[-98.48272,21.74984],[-98.4764,21.7492],[-98.47582,21.7474],[-98.47692,21.74522],[-98.48201,21.74003],[-98.48583,21.73892],[-98.49149,21.73506],[-98.49571,21.73552],[-98.49769,21.73792],[-98.50005,21.73929],[-98.50422,21.73805],[-98.50556,21.73644],[-98.50553,21.73403],[-98.49949,21.73208],[-98.49849,21.72992],[-98.49895,21.72724],[-98.50135,21.72638],[-98.5047,21.72852],[-98.50706,21.72872],[-98.51266,21.7266],[-98.51373,21.72418],[-98.51276,21.72078],[-98.51667,21.71685],[-98.52085,21.71596],[-98.52469,21.72061],[-98.52946,21.72213],[-98.53472,21.72198],[-98.53741,21.72062],[-98.53838,21.71816],[-98.5368,21.71389],[-98.53363,21.71327],[-98.53105,21.71502],[-98.52711,21.71528],[-98.52239,21.71311],[-98.52053,21.71023],[-98.52152,21.70635],[-98.52372,21.70328],[-98.52783,21.69887],[-98.53074,21.69727],[-98.53291,21.69759],[-98.53311,21.70104],[-98.53545,21.70496],[-98.53677,21.71158],[-98.53765,21.71324],[-98.54203,21.71694],[-98.54255,21.7222],[-98.54459,21.7237],[-98.54804,21.72353],[-98.55182,21.71935],[-98.56011,21.71725],[-98.56712,21.71757],[-98.57161,21.71308],[-98.57235,21.7098],[-98.57077,21.70726],[-98.56241,21.70654],[-98.55836,21.70279],[-98.55863,21.69396],[-98.55773,21.6904],[-98.55826,21.68767],[-98.5571,21.68792],[-98.55695,21.68939],[-98.55113,21.69148],[-98.55037,21.69108],[-98.53648,21.64633],[-98.53019,21.64812],[-98.52367,21.64617],[-98.52357,21.64674],[-98.51615,21.64382],[-98.51487,21.64785],[-98.51357,21.64773],[-98.48936,21.65863],[-98.48893,21.65667],[-98.48543,21.66624],[-98.48249,21.66648],[-98.48099,21.66999],[-98.44801,21.67779],[-98.44546,21.67459],[-98.44413,21.67616],[-98.44226,21.67577],[-98.43902,21.6726],[-98.42849,21.66512],[-98.42217,21.6639],[-98.41497,21.66505],[-98.41077,21.66384],[-98.41096,21.66225],[-98.41712,21.65866],[-98.42298,21.65627],[-98.42511,21.65622],[-98.42267,21.65519],[-98.41846,21.65699],[-98.37398,21.66175],[-98.3744,21.6647],[-98.3669,21.66549],[-98.36667,21.66747],[-98.32574,21.67191],[-98.32396,21.68679],[-98.25995,21.70132],[-98.25921,21.69906],[-98.24331,21.70288],[-98.24379,21.70506],[-98.2424,21.70567],[-98.22995,21.70339],[-98.22741,21.70363],[-98.22518,21.71426],[-98.21021,21.71202],[-98.21004,21.71752],[-98.20481,21.71678],[-98.20505,21.72183],[-98.19555,21.72012],[-98.19392,21.71772],[-98.19073,21.71738],[-98.19032,21.71551],[-98.19147,21.7133],[-98.1913,21.71152],[-98.1893,21.71152],[-98.18896,21.71404],[-98.18714,21.71482],[-98.16779,21.71313],[-98.15932,21.71141],[-98.15926,21.70953],[-98.15591,21.70824],[-98.15539,21.70709],[-98.15727,21.70131],[-98.15956,21.69895],[-98.15806,21.6966],[-98.15483,21.69508],[-98.15425,21.69251],[-98.1554,21.69105],[-98.15535,21.68964],[-98.15309,21.69008],[-98.14856,21.69321],[-98.14728,21.68855],[-98.14436,21.68705],[-98.14306,21.68784],[-98.14267,21.68736],[-98.14333,21.68575],[-98.14692,21.68369],[-98.14916,21.68049],[-98.14853,21.67903],[-98.14609,21.67749],[-98.14075,21.67581],[-98.14353,21.67433],[-98.14349,21.67234],[-98.13906,21.66977],[-98.13631,21.66708],[-98.13257,21.6683],[-98.1302,21.66711],[-98.12787,21.66425],[-98.12847,21.66072],[-98.12769,21.65957],[-98.12244,21.65849],[-98.11902,21.65611],[-98.1156,21.65598],[-98.11503,21.65551],[-98.11519,21.6524],[-98.10982,21.65382],[-98.10892,21.65555],[-98.10793,21.65575],[-98.10598,21.65209],[-98.10819,21.65173],[-98.10882,21.65045],[-98.10751,21.65062],[-98.10715,21.64814],[-98.10272,21.64537],[-98.0987,21.64705],[-98.09879,21.64978],[-98.09995,21.65268],[-98.09926,21.65477],[-98.09604,21.66078],[-98.09308,21.66219],[-98.09355,21.66376],[-98.09278,21.66397],[-98.09218,21.66616],[-98.09054,21.66536],[-98.08328,21.66747],[-98.07914,21.66561],[-98.07751,21.66332],[-98.07619,21.66339],[-98.07587,21.66491],[-98.07351,21.66594],[-98.07391,21.66835],[-98.07078,21.67094],[-98.06893,21.67133],[-98.07024,21.67345],[-98.06609,21.67262],[-98.06599,21.66977],[-98.06147,21.67063],[-98.05784,21.67019],[-98.05361,21.66678],[-98.04916,21.66553],[-98.04726,21.66419],[-98.04487,21.66505],[-98.04261,21.66911],[-98.03805,21.66749],[-98.03316,21.66818],[-98.02916,21.66734],[-98.02665,21.66403],[-98.02492,21.66358],[-98.02068,21.6642],[-98.01814,21.66175],[-98.01252,21.65976],[-98.00957,21.66108],[-98.00763,21.66461],[-98.00564,21.66469],[-98.00133,21.66181],[-97.9971,21.66581],[-97.9958,21.66596],[-97.99426,21.66407],[-97.9931,21.66002],[-97.99066,21.658],[-97.9914,21.65302],[-97.99087,21.64782],[-97.98812,21.64565],[-97.98686,21.64339],[-97.98646,21.6354],[-97.98562,21.6339],[-97.98677,21.63302],[-97.98914,21.63307],[-97.99102,21.62998],[-97.99133,21.62752],[-97.98855,21.62717],[-97.9901,21.62463],[-97.98697,21.61962],[-97.98529,21.61906],[-97.98129,21.61979],[-97.97998,21.61765],[-97.97934,21.61723],[-97.97804,21.61869],[-97.97634,21.61656],[-97.97816,21.61251],[-97.98209,21.6075],[-97.98268,21.60375],[-97.97985,21.60176],[-97.97704,21.60351],[-97.97403,21.60346],[-97.97407,21.59804],[-97.97156,21.59836],[-97.97115,21.59496],[-97.96926,21.59572],[-97.96885,21.59525],[-97.96966,21.59271],[-97.97222,21.59205],[-97.97246,21.59086],[-97.97002,21.58797],[-97.97122,21.58805],[-97.97274,21.585],[-97.97534,21.58518],[-97.97747,21.58288],[-97.97643,21.5814],[-97.97507,21.58224],[-97.97473,21.5807],[-97.97259,21.58045],[-97.97428,21.5779],[-97.97371,21.57658],[-97.97481,21.5724],[-97.97715,21.5675],[-97.97666,21.56512],[-97.97454,21.56196],[-97.97907,21.55606],[-97.98057,21.55459],[-97.98228,21.55427],[-97.98097,21.55259],[-97.98135,21.54868],[-97.9824,21.54809],[-97.98313,21.54166],[-97.9803,21.53195],[-97.98343,21.52714],[-97.98369,21.52429],[-97.9827,21.5225],[-97.9806,21.52251],[-97.98059,21.52103],[-97.97882,21.51886],[-97.97806,21.51406],[-97.97881,21.51213],[-97.97811,21.50969],[-97.97841,21.50778],[-97.98302,21.50064],[-97.98124,21.49847],[-97.98469,21.49734],[-97.98571,21.4956],[-97.98689,21.49539],[-97.98809,21.49277],[-97.98796,21.49096],[-97.98928,21.48977],[-97.98928,21.48628],[-97.99078,21.48464],[-97.99019,21.48243],[-97.9922,21.48046],[-97.98934,21.48],[-97.98922,21.47775],[-97.98812,21.47692],[-97.98899,21.47397],[-97.99013,21.4731],[-97.98868,21.473],[-97.98896,21.47198],[-97.98797,21.4703],[-97.98844,21.46929],[-97.98657,21.46795],[-97.9884,21.46555],[-97.98472,21.46397],[-97.98585,21.46269],[-97.98475,21.46156],[-97.98263,21.46169],[-97.98195,21.45994],[-97.9807,21.45978],[-97.9802,21.45776],[-97.97874,21.45773],[-97.97958,21.45707],[-97.97708,21.45518],[-97.97767,21.45414],[-97.97512,21.45162],[-97.97656,21.45073],[-97.97504,21.45003],[-97.97583,21.44791],[-97.97731,21.44754],[-97.97539,21.44676],[-97.97591,21.44511],[-97.97314,21.44116],[-97.97179,21.44131],[-97.96983,21.43893],[-97.97109,21.43748],[-97.97088,21.4337],[-97.96961,21.43351],[-97.9687,21.42994],[-97.96524,21.42985],[-97.96352,21.42645],[-97.96726,21.42391],[-97.96811,21.42219],[-97.96696,21.42025],[-97.96903,21.41838],[-97.96868,21.41603],[-97.97013,21.41626],[-97.96998,21.41289],[-97.9664,21.40887],[-97.96675,21.40719],[-97.96602,21.40634],[-97.96243,21.40787],[-97.96001,21.40772],[-97.95525,21.40479],[-97.95363,21.40203],[-97.95354,21.40399],[-97.95695,21.40705],[-97.95696,21.41462],[-97.94536,21.42125],[-97.93212,21.4276],[-97.93067,21.41861],[-97.92933,21.41563],[-97.91047,21.38854],[-97.90164,21.37922],[-97.8986,21.37704],[-97.89714,21.37637],[-97.89154,21.37884],[-97.88918,21.38516],[-97.88974,21.38959],[-97.8921,21.39332],[-97.89124,21.39526],[-97.8913,21.39859],[-97.89353,21.40337],[-97.89016,21.40785],[-97.86475,21.38653],[-97.86471,21.38461],[-97.86244,21.37972],[-97.86101,21.38003],[-97.86003,21.3824],[-97.85767,21.38307],[-97.85671,21.38294],[-97.85588,21.38061],[-97.85434,21.3799],[-97.85412,21.37824],[-97.85336,21.3778],[-97.85182,21.3785],[-97.85186,21.37756],[-97.85274,21.37719],[-97.85124,21.37618],[-97.85231,21.37357],[-97.8509,21.37357],[-97.85099,21.3728],[-97.85162,21.37134],[-97.85449,21.36942],[-97.85466,21.36826],[-97.85698,21.36753],[-97.85648,21.36547],[-97.85864,21.36465],[-97.85914,21.36197],[-97.86204,21.35962],[-97.86205,21.35657],[-97.86111,21.35394],[-97.86161,21.35187],[-97.86383,21.3505],[-97.86408,21.347],[-97.86149,21.34209],[-97.86048,21.3344],[-97.85876,21.3285],[-97.85797,21.31818],[-97.85355,21.31344],[-97.84838,21.31269],[-97.84708,21.31082],[-97.84416,21.30938],[-97.84185,21.3044],[-97.84373,21.30404],[-97.84519,21.30231],[-97.84429,21.29751],[-97.84617,21.29699],[-97.84989,21.2978],[-97.85001,21.29593],[-97.85093,21.29541],[-97.84738,21.29341],[-97.84781,21.28874],[-97.84689,21.28782],[-97.84719,21.28662],[-97.85083,21.28508],[-97.85177,21.28377],[-97.85341,21.28363],[-97.85363,21.28262],[-97.85933,21.28323],[-97.86214,21.28493],[-97.8634,21.28356],[-97.86322,21.27964],[-97.86426,21.27533],[-97.86601,21.27257],[-97.86551,21.27067],[-97.86608,21.26874],[-97.8679,21.26862],[-97.87081,21.27029],[-97.87209,21.2695],[-97.8717,21.26798],[-97.86934,21.26651],[-97.8695,21.26268],[-97.86819,21.26082],[-97.86922,21.25963],[-97.86808,21.25804],[-97.87055,21.25483],[-97.87089,21.25189],[-97.87194,21.25039],[-97.87148,21.24558],[-97.87251,21.24456],[-97.87144,21.24191],[-97.87176,21.24007],[-97.87098,21.2398],[-97.87024,21.23771],[-97.8708,21.23548],[-97.86795,21.23344],[-97.86377,21.23324],[-97.86074,21.23175],[-97.86088,21.22982],[-97.85997,21.22795],[-97.858,21.22643],[-97.85746,21.22412],[-97.85547,21.22312],[-97.85425,21.22309],[-97.85285,21.22512],[-97.85161,21.22509],[-97.85052,21.22758],[-97.84827,21.22791],[-97.8421,21.22404],[-97.84037,21.22605],[-97.84033,21.22746],[-97.83869,21.22834],[-97.83666,21.22827],[-97.83437,21.23041],[-97.83262,21.23063],[-97.82708,21.21873],[-97.83175,21.21796],[-97.83328,21.2135],[-97.83308,21.21165],[-97.8397,21.2053],[-97.84193,21.19953],[-97.84393,21.19747],[-97.84395,21.18466],[-97.83968,21.18365],[-97.83645,21.18097],[-97.83268,21.18019],[-97.82503,21.18234],[-97.82152,21.18491],[-97.81206,21.18446],[-97.80688,21.18508],[-97.79891,21.18007],[-97.79706,21.17749],[-97.79776,21.17653],[-97.79579,21.17502],[-97.79236,21.17386],[-97.79028,21.17087],[-97.78463,21.16825],[-97.78485,21.16681],[-97.78344,21.16441],[-97.78228,21.16402],[-97.78007,21.16475],[-97.77926,21.16421],[-97.77777,21.16158],[-97.77778,21.15854],[-97.77567,21.15479],[-97.7756,21.15043],[-97.77705,21.14726],[-97.77656,21.14415],[-97.77536,21.14304],[-97.77102,21.14275],[-97.76674,21.14122],[-97.76275,21.13743],[-97.7599,21.13743],[-97.75907,21.13848],[-97.75928,21.14076],[-97.75794,21.14127],[-97.75295,21.13782],[-97.75125,21.13751],[-97.74775,21.13199],[-97.74432,21.13526],[-97.74039,21.13714],[-97.73819,21.1402],[-97.7389,21.1402],[-97.74029,21.14288],[-97.74156,21.14272],[-97.74129,21.14409],[-97.74222,21.14612],[-97.74055,21.14588],[-97.73451,21.14082],[-97.72724,21.13077],[-97.71986,21.14153],[-97.72275,21.1449],[-97.72125,21.14597],[-97.7218,21.14662],[-97.72329,21.1456],[-97.72472,21.14746],[-97.72523,21.15453],[-97.7195,21.15561],[-97.71246,21.15331],[-97.70836,21.15314],[-97.70445,21.15657],[-97.70842,21.16417],[-97.7139,21.16807],[-97.71501,21.16667],[-97.72112,21.17076],[-97.72209,21.17002],[-97.72249,21.17168],[-97.72088,21.17257],[-97.71921,21.17204],[-97.71839,21.17286],[-97.71513,21.17161],[-97.71519,21.17097],[-97.7142,21.17115],[-97.71405,21.17036],[-97.71341,21.17082],[-97.71178,21.16965],[-97.71149,21.17066],[-97.71011,21.16988],[-97.70851,21.17144],[-97.70863,21.17424],[-97.70765,21.17657],[-97.70902,21.18067],[-97.70882,21.18343],[-97.70504,21.18883],[-97.70544,21.19146],[-97.70285,21.19336],[-97.70194,21.19041],[-97.69978,21.18962],[-97.69805,21.19282],[-97.70013,21.19408],[-97.69893,21.1946],[-97.69902,21.19634],[-97.69726,21.19385],[-97.69078,21.19712],[-97.69006,21.19669],[-97.68523,21.19868],[-97.68454,21.19397],[-97.68344,21.19269],[-97.68204,21.19225],[-97.67971,21.19306],[-97.6718,21.18838],[-97.67001,21.19144],[-97.6636,21.18765],[-97.65687,21.18716],[-97.65177,21.18476],[-97.64581,21.18592],[-97.63677,21.18351],[-97.63525,21.18209],[-97.63319,21.17543],[-97.63122,21.17361],[-97.62969,21.1698],[-97.6304,21.16858],[-97.62949,21.16607],[-97.63077,21.16428],[-97.62922,21.16416],[-97.6302,21.16336],[-97.62957,21.16331],[-97.62947,21.16209],[-97.63061,21.16183],[-97.62997,21.15885],[-97.62876,21.15877],[-97.62798,21.15765],[-97.62771,21.15859],[-97.62692,21.15857],[-97.62603,21.15774],[-97.62623,21.15649],[-97.62402,21.15712],[-97.62517,21.15809],[-97.6247,21.15857],[-97.62051,21.15684],[-97.61841,21.15305],[-97.6162,21.15129],[-97.61477,21.15125],[-97.61464,21.149],[-97.613,21.1491],[-97.61122,21.15108],[-97.61122,21.15306],[-97.6091,21.15267],[-97.60831,21.15161],[-97.61027,21.14891],[-97.61014,21.14736],[-97.61112,21.14732],[-97.61183,21.14062],[-97.61031,21.13981],[-97.61045,21.13899],[-97.60745,21.13823],[-97.60724,21.13982],[-97.59874,21.13662],[-97.5976,21.13787],[-97.59569,21.13672],[-97.59532,21.13908],[-97.59384,21.13861],[-97.593,21.13693],[-97.59178,21.13652],[-97.59171,21.13469],[-97.59007,21.13343],[-97.59095,21.13171],[-97.5905,21.13101],[-97.58966,21.13132],[-97.58946,21.13013],[-97.59023,21.12926],[-97.58863,21.12695],[-97.588,21.12361],[-97.58153,21.11745],[-97.57856,21.11617],[-97.57264,21.10775],[-97.56782,21.10514],[-97.56397,21.10771],[-97.56195,21.10743],[-97.55967,21.10545],[-97.55783,21.10498],[-97.55301,21.10757],[-97.54765,21.10564],[-97.54578,21.10412],[-97.54283,21.10395],[-97.5377,21.10554],[-97.5319,21.1034],[-97.52924,21.10418],[-97.52164,21.10864],[-97.52004,21.1058],[-97.51925,21.1018],[-97.51846,21.10176],[-97.51759,21.10339],[-97.51601,21.10259],[-97.51419,21.10309],[-97.50797,21.09954],[-97.51267,21.09719],[-97.5164,21.09235],[-97.51195,21.09088],[-97.51162,21.08863],[-97.50999,21.08765],[-97.50796,21.08258],[-97.50835,21.07719],[-97.5071,21.07407],[-97.51745,21.07539],[-97.521,21.07387],[-97.529,21.07353],[-97.53046,21.07219],[-97.53852,21.07003],[-97.54035,21.07176],[-97.54334,21.07159],[-97.54397,21.07654],[-97.54632,21.08183],[-97.55227,21.08314],[-97.55569,21.08477],[-97.55517,21.08354],[-97.5557,21.08131],[-97.55765,21.07908],[-97.55708,21.07736],[-97.56032,21.07134],[-97.56225,21.06947],[-97.56102,21.06745],[-97.56146,21.06597],[-97.55885,21.06235],[-97.55994,21.06224],[-97.56043,21.05843],[-97.55739,21.05592],[-97.55311,21.05611],[-97.55221,21.05538],[-97.55116,21.05541],[-97.5512,21.0563],[-97.54943,21.05805],[-97.54879,21.05503],[-97.54497,21.05687],[-97.54444,21.05934],[-97.54372,21.05731],[-97.54189,21.05592],[-97.54085,21.0525],[-97.54446,21.05261],[-97.54877,21.04979],[-97.54931,21.04838],[-97.55078,21.0486],[-97.55302,21.04728],[-97.55634,21.04045],[-97.55603,21.03968],[-97.56006,21.04012],[-97.55949,21.03863],[-97.56168,21.03445],[-97.56356,21.03334],[-97.56411,21.0321],[-97.56679,21.03084],[-97.56877,21.02809],[-97.57105,21.02878],[-97.57267,21.02494],[-97.57589,21.0229],[-97.57635,21.02208],[-97.57466,21.02062],[-97.57675,21.01975],[-97.5782,21.02185],[-97.57994,21.02104],[-97.58057,21.02248],[-97.58352,21.02494],[-97.5884,21.02551],[-97.58963,21.02777],[-97.59184,21.02766],[-97.59314,21.02254],[-97.59269,21.02046],[-97.59362,21.01936],[-97.5945,21.01959],[-97.59472,21.01748],[-97.5935,21.01676],[-97.59441,21.01606],[-97.5938,21.01215],[-97.5951,21.00962],[-97.59683,21.00934],[-97.59703,21.00836],[-97.59831,21.00792],[-97.59061,21.00604],[-97.59028,21.00412],[-97.58935,21.00372],[-97.58935,21.00173],[-97.58437,21.00185],[-97.58269,21.00378],[-97.58009,21.00075],[-97.57866,21.0044],[-97.5732,21.00555],[-97.56675,21.00071],[-97.56677,20.99824],[-97.56518,20.99683],[-97.56452,20.99474],[-97.56486,20.9929],[-97.56582,20.99316],[-97.56738,20.99581],[-97.57104,20.99564],[-97.5737,20.99416],[-97.5794,20.99711],[-97.5806,20.9955],[-97.5834,20.99697],[-97.58301,20.99938],[-97.58555,20.99913],[-97.58529,20.99812],[-97.5914,20.99818],[-97.59134,20.99879],[-97.59432,20.99914],[-97.59463,20.99696],[-97.59988,20.99757],[-97.59817,20.98897],[-97.59693,20.98881],[-97.59653,20.98714],[-97.59523,20.98633],[-97.5942,20.98721],[-97.59299,20.98655],[-97.59288,20.98275],[-97.58922,20.98182],[-97.59019,20.97955],[-97.58898,20.97844],[-97.58956,20.97603],[-97.59155,20.97548],[-97.59151,20.9729],[-97.59266,20.97174],[-97.57165,20.95012],[-97.56766,20.95178],[-97.55864,20.95084],[-97.55107,20.95267],[-97.54407,20.95224],[-97.53251,20.95461],[-97.52872,20.95451],[-97.52636,20.95391],[-97.5198,20.94929],[-97.51663,20.94464],[-97.51635,20.94156],[-97.52076,20.93626],[-97.52036,20.93447],[-97.49978,20.93301],[-97.49895,20.93115],[-97.49932,20.92676],[-97.50598,20.91747],[-97.50774,20.91161],[-97.50687,20.9093],[-97.50148,20.90682],[-97.50253,20.89398],[-97.50186,20.88743],[-97.50116,20.88752],[-97.50018,20.88381],[-97.50154,20.88041],[-97.50361,20.87845],[-97.50568,20.87455],[-97.5071,20.87454],[-97.50744,20.85173],[-97.50927,20.85167],[-97.50917,20.85418],[-97.51201,20.85501],[-97.51138,20.8563],[-97.51381,20.85935],[-97.51537,20.85782],[-97.51305,20.85532],[-97.51419,20.854],[-97.51504,20.85493],[-97.51617,20.8543],[-97.51741,20.85803],[-97.51835,20.85804],[-97.51866,20.85946],[-97.51974,20.85975],[-97.52013,20.85874],[-97.52152,20.85842],[-97.52214,20.85426],[-97.52311,20.85703],[-97.5279,20.85786],[-97.52966,20.85392],[-97.52941,20.85054],[-97.52762,20.85029],[-97.52799,20.84912],[-97.52956,20.84902],[-97.52951,20.84656],[-97.5283,20.8441],[-97.52764,20.84477],[-97.51948,20.83766],[-97.5204,20.83747],[-97.52112,20.83569],[-97.52308,20.83401],[-97.52354,20.83289],[-97.52197,20.83152],[-97.53034,20.82333],[-97.53718,20.82187],[-97.54166,20.82223],[-97.54241,20.81827],[-97.54745,20.81954],[-97.55235,20.81965],[-97.55253,20.82117],[-97.55338,20.82135],[-97.55523,20.82042],[-97.55763,20.8208],[-97.55829,20.82168],[-97.55775,20.82461],[-97.55932,20.82677],[-97.56455,20.81839],[-97.56849,20.81759],[-97.56941,20.82081],[-97.57043,20.81876],[-97.57169,20.81874],[-97.57178,20.81553],[-97.57355,20.81279],[-97.57526,20.81359],[-97.57721,20.81193],[-97.5788,20.81365],[-97.58032,20.81358],[-97.58237,20.81479],[-97.58462,20.81374],[-97.58468,20.81262],[-97.58732,20.81192],[-97.5876,20.81269],[-97.59386,20.8121],[-97.60202,20.81312],[-97.60402,20.81251],[-97.60329,20.81582],[-97.60597,20.81593],[-97.60688,20.81717],[-97.60875,20.81698],[-97.60797,20.81964],[-97.60983,20.8198],[-97.6091,20.82127],[-97.61011,20.82098],[-97.61351,20.82306],[-97.61212,20.82605],[-97.61405,20.8275],[-97.61502,20.82723],[-97.61545,20.8291],[-97.61864,20.82884],[-97.61809,20.82959],[-97.61907,20.83034],[-97.61926,20.83251],[-97.62093,20.83363],[-97.62186,20.83311],[-97.62261,20.83079],[-97.6246,20.83052],[-97.62453,20.82862],[-97.62711,20.82816],[-97.62818,20.82981],[-97.62782,20.83038],[-97.62992,20.8296],[-97.63043,20.8305],[-97.63168,20.83026],[-97.63171,20.82957],[-97.63391,20.83016],[-97.63429,20.82783],[-97.63285,20.82755],[-97.63344,20.82587],[-97.63506,20.82496],[-97.63658,20.82519],[-97.6367,20.82248],[-97.63303,20.82165],[-97.63438,20.82131],[-97.63503,20.81722],[-97.63606,20.8163],[-97.63728,20.8165],[-97.63723,20.81563],[-97.63899,20.81571],[-97.63933,20.81477],[-97.64122,20.81457],[-97.64183,20.81521],[-97.64622,20.81036],[-97.65051,20.81178],[-97.64988,20.81268],[-97.65202,20.81335],[-97.65546,20.81193],[-97.65671,20.81452],[-97.66317,20.81193],[-97.66429,20.81545],[-97.66656,20.81523],[-97.66671,20.81589],[-97.66787,20.81534],[-97.67347,20.81651],[-97.67613,20.81776],[-97.67714,20.81935],[-97.67903,20.81907],[-97.68342,20.82105],[-97.6856,20.8207],[-97.68461,20.8196],[-97.68495,20.81818],[-97.68363,20.8177],[-97.68252,20.81476],[-97.68328,20.81208],[-97.68416,20.81249],[-97.68491,20.81164],[-97.68395,20.81042],[-97.68535,20.8067],[-97.68722,20.80655],[-97.68748,20.8057],[-97.6892,20.80523],[-97.68852,20.80486],[-97.68908,20.80375],[-97.69059,20.80422],[-97.68991,20.80564],[-97.69079,20.80687],[-97.69289,20.80744],[-97.69596,20.80379],[-97.69932,20.80763],[-97.71232,20.80857],[-97.71237,20.80962],[-97.71426,20.80999],[-97.7175,20.8095],[-97.71742,20.81103],[-97.72429,20.80773],[-97.72566,20.80805],[-97.72685,20.80901],[-97.72654,20.8101],[-97.73381,20.81129],[-97.73285,20.81416],[-97.73789,20.8162],[-97.73864,20.81799],[-97.73992,20.8178],[-97.73979,20.81558],[-97.74317,20.81737],[-97.74337,20.81597],[-97.74856,20.81471],[-97.75183,20.81493],[-97.75712,20.81758],[-97.75839,20.819],[-97.7631,20.81886],[-97.7648,20.82209],[-97.773,20.8272],[-97.77388,20.82301],[-97.77704,20.82433],[-97.7904,20.81683],[-97.79718,20.82116],[-97.79906,20.82089],[-97.79951,20.81926],[-97.80603,20.82109],[-97.80717,20.82204],[-97.80896,20.81994],[-97.81377,20.82007],[-97.81658,20.81802],[-97.82405,20.80981],[-97.8307,20.808],[-97.83215,20.80966],[-97.83025,20.812],[-97.83093,20.81268],[-97.83738,20.81262],[-97.83786,20.81464],[-97.84024,20.8148],[-97.84261,20.81648],[-97.84637,20.81669],[-97.84843,20.81592],[-97.85012,20.81692],[-97.84942,20.81967],[-97.84653,20.82113],[-97.84308,20.82445],[-97.84414,20.8283],[-97.84355,20.83138],[-97.83892,20.8365],[-97.84109,20.83931],[-97.84535,20.83977],[-97.85138,20.83545],[-97.85287,20.83287],[-97.85576,20.83319],[-97.85781,20.83482],[-97.86174,20.83537],[-97.87077,20.83134],[-97.87529,20.83385],[-97.87912,20.83428],[-97.88407,20.82533],[-97.88864,20.81462],[-97.90081,20.77964],[-97.90367,20.775],[-97.92245,20.71652],[-97.89743,20.70321],[-97.89813,20.69945],[-97.90186,20.6977],[-97.90627,20.69071],[-97.90966,20.69008],[-97.9118,20.69052],[-97.91373,20.68916],[-97.91437,20.68721],[-97.91318,20.68409],[-97.91589,20.68105],[-97.91624,20.67969],[-97.91561,20.6794],[-97.91627,20.67915],[-97.91783,20.67394],[-97.91783,20.67124],[-97.91333,20.67197],[-97.90877,20.66716],[-97.90778,20.66408],[-97.90847,20.66],[-97.90957,20.65874],[-97.90901,20.65728],[-97.91133,20.6552],[-97.91184,20.65352],[-97.90851,20.64988],[-97.90873,20.64624],[-97.90808,20.64509],[-97.9051,20.6424],[-97.90158,20.64074],[-97.90015,20.63757],[-97.90006,20.63313],[-97.89497,20.6239],[-97.89719,20.61913],[-97.90485,20.60978],[-97.90876,20.60813],[-97.90565,20.60533],[-97.90654,20.6038],[-97.9057,20.60128],[-97.90774,20.59467],[-97.91088,20.59353],[-97.90962,20.58648],[-97.91096,20.58614],[-97.91264,20.58716],[-97.91478,20.5865],[-97.91569,20.58355],[-97.91927,20.58018],[-97.92119,20.57954],[-97.92173,20.57807],[-97.92324,20.57702],[-97.92373,20.57503],[-97.92768,20.57327],[-97.92729,20.57189],[-97.93025,20.56985],[-97.93273,20.56931],[-97.93507,20.56758],[-97.93643,20.56947],[-97.93742,20.56917],[-97.94311,20.56261],[-97.95022,20.55896],[-97.95631,20.55686],[-97.98082,20.54071],[-97.98153,20.52568],[-97.97263,20.5232],[-97.97933,20.51493],[-97.98504,20.51704],[-97.98553,20.51546],[-97.98934,20.51545],[-97.99159,20.51305],[-97.99288,20.50763],[-97.99743,20.5061],[-97.99706,20.50415],[-97.99333,20.50253],[-97.99291,20.49961],[-97.99005,20.49791],[-97.98879,20.49539],[-97.99194,20.49282],[-97.99367,20.48491],[-97.99901,20.48712],[-97.99934,20.48626],[-97.99793,20.48438],[-97.99985,20.48254],[-98.00457,20.48315],[-98.00886,20.48254],[-98.00834,20.47475],[-98.01192,20.471],[-98.01169,20.46957],[-98.0133,20.46832],[-98.01276,20.46673],[-98.01407,20.46621],[-98.01195,20.46363],[-98.01156,20.46123],[-98.01497,20.45919],[-98.01208,20.45842],[-98.01359,20.4578],[-98.01397,20.45639],[-98.01171,20.45646],[-98.01138,20.45577],[-98.01304,20.45473],[-98.01709,20.45474],[-98.02002,20.44997],[-98.02195,20.44889],[-98.02294,20.44966],[-98.02475,20.44861],[-98.03385,20.44769],[-98.03413,20.44579],[-98.03725,20.44455],[-98.03999,20.44019],[-98.04279,20.44057],[-98.04455,20.43663],[-98.04681,20.43689],[-98.052,20.44188],[-98.05362,20.43859],[-98.05699,20.43875],[-98.06127,20.43549],[-98.06344,20.43588],[-98.06815,20.43136],[-98.07048,20.43027],[-98.07428,20.42161],[-98.0766,20.42081],[-98.07685,20.41887],[-98.07611,20.41769],[-98.07189,20.4164],[-98.0727,20.41443],[-98.07642,20.41214],[-98.07904,20.40893],[-98.07687,20.40703],[-98.07732,20.40312],[-98.08838,20.3964],[-98.08865,20.39042],[-98.08938,20.38907],[-98.09175,20.38681],[-98.09389,20.38663],[-98.1015,20.38088],[-98.10188,20.37522],[-98.10678,20.37375],[-98.10839,20.37396],[-98.10674,20.36812],[-98.11105,20.36631],[-98.11565,20.36311],[-98.11333,20.3609],[-98.1125,20.3543],[-98.11557,20.3538],[-98.11654,20.35255],[-98.11624,20.35104],[-98.11736,20.35099],[-98.11741,20.35015],[-98.11921,20.35048],[-98.12055,20.34937],[-98.124,20.3485],[-98.12618,20.3463],[-98.12719,20.34439],[-98.12424,20.34148],[-98.12684,20.33623],[-98.13153,20.33653],[-98.1341,20.33436],[-98.13916,20.3327],[-98.14501,20.33478],[-98.14541,20.33376],[-98.14337,20.33355],[-98.14265,20.33197],[-98.14661,20.33026],[-98.15761,20.33245],[-98.16325,20.32785],[-98.17192,20.33343],[-98.17615,20.33522],[-98.18176,20.33628],[-98.17924,20.33236],[-98.17967,20.32685],[-98.17787,20.32046],[-98.17954,20.31279],[-98.17792,20.30941],[-98.17881,20.30805],[-98.1787,20.30513],[-98.18042,20.30345],[-98.17983,20.29949],[-98.17813,20.29726],[-98.17807,20.29483],[-98.17908,20.29381],[-98.18333,20.2949],[-98.18434,20.29414],[-98.18609,20.29493],[-98.18759,20.29365],[-98.18994,20.29441],[-98.19145,20.29136],[-98.19448,20.29084],[-98.19538,20.29158],[-98.20045,20.2921],[-98.2065,20.29624],[-98.20872,20.2955],[-98.21001,20.29349],[-98.21595,20.29146],[-98.21749,20.29282],[-98.22095,20.29308],[-98.22477,20.29511],[-98.22833,20.2945],[-98.23051,20.29528],[-98.23205,20.29648],[-98.23267,20.30063],[-98.23415,20.30089],[-98.23648,20.30435],[-98.24222,20.30412],[-98.24659,20.30121],[-98.25117,20.30189],[-98.25403,20.30134],[-98.25757,20.29813],[-98.25606,20.29161],[-98.2562,20.28629],[-98.25729,20.28531],[-98.26043,20.28552],[-98.26604,20.27361],[-98.26771,20.27203],[-98.2715,20.27091],[-98.27268,20.26928],[-98.27483,20.26881],[-98.27545,20.26613],[-98.27711,20.26665],[-98.28057,20.26617],[-98.28444,20.26279],[-98.28494,20.26696],[-98.28914,20.26967],[-98.28908,20.27818],[-98.2903,20.27919],[-98.2904,20.28257],[-98.29395,20.28644],[-98.29458,20.28904],[-98.29335,20.29175],[-98.30014,20.29931],[-98.30292,20.29944],[-98.30452,20.30184],[-98.30843,20.30135],[-98.31039,20.30199],[-98.31103,20.30354],[-98.31365,20.3049],[-98.31527,20.30486],[-98.31962,20.31129],[-98.31669,20.31231],[-98.31595,20.31381],[-98.31622,20.31591],[-98.31464,20.31632],[-98.31357,20.3185],[-98.31176,20.31927],[-98.31099,20.32245],[-98.31996,20.32532],[-98.32323,20.32929],[-98.33419,20.32911],[-98.33336,20.33264],[-98.33447,20.33517],[-98.3288,20.34301],[-98.32699,20.34813],[-98.32499,20.34905],[-98.31837,20.3553],[-98.31497,20.35511],[-98.31402,20.36219],[-98.3145,20.36254],[-98.31383,20.36368],[-98.31494,20.3632],[-98.31136,20.3672],[-98.3111,20.36859],[-98.30943,20.3697],[-98.30859,20.3722],[-98.30684,20.37421],[-98.30619,20.37661],[-98.30738,20.38084],[-98.30437,20.38213],[-98.30357,20.38619],[-98.29969,20.39228],[-98.29972,20.39567],[-98.29855,20.39671],[-98.29841,20.4032],[-98.29728,20.40484],[-98.29821,20.40832],[-98.30366,20.41545],[-98.3059,20.41605],[-98.30569,20.41825],[-98.30733,20.41813],[-98.30869,20.419],[-98.30845,20.42003],[-98.31126,20.4228],[-98.3116,20.42434],[-98.31572,20.42584],[-98.3163,20.42799],[-98.31817,20.43034],[-98.31712,20.43216],[-98.31721,20.43421],[-98.31811,20.43526],[-98.31676,20.43757],[-98.31531,20.43768],[-98.31391,20.43947],[-98.31525,20.44203],[-98.31571,20.44569],[-98.31235,20.44797],[-98.31202,20.44985],[-98.30886,20.44965],[-98.30855,20.45182],[-98.30635,20.45258],[-98.30489,20.4545],[-98.30263,20.45411],[-98.30263,20.45569],[-98.29913,20.45559],[-98.30001,20.45673],[-98.29969,20.45867],[-98.29816,20.45914],[-98.29727,20.46054],[-98.29457,20.46029],[-98.29215,20.46491],[-98.2879,20.46471],[-98.28727,20.46671],[-98.28552,20.46671],[-98.28046,20.46938],[-98.2801,20.47217],[-98.27727,20.47289],[-98.27771,20.47425],[-98.27657,20.47458],[-98.27642,20.47548],[-98.27762,20.47656],[-98.27765,20.47779],[-98.27546,20.4792],[-98.27544,20.48124],[-98.27104,20.48192],[-98.26963,20.48464],[-98.26483,20.48913],[-98.26365,20.49137],[-98.26574,20.49279],[-98.27007,20.49248],[-98.27449,20.49361],[-98.2785,20.49583],[-98.28005,20.49859],[-98.28305,20.50105],[-98.28619,20.50206],[-98.29116,20.50235],[-98.28955,20.50366],[-98.28765,20.50804],[-98.28738,20.51337],[-98.28651,20.51456],[-98.28737,20.51535],[-98.28759,20.51845],[-98.28436,20.52277],[-98.28406,20.52449],[-98.28041,20.5234],[-98.28009,20.52457],[-98.27845,20.52527],[-98.27714,20.52735],[-98.27372,20.52816],[-98.26929,20.53154],[-98.26432,20.53011],[-98.25773,20.5323],[-98.25708,20.53488],[-98.25439,20.53563],[-98.2545,20.54191],[-98.25177,20.54321],[-98.25216,20.54534],[-98.25031,20.54613],[-98.249,20.55054],[-98.24572,20.54999],[-98.24447,20.55291],[-98.242,20.5528],[-98.24173,20.55425],[-98.24328,20.55666],[-98.24027,20.55798],[-98.23985,20.55991],[-98.23794,20.56058],[-98.24108,20.56249],[-98.24224,20.56496],[-98.2387,20.56682],[-98.24172,20.56802],[-98.2411,20.57401],[-98.23816,20.57364],[-98.23771,20.57509],[-98.23966,20.5769],[-98.23865,20.58025],[-98.2398,20.58267],[-98.23863,20.58279],[-98.2379,20.58403],[-98.24114,20.58673],[-98.23999,20.58848],[-98.24082,20.58961],[-98.23769,20.59128],[-98.23814,20.59462],[-98.23674,20.59723],[-98.2354,20.59798],[-98.23707,20.59867],[-98.23729,20.59963],[-98.23407,20.60172],[-98.23519,20.60408],[-98.2338,20.60478],[-98.23238,20.60425],[-98.23094,20.60534],[-98.23259,20.60898],[-98.23018,20.60966],[-98.23144,20.61181],[-98.23677,20.61051],[-98.23862,20.60762],[-98.24175,20.60754],[-98.24657,20.60373],[-98.2497,20.60437],[-98.2529,20.60079],[-98.25448,20.60029],[-98.2564,20.5967],[-98.26002,20.59723],[-98.26067,20.59593],[-98.2629,20.59544],[-98.26398,20.59352],[-98.26627,20.59349],[-98.26522,20.59163],[-98.26569,20.59076],[-98.26817,20.59106],[-98.26846,20.59037],[-98.27068,20.59],[-98.2704,20.58924],[-98.27226,20.58772],[-98.27628,20.58746],[-98.28287,20.5852],[-98.28306,20.5844],[-98.28576,20.584],[-98.28521,20.58211],[-98.28769,20.58183],[-98.28726,20.58078],[-98.28875,20.58082],[-98.29088,20.57864],[-98.29175,20.57612],[-98.29295,20.57554],[-98.29375,20.57592],[-98.29677,20.57458],[-98.29829,20.57516],[-98.29825,20.5776],[-98.29655,20.5791],[-98.29729,20.58532],[-98.29593,20.5871],[-98.29771,20.58808],[-98.29957,20.58767],[-98.30472,20.58849],[-98.30876,20.59135],[-98.31186,20.58956],[-98.31348,20.59042],[-98.31654,20.58961],[-98.31808,20.58704],[-98.32034,20.58593],[-98.32329,20.58298],[-98.32158,20.57798],[-98.32207,20.57413],[-98.32141,20.57263],[-98.32199,20.57145],[-98.32093,20.5694],[-98.32287,20.56875],[-98.32365,20.56761],[-98.32299,20.56456],[-98.32117,20.5636],[-98.32253,20.56015],[-98.32319,20.56025],[-98.32307,20.55875],[-98.32634,20.55716],[-98.32825,20.5574],[-98.32993,20.55616],[-98.33224,20.55644],[-98.33467,20.55284],[-98.33741,20.55254],[-98.33744,20.55064],[-98.34084,20.55073],[-98.34115,20.5494],[-98.34661,20.54963],[-98.34812,20.55147],[-98.34934,20.55126],[-98.35132,20.55274],[-98.35316,20.55248],[-98.35775,20.55616],[-98.35981,20.55579],[-98.36342,20.55802],[-98.36437,20.55947],[-98.3687,20.5604],[-98.36986,20.5614],[-98.3716,20.56082],[-98.37184,20.55973],[-98.37641,20.56024],[-98.37798,20.55965],[-98.37908,20.55757],[-98.38168,20.55782],[-98.3823,20.55667],[-98.38126,20.55536],[-98.38296,20.55445],[-98.38455,20.55024],[-98.38391,20.54964],[-98.38508,20.54888],[-98.38577,20.54618],[-98.38798,20.54605],[-98.39199,20.54364],[-98.39626,20.54368],[-98.39933,20.54185],[-98.40303,20.54284],[-98.40521,20.54446],[-98.40743,20.55043],[-98.4066,20.55351],[-98.40728,20.55888],[-98.40789,20.55975],[-98.4096,20.55967],[-98.41259,20.56265],[-98.41186,20.56291],[-98.41237,20.56372],[-98.41117,20.5643],[-98.4086,20.56316],[-98.40681,20.56343],[-98.4026,20.56727],[-98.40278,20.56837],[-98.40019,20.56856],[-98.40079,20.56993],[-98.39793,20.57162],[-98.4008,20.57346],[-98.39772,20.57494],[-98.39821,20.57713],[-98.39739,20.57742],[-98.39837,20.57837],[-98.39701,20.57897],[-98.3979,20.58038],[-98.39948,20.57951],[-98.39943,20.58092],[-98.4007,20.58138],[-98.40021,20.58251],[-98.40118,20.58342],[-98.39908,20.58575],[-98.40174,20.59056],[-98.40306,20.59609],[-98.40455,20.59825],[-98.4041,20.60365],[-98.39427,20.60531],[-98.39358,20.60477],[-98.38828,20.60947],[-98.38767,20.61101],[-98.38504,20.61126],[-98.38087,20.61464],[-98.37781,20.61583],[-98.37676,20.61703],[-98.37637,20.62005],[-98.37513,20.62139],[-98.37621,20.62519],[-98.37424,20.62591],[-98.3741,20.62736],[-98.37282,20.62773],[-98.37054,20.63342],[-98.36933,20.63374],[-98.37002,20.63851],[-98.36517,20.64148],[-98.3661,20.64389],[-98.36474,20.64689],[-98.36245,20.64708],[-98.3575,20.64584],[-98.35665,20.64677],[-98.35487,20.64634],[-98.35356,20.64696],[-98.3501,20.64589],[-98.34834,20.64648],[-98.3463,20.6487],[-98.33888,20.64884],[-98.34176,20.6511],[-98.34225,20.65324],[-98.34397,20.65432],[-98.34599,20.65949],[-98.35131,20.66208],[-98.35491,20.66793],[-98.35132,20.67027],[-98.34867,20.67347],[-98.3398,20.67886],[-98.33925,20.67936],[-98.34371,20.67994],[-98.34122,20.68089],[-98.33595,20.68499],[-98.33679,20.68645],[-98.34202,20.68875],[-98.34458,20.68762],[-98.34701,20.68894],[-98.34887,20.68767],[-98.35348,20.68841],[-98.36199,20.68656],[-98.3674,20.68662],[-98.36784,20.68858],[-98.37249,20.6896],[-98.37759,20.69291],[-98.38133,20.69398],[-98.38194,20.69837],[-98.38822,20.69548],[-98.39709,20.70406],[-98.40265,20.7076],[-98.42237,20.7147],[-98.42517,20.71476],[-98.43347,20.71752],[-98.42481,20.73029],[-98.42445,20.73504],[-98.42145,20.73935],[-98.4219,20.74086],[-98.42094,20.74183],[-98.42196,20.74347],[-98.42145,20.74428],[-98.42343,20.74616],[-98.42365,20.74772],[-98.42551,20.74893],[-98.42803,20.74449],[-98.43386,20.74316],[-98.43564,20.73984],[-98.44009,20.73796],[-98.44018,20.73586],[-98.44134,20.7338],[-98.44394,20.7317],[-98.44339,20.72923],[-98.44736,20.72759],[-98.44795,20.72461],[-98.45415,20.72129],[-98.46019,20.7151],[-98.46034,20.71331],[-98.46121,20.71302],[-98.46244,20.71417],[-98.4651,20.71234],[-98.46647,20.71027],[-98.46779,20.70979],[-98.46909,20.71043],[-98.47101,20.70872],[-98.47299,20.70896],[-98.47513,20.70599],[-98.47875,20.70526],[-98.48358,20.70601],[-98.48578,20.70349],[-98.49722,20.69988],[-98.49784,20.69777],[-98.50065,20.69661],[-98.50032,20.69552],[-98.50115,20.69458],[-98.50629,20.69408],[-98.50599,20.69282],[-98.50811,20.69202],[-98.50772,20.69128],[-98.50877,20.69012],[-98.51095,20.6915],[-98.5132,20.68946],[-98.51483,20.6892],[-98.51609,20.68686],[-98.51582,20.68516],[-98.5168,20.68533],[-98.51744,20.68377],[-98.51914,20.68365],[-98.52131,20.682],[-98.52505,20.68184],[-98.52551,20.68016],[-98.52904,20.67584],[-98.52916,20.67347],[-98.53161,20.66732],[-98.53148,20.66588],[-98.53042,20.66512],[-98.5334,20.66272],[-98.53422,20.66457],[-98.53501,20.66327],[-98.53614,20.66336],[-98.53658,20.66498],[-98.53791,20.66464],[-98.53925,20.66678],[-98.54262,20.66849],[-98.54877,20.68225],[-98.5486,20.68478],[-98.55018,20.68939],[-98.53999,20.69351],[-98.53869,20.69559],[-98.54026,20.69811],[-98.53423,20.69842],[-98.53303,20.70076],[-98.53096,20.70201],[-98.53111,20.70415],[-98.53017,20.70479],[-98.52907,20.70399],[-98.53015,20.70997],[-98.53045,20.70885],[-98.53066,20.71013],[-98.53264,20.7113],[-98.53199,20.71328],[-98.53415,20.71606],[-98.5335,20.71722],[-98.53718,20.7198],[-98.53813,20.72143],[-98.53264,20.72303],[-98.53228,20.72561],[-98.53606,20.72658],[-98.53929,20.73094],[-98.54278,20.73224],[-98.5486,20.73275],[-98.55034,20.73475],[-98.55241,20.73468],[-98.55349,20.73202],[-98.55484,20.73194],[-98.55495,20.72981],[-98.55765,20.72907],[-98.56317,20.72327],[-98.56144,20.72051],[-98.56178,20.71834],[-98.564,20.71666],[-98.56226,20.71468],[-98.56389,20.71124],[-98.56206,20.7087],[-98.56358,20.70854],[-98.56324,20.70541],[-98.56566,20.7044],[-98.56644,20.70501],[-98.56726,20.70395],[-98.56819,20.70419],[-98.56802,20.70339],[-98.56909,20.70343],[-98.5697,20.70213],[-98.57339,20.70165],[-98.57386,20.70087],[-98.57627,20.70233],[-98.57465,20.70364],[-98.57548,20.70492],[-98.57444,20.70585],[-98.57512,20.70765],[-98.57415,20.70769],[-98.57453,20.70895],[-98.57381,20.70986],[-98.57478,20.7123],[-98.57183,20.71329],[-98.57241,20.71726],[-98.571,20.71848],[-98.57318,20.71944],[-98.57483,20.71859],[-98.57491,20.71754],[-98.57879,20.71807],[-98.57926,20.71715],[-98.58115,20.71874],[-98.5836,20.71558],[-98.58116,20.7127],[-98.58072,20.71107],[-98.58293,20.70811],[-98.58356,20.70573],[-98.58284,20.70456],[-98.58726,20.70712],[-98.58835,20.707],[-98.59021,20.70555],[-98.59106,20.70236],[-98.59278,20.70182],[-98.59419,20.69748],[-98.59659,20.6954],[-98.59828,20.69498],[-98.59838,20.69353],[-98.60004,20.69112],[-98.60668,20.68947],[-98.61369,20.68487],[-98.61928,20.68261],[-98.62648,20.68242],[-98.62756,20.68106],[-98.6312,20.68019],[-98.63201,20.6793],[-98.63531,20.6791],[-98.63609,20.67967],[-98.6393,20.67766],[-98.64136,20.67783],[-98.64366,20.67658],[-98.64714,20.67685],[-98.64415,20.67893],[-98.64276,20.67884],[-98.64024,20.68527],[-98.64197,20.68774],[-98.64294,20.69489],[-98.64635,20.69707],[-98.64533,20.70389],[-98.64623,20.70387],[-98.64637,20.70213],[-98.64841,20.69966],[-98.65656,20.6994],[-98.66044,20.69741],[-98.66333,20.69732],[-98.66318,20.70049],[-98.66736,20.70222],[-98.6676,20.70407],[-98.66911,20.70575],[-98.66795,20.70695],[-98.66847,20.70865],[-98.66765,20.70897],[-98.66663,20.70816],[-98.66499,20.71079],[-98.66395,20.71115],[-98.66364,20.71425],[-98.65958,20.71854],[-98.6623,20.72087],[-98.66013,20.72081],[-98.65984,20.72168],[-98.66076,20.72323],[-98.66099,20.7217],[-98.66265,20.72314],[-98.66372,20.72188],[-98.66617,20.72253],[-98.6668,20.72415],[-98.67121,20.72598],[-98.67385,20.73003],[-98.66842,20.73176],[-98.67018,20.73283],[-98.66971,20.73355],[-98.66659,20.73358],[-98.66422,20.7351],[-98.66226,20.73149],[-98.6604,20.7319],[-98.65644,20.73485],[-98.65535,20.73835],[-98.65369,20.73966],[-98.6534,20.74376],[-98.65424,20.74455],[-98.65264,20.74686],[-98.65234,20.74932],[-98.65076,20.75078],[-98.651,20.75269],[-98.64917,20.75239],[-98.64735,20.75336],[-98.64759,20.7524],[-98.64654,20.75405],[-98.64425,20.75367],[-98.64367,20.75495],[-98.64147,20.75413],[-98.64165,20.75587],[-98.63922,20.75733],[-98.63749,20.75598],[-98.63582,20.75742],[-98.63312,20.75403],[-98.62743,20.753],[-98.62614,20.75129],[-98.62369,20.75205],[-98.6227,20.75137],[-98.62259,20.75014],[-98.62143,20.75208],[-98.61924,20.75165],[-98.61193,20.7528],[-98.61009,20.75368],[-98.60966,20.75494],[-98.60703,20.7541],[-98.60505,20.75597],[-98.60495,20.75865],[-98.60257,20.75783],[-98.60068,20.75832],[-98.60034,20.75993],[-98.59794,20.76092],[-98.59805,20.7621],[-98.59297,20.76028],[-98.59223,20.7614],[-98.58841,20.76213],[-98.58815,20.76367],[-98.58546,20.76305],[-98.58418,20.76455],[-98.58177,20.76557],[-98.58168,20.76746],[-98.58368,20.76818],[-98.58345,20.77178],[-98.58249,20.77307],[-98.58409,20.77584],[-98.58219,20.77742],[-98.58146,20.78041],[-98.57699,20.78121],[-98.57375,20.78395],[-98.57197,20.78325],[-98.56688,20.78419],[-98.56661,20.7858],[-98.56495,20.7871],[-98.56401,20.79023],[-98.56577,20.79184],[-98.57003,20.79274],[-98.57461,20.79717],[-98.58415,20.80146],[-98.5857,20.80441],[-98.5879,20.80572],[-98.58794,20.80667],[-98.59269,20.80842],[-98.59555,20.80826],[-98.59521,20.8112],[-98.5943,20.81189],[-98.59144,20.81179],[-98.58949,20.81348],[-98.5898,20.81479],[-98.58778,20.81289],[-98.58797,20.81205],[-98.58738,20.8135],[-98.58644,20.81273],[-98.58659,20.81412],[-98.5848,20.81288],[-98.58333,20.81404],[-98.58439,20.81702],[-98.58413,20.81895],[-98.58523,20.8205],[-98.58872,20.82216],[-98.59061,20.8243],[-98.59234,20.82832],[-98.59036,20.83053],[-98.58898,20.83707],[-98.58732,20.83779],[-98.58482,20.84085],[-98.58252,20.83889],[-98.5817,20.83693],[-98.57749,20.83587],[-98.57377,20.83294],[-98.56536,20.83238],[-98.56674,20.83446],[-98.56654,20.83562],[-98.56359,20.83837],[-98.56346,20.83941],[-98.55993,20.84028],[-98.55803,20.84342],[-98.55635,20.84447],[-98.55473,20.84496],[-98.54471,20.84253],[-98.53936,20.84242],[-98.53794,20.84273],[-98.53308,20.84621],[-98.53322,20.84676],[-98.52973,20.84621],[-98.52654,20.84885],[-98.52535,20.8516],[-98.52283,20.85244],[-98.5214,20.85527],[-98.52129,20.85856],[-98.51428,20.86614],[-98.50983,20.86821],[-98.50774,20.87477],[-98.50577,20.87727],[-98.50637,20.88033],[-98.50575,20.88213],[-98.5071,20.88318],[-98.5057,20.88472],[-98.50566,20.88625],[-98.50721,20.88667],[-98.50723,20.8852],[-98.50798,20.8848],[-98.51076,20.88675],[-98.51231,20.88687],[-98.51846,20.88186],[-98.52431,20.88074],[-98.52725,20.87936],[-98.53362,20.87972],[-98.53669,20.87859],[-98.54014,20.87993],[-98.54066,20.87934],[-98.53994,20.87639],[-98.54091,20.87472],[-98.54256,20.87505],[-98.54411,20.87754],[-98.5454,20.8775],[-98.55079,20.86965],[-98.55698,20.86727],[-98.56462,20.86627],[-98.56579,20.86172],[-98.56816,20.86115],[-98.57201,20.86211],[-98.57314,20.86082],[-98.57779,20.86135],[-98.57753,20.85978],[-98.57586,20.85809],[-98.57639,20.85705],[-98.5731,20.85463],[-98.57486,20.84912],[-98.57746,20.85266],[-98.58095,20.85433],[-98.58114,20.85621],[-98.58283,20.85535],[-98.58348,20.851],[-98.58722,20.85064],[-98.58787,20.84805],[-98.58919,20.84741],[-98.59136,20.84941],[-98.59551,20.84783],[-98.59821,20.85102],[-98.59999,20.8501],[-98.60242,20.85213],[-98.6043,20.84819],[-98.61298,20.84796],[-98.61236,20.84666],[-98.61503,20.84519],[-98.61661,20.84639],[-98.62067,20.84586],[-98.62344,20.84669],[-98.62436,20.8445],[-98.62621,20.84401],[-98.62647,20.84286],[-98.62749,20.84371],[-98.62897,20.84239],[-98.63017,20.84322],[-98.63164,20.84278],[-98.63026,20.84118],[-98.63124,20.83972],[-98.63184,20.84086],[-98.6335,20.84084],[-98.63393,20.84217],[-98.63476,20.84233],[-98.63631,20.84181],[-98.63704,20.84058],[-98.63929,20.84105],[-98.64093,20.83976],[-98.64195,20.83993],[-98.64224,20.84274],[-98.64364,20.84335],[-98.64522,20.84179],[-98.6466,20.84268],[-98.64825,20.84205],[-98.64916,20.84394],[-98.65145,20.84292],[-98.65321,20.84515],[-98.65945,20.84833],[-98.66061,20.84797],[-98.66163,20.84354],[-98.66315,20.84257],[-98.66666,20.84426],[-98.67052,20.84339],[-98.67119,20.8418],[-98.67234,20.84127],[-98.67346,20.84149],[-98.67289,20.84471],[-98.67417,20.84458],[-98.6739,20.84374],[-98.67502,20.84289],[-98.6787,20.84461],[-98.67962,20.84407],[-98.68606,20.84485],[-98.68633,20.83988],[-98.6897,20.83932],[-98.68958,20.83797],[-98.69379,20.83385],[-98.6933,20.83213],[-98.69494,20.83069],[-98.69491,20.82966],[-98.69663,20.82912],[-98.70222,20.82428],[-98.70967,20.82718],[-98.71841,20.82758],[-98.72828,20.83153],[-98.73458,20.83164],[-98.74226,20.8293],[-98.74403,20.83036],[-98.74585,20.83037],[-98.75086,20.83955],[-98.73903,20.84241],[-98.73656,20.84456],[-98.75226,20.86012],[-98.75178,20.8611],[-98.75332,20.86298],[-98.74219,20.86849],[-98.73948,20.86564],[-98.73764,20.85175],[-98.73499,20.85048],[-98.73432,20.84884],[-98.73017,20.84707],[-98.72701,20.84797],[-98.71929,20.85776],[-98.71461,20.85526],[-98.71066,20.85793],[-98.70636,20.86383],[-98.71193,20.86869],[-98.71281,20.87201],[-98.71453,20.87461],[-98.71491,20.87897],[-98.71643,20.87974],[-98.71642,20.8816],[-98.71975,20.88267],[-98.72219,20.88228],[-98.7226,20.88119],[-98.7211,20.87964],[-98.72006,20.87572],[-98.71845,20.8744],[-98.71961,20.87358],[-98.72236,20.8735],[-98.72391,20.87491],[-98.73076,20.87671],[-98.73716,20.88027],[-98.73882,20.88144],[-98.7391,20.88388],[-98.74195,20.88377],[-98.74468,20.886],[-98.74581,20.8886],[-98.74906,20.89028],[-98.75285,20.89025],[-98.75475,20.89169],[-98.75812,20.89122],[-98.76146,20.89413],[-98.76215,20.89925],[-98.76371,20.89975],[-98.76342,20.90175],[-98.76552,20.90254],[-98.76505,20.90416],[-98.76687,20.90481],[-98.7667,20.90623],[-98.76784,20.90725],[-98.76761,20.90864],[-98.76448,20.90922],[-98.76746,20.91042],[-98.76785,20.91159],[-98.7665,20.91178],[-98.76709,20.91317],[-98.76643,20.91403],[-98.76733,20.91563],[-98.76637,20.91659],[-98.76877,20.91749],[-98.76915,20.91844],[-98.76734,20.921],[-98.76994,20.92091],[-98.77047,20.92198],[-98.77029,20.92422],[-98.76855,20.92555],[-98.77154,20.92708],[-98.77277,20.934],[-98.77472,20.93538],[-98.77514,20.93817],[-98.77708,20.93926],[-98.77809,20.94297],[-98.77643,20.945],[-98.77448,20.94488],[-98.7726,20.94305],[-98.77192,20.94474],[-98.7696,20.94368],[-98.768,20.94436],[-98.76659,20.94367],[-98.7651,20.94407],[-98.76857,20.94707],[-98.76372,20.95362],[-98.76437,20.96018],[-98.7609,20.96499],[-98.76125,20.96594],[-98.76537,20.9682],[-98.76985,20.96857],[-98.78963,20.96802],[-98.79068,20.96872],[-98.79215,20.96764],[-98.79336,20.96847],[-98.79393,20.96772],[-98.79573,20.96854],[-98.80283,20.96853],[-98.80857,20.96961],[-98.80985,20.97157],[-98.81336,20.9717],[-98.81781,20.97357],[-98.82016,20.97159],[-98.82052,20.96988],[-98.81822,20.96808],[-98.81939,20.96671],[-98.82151,20.96624],[-98.82508,20.96674],[-98.82536,20.96762],[-98.8298,20.96792],[-98.83459,20.97141],[-98.83829,20.97605],[-98.84181,20.97468],[-98.84281,20.97168],[-98.84705,20.97256],[-98.85108,20.97178],[-98.85192,20.97328],[-98.85539,20.97472],[-98.86058,20.9722],[-98.86204,20.97357],[-98.86197,20.97495],[-98.85647,20.97743],[-98.8548,20.97991],[-98.85951,20.98141],[-98.86101,20.98477],[-98.86319,20.98624],[-98.86424,20.98837],[-98.87389,20.98959],[-98.87699,20.99362],[-98.8768,20.99638],[-98.88003,20.99465],[-98.88406,20.99481],[-98.88599,20.99341],[-98.89151,20.99269],[-98.89226,20.9919],[-98.89202,20.98994],[-98.89722,20.98751],[-98.89945,20.99425],[-98.90167,20.9972],[-98.90533,20.9925],[-98.90839,20.99336],[-98.91014,20.99259],[-98.91519,20.99281],[-98.91818,20.99094],[-98.91924,20.98845],[-98.92787,20.98522],[-98.9299,20.98992],[-98.93256,20.99157],[-98.93443,20.99742],[-98.93149,21.00352],[-98.93107,21.0067],[-98.93271,21.00772],[-98.93484,21.01209],[-98.94226,21.01342],[-98.93814,21.02142],[-98.94276,21.02114],[-98.94588,21.01944],[-98.94697,21.02797],[-98.95797,21.03189],[-98.95745,21.03587],[-98.95886,21.03731],[-98.96338,21.03912],[-98.96407,21.04166],[-98.96151,21.04503],[-98.95898,21.04462],[-98.95808,21.04205],[-98.95484,21.04141],[-98.95106,21.04426],[-98.94673,21.04621],[-98.94526,21.04957],[-98.94531,21.05808],[-98.94377,21.06548],[-98.9375,21.07181],[-98.93708,21.07571],[-98.93191,21.07618],[-98.92847,21.07951],[-98.927,21.08329],[-98.92851,21.0876],[-98.92798,21.08983],[-98.92098,21.0948],[-98.91792,21.0985],[-98.91283,21.09652],[-98.9102,21.09787],[-98.9086,21.10764],[-98.90267,21.11354],[-98.9062,21.12152],[-98.91598,21.13673],[-98.90678,21.15358],[-98.91275,21.16951],[-98.90917,21.17372],[-98.9077,21.17383],[-98.90637,21.18128],[-98.90707,21.19123],[-98.90923,21.19388],[-98.90921,21.19903],[-98.90762,21.2011],[-98.90344,21.20123],[-98.90194,21.20258],[-98.9014,21.20591],[-98.89935,21.21058],[-98.89801,21.21056],[-98.90364,21.21266],[-98.90637,21.22314],[-98.91422,21.22429],[-98.91527,21.22632],[-98.90781,21.23279],[-98.90601,21.23314],[-98.89889,21.23127],[-98.89861,21.23296],[-98.90096,21.23418],[-98.90155,21.23551],[-98.89924,21.23605],[-98.89989,21.23856],[-98.90066,21.24033],[-98.90281,21.2384],[-98.90925,21.24067],[-98.90995,21.24194],[-98.91131,21.24061],[-98.91237,21.24155],[-98.91337,21.23992],[-98.91531,21.2406],[-98.91782,21.23975],[-98.9191,21.24276],[-98.92287,21.24673],[-98.92264,21.24787],[-98.92019,21.249],[-98.91799,21.25155],[-98.91773,21.2555],[-98.91817,21.25668],[-98.92216,21.25869],[-98.92134,21.26322],[-98.92515,21.2652],[-98.92794,21.26874],[-98.92781,21.2729],[-98.92654,21.27447],[-98.92648,21.27867],[-98.92821,21.28277],[-98.92928,21.29273],[-98.93258,21.29829],[-98.93643,21.29579],[-98.94028,21.2946],[-98.94496,21.31134],[-98.94985,21.30971],[-98.95086,21.30869],[-98.95317,21.30877],[-98.9526,21.30682],[-98.95462,21.30669],[-98.95511,21.30314],[-98.95651,21.3018],[-98.95967,21.30344],[-98.9625,21.30246],[-98.96463,21.305],[-98.96485,21.30692],[-98.96796,21.30542],[-98.96941,21.3061],[-98.97004,21.30439],[-98.97484,21.30308],[-98.97464,21.30175],[-98.97572,21.30035],[-98.97465,21.29847],[-98.97504,21.297],[-98.97786,21.29642],[-98.98188,21.29843],[-98.98943,21.2975],[-98.99296,21.29948],[-98.99574,21.29774],[-99.00228,21.29796],[-99.00883,21.29533],[-99.01339,21.29516],[-99.01541,21.29261],[-99.01998,21.29161],[-99.02206,21.29002],[-99.02334,21.28716],[-99.02602,21.28723],[-99.02707,21.28551],[-99.0288,21.28564],[-99.03024,21.28392],[-99.03166,21.28596],[-99.03713,21.28257],[-99.03933,21.28421],[-99.04037,21.28231],[-99.04295,21.28128],[-99.04327,21.27949],[-99.04696,21.27984],[-99.04653,21.28213],[-99.0482,21.28129],[-99.04918,21.28166],[-99.04985,21.28319],[-99.05089,21.28239],[-99.05309,21.28328],[-99.05553,21.28254],[-99.05706,21.28308],[-99.05792,21.2847],[-99.06047,21.27987],[-99.06143,21.27947],[-99.06275,21.28114],[-99.07552,21.28885],[-99.07693,21.29137],[-99.07808,21.29169],[-99.07796,21.29266],[-99.07874,21.29219],[-99.07989,21.29301],[-99.07893,21.29522],[-99.08299,21.29635],[-99.09098,21.29474],[-99.09318,21.29174],[-99.10435,21.2896],[-99.10484,21.30044],[-99.10579,21.30204],[-99.12104,21.30968],[-99.12756,21.31834],[-99.10284,21.31788],[-99.10295,21.32119],[-99.13783,21.32979],[-99.12946,21.36205],[-99.09262,21.36336],[-99.09788,21.37764],[-99.09284,21.3817],[-99.09813,21.40841],[-99.10592,21.41156],[-99.10516,21.42048],[-99.12603,21.46054],[-99.12907,21.47126],[-99.12977,21.5017],[-99.13692,21.51408],[-99.14228,21.53544],[-99.13961,21.54199],[-99.14077,21.54379],[-99.13051,21.57897],[-99.12829,21.58167],[-99.1283,21.58982],[-99.13042,21.59229],[-99.13061,21.59665],[-99.13509,21.59734],[-99.13872,21.60375],[-99.1719,21.62703],[-99.16889,21.63098],[-99.17323,21.63808],[-99.17844,21.65195],[-99.18036,21.65517],[-99.18167,21.6614],[-99.18818,21.67001],[-99.19391,21.66655],[-99.19829,21.66501],[-99.2108,21.66754],[-99.2177,21.66665],[-99.21842,21.663],[-99.21673,21.65337],[-99.21884,21.65154],[-99.22067,21.64808],[-99.22265,21.64689],[-99.22249,21.64332],[-99.22544,21.64027],[-99.22592,21.63826],[-99.2247,21.63545],[-99.22512,21.63329],[-99.22671,21.63176],[-99.23188,21.63135],[-99.2374,21.62527],[-99.24064,21.62379],[-99.24225,21.62066],[-99.24248,21.61664],[-99.2435,21.61506],[-99.25533,21.60991],[-99.25981,21.61174],[-99.26405,21.61091],[-99.27393,21.60621],[-99.2794,21.60822],[-99.28072,21.6079],[-99.28129,21.60663],[-99.28036,21.60327],[-99.2824,21.59322],[-99.28166,21.58496],[-99.27841,21.57934],[-99.27738,21.57439],[-99.27403,21.5678],[-99.2744,21.56532],[-99.27535,21.56347],[-99.27932,21.56014],[-99.28536,21.55837],[-99.2907,21.55801],[-99.29138,21.5556],[-99.2893,21.55036],[-99.29133,21.54813],[-99.29688,21.54462],[-99.29843,21.54039],[-99.30549,21.53291],[-99.30788,21.53205],[-99.31465,21.53481],[-99.32006,21.5335],[-99.32729,21.53517],[-99.33313,21.53788],[-99.34086,21.54721],[-99.34986,21.55236],[-99.35352,21.55191],[-99.36021,21.55344],[-99.36369,21.55329],[-99.37591,21.54793],[-99.37667,21.54469],[-99.37636,21.53447],[-99.37866,21.52963],[-99.37744,21.5273],[-99.37167,21.52437],[-99.37011,21.52214],[-99.37045,21.51908],[-99.3729,21.51394],[-99.37198,21.5071],[-99.37438,21.5033],[-99.37886,21.50046],[-99.38359,21.49873],[-99.38538,21.50033],[-99.38671,21.50037],[-99.38727,21.49406],[-99.38471,21.49048],[-99.38368,21.48369],[-99.3823,21.48121],[-99.38838,21.46956],[-99.38888,21.4649],[-99.39089,21.46372],[-99.3954,21.46499],[-99.39856,21.46343],[-99.39839,21.46041],[-99.3956,21.45421],[-99.39811,21.44887],[-99.39683,21.44675],[-99.3969,21.44509],[-99.39849,21.44275],[-99.40246,21.4416],[-99.40152,21.43778],[-99.40495,21.4287],[-99.40637,21.42824],[-99.40944,21.42937],[-99.41552,21.42913],[-99.43276,21.44756],[-99.43628,21.44986],[-99.44735,21.44348],[-99.46352,21.44636],[-99.46982,21.44651],[-99.47166,21.44482],[-99.47357,21.4411],[-99.47073,21.43795],[-99.47077,21.43662],[-99.47526,21.43401],[-99.47984,21.43381],[-99.48435,21.43251],[-99.48795,21.42248],[-99.48894,21.42151],[-99.50131,21.41854],[-99.50659,21.41933],[-99.51376,21.42449],[-99.52226,21.42829],[-99.5315,21.42865],[-99.53726,21.43147],[-99.54077,21.42956],[-99.54253,21.42933],[-99.54444,21.43019],[-99.55103,21.42816],[-99.5529,21.42907],[-99.55522,21.43295],[-99.5566,21.43661],[-99.54345,21.45628],[-99.53312,21.48645],[-99.5308,21.48834],[-99.5278,21.49354],[-99.5308,21.4975],[-99.53261,21.5019],[-99.5328,21.50669],[-99.53353,21.50803],[-99.5396,21.5132],[-99.54689,21.51768],[-99.55089,21.52173],[-99.55383,21.52499],[-99.55244,21.52669],[-99.55271,21.52831],[-99.54628,21.5329],[-99.54646,21.53385],[-99.54502,21.53344],[-99.54429,21.53409],[-99.54314,21.53142],[-99.53992,21.53028],[-99.53766,21.52644],[-99.53586,21.52645],[-99.53434,21.52537],[-99.53122,21.52247],[-99.53033,21.52059],[-99.5282,21.52133],[-99.52445,21.52085],[-99.51931,21.51844],[-99.51473,21.51813],[-99.51305,21.51706],[-99.51141,21.51736],[-99.50933,21.5145],[-99.50219,21.51048],[-99.50128,21.50829],[-99.4964,21.5342],[-99.48858,21.54209],[-99.49915,21.55644],[-99.50128,21.58018],[-99.50402,21.58003],[-99.50607,21.59108],[-99.50861,21.59053],[-99.51064,21.59686],[-99.50967,21.59825],[-99.509,21.60248],[-99.51149,21.60496],[-99.50387,21.61066],[-99.5032,21.61314],[-99.50394,21.61571],[-99.49558,21.61419],[-99.48652,21.62087],[-99.4916,21.62568],[-99.49099,21.6272],[-99.48963,21.62737],[-99.48971,21.62825],[-99.49285,21.62807],[-99.49505,21.63115],[-99.4926,21.63456],[-99.49078,21.63425],[-99.48934,21.63687],[-99.48825,21.63675],[-99.48919,21.63375],[-99.48724,21.63404],[-99.48754,21.63085],[-99.48669,21.63092],[-99.48582,21.63319],[-99.48481,21.63329],[-99.48376,21.6351],[-99.48409,21.63987],[-99.48616,21.64189],[-99.48764,21.64183],[-99.49055,21.64381],[-99.49482,21.64373],[-99.49796,21.64516],[-99.49815,21.64781],[-99.49725,21.64916],[-99.50055,21.65055],[-99.50103,21.65497],[-99.50573,21.65924],[-99.50607,21.65593],[-99.51082,21.65582],[-99.51474,21.65767],[-99.51355,21.65803],[-99.50463,21.66809],[-99.50051,21.66797],[-99.5005,21.66859],[-99.49876,21.66909],[-99.49619,21.67757],[-99.49489,21.67787],[-99.49545,21.6791],[-99.49487,21.68049],[-99.49644,21.68049],[-99.49728,21.68255],[-99.50193,21.68097],[-99.50205,21.6821],[-99.50491,21.68403],[-99.5022,21.69602],[-99.50767,21.70297],[-99.5089,21.70563],[-99.50755,21.70716],[-99.50786,21.70792],[-99.51159,21.70882],[-99.51258,21.71027],[-99.51279,21.71176],[-99.51102,21.71733],[-99.516,21.7187],[-99.51892,21.72066],[-99.51936,21.72305],[-99.5176,21.72479],[-99.51705,21.72743],[-99.52212,21.73122],[-99.52052,21.73486],[-99.52478,21.73742],[-99.52728,21.73733],[-99.53387,21.73534],[-99.53363,21.73091],[-99.54655,21.73362],[-99.55185,21.72966],[-99.5585,21.73264],[-99.55178,21.74237],[-99.55116,21.74633],[-99.54652,21.7513],[-99.55453,21.78843],[-99.55045,21.79545],[-99.55006,21.80992],[-99.54874,21.81914],[-99.55111,21.82917],[-99.5479,21.83502],[-99.53404,21.83881],[-99.52666,21.85062],[-99.52611,21.86162],[-99.51565,21.88341],[-99.51101,21.90231],[-99.51397,21.91884],[-99.51286,21.94314],[-99.51184,21.94441],[-99.51026,21.94455],[-99.50878,21.94667],[-99.50584,21.94725],[-99.50455,21.94871],[-99.50204,21.94866],[-99.49898,21.95064],[-99.49446,21.94991],[-99.49292,21.95356],[-99.49178,21.95327],[-99.49067,21.95126],[-99.48899,21.95022],[-99.488,21.95071],[-99.48798,21.95299],[-99.48392,21.95374],[-99.48239,21.95054],[-99.4792,21.95081],[-99.47737,21.95227],[-99.47385,21.95056],[-99.47185,21.9518],[-99.46464,21.953],[-99.46265,21.95149],[-99.46224,21.94948],[-99.46081,21.94997],[-99.45997,21.95187],[-99.45838,21.95117],[-99.45507,21.9536],[-99.45231,21.95223],[-99.45024,21.95231],[-99.45031,21.95093],[-99.44919,21.94974],[-99.44998,21.94766],[-99.44867,21.94674],[-99.44501,21.94921],[-99.4437,21.94825],[-99.44188,21.94939],[-99.43953,21.94945],[-99.43919,21.95092],[-99.44006,21.95238],[-99.43923,21.95307],[-99.4384,21.9529],[-99.4378,21.95145],[-99.43597,21.95171],[-99.43561,21.95581],[-99.43449,21.95603],[-99.43136,21.95247],[-99.43045,21.95437],[-99.42833,21.95537],[-99.42724,21.95126],[-99.42513,21.95285],[-99.42278,21.95146],[-99.42266,21.95074],[-99.4234,21.9506],[-99.42653,21.95141],[-99.42788,21.95023],[-99.42741,21.9472],[-99.42384,21.94391],[-99.42178,21.94591],[-99.41879,21.9453],[-99.41882,21.94455],[-99.41437,21.94403],[-99.4165,21.95515],[-99.41331,21.95634],[-99.41025,21.95925],[-99.40654,21.96136],[-99.40512,21.9573],[-99.39933,21.95487],[-99.39662,21.96601],[-99.39308,21.9675],[-99.39097,21.97369],[-99.38297,21.98211],[-99.37338,21.97821],[-99.36188,21.97802],[-99.35573,21.96874],[-99.34863,21.96504],[-99.33901,21.9627],[-99.32981,21.9644],[-99.32321,21.96926],[-99.31164,21.97248],[-99.30223,21.97636],[-99.29057,21.97615],[-99.2835,21.98358],[-99.2793,21.98922],[-99.27682,21.99421],[-99.27352,21.99738],[-99.27459,22.00024],[-99.27684,22.00192],[-99.27684,22.00291],[-99.259,22.00567],[-99.26286,22.01405],[-99.25255,22.02384],[-99.2599,22.05172],[-99.2645,22.06134],[-99.26584,22.07897],[-99.26744,22.08637],[-99.26756,22.09697],[-99.27234,22.10587],[-99.27326,22.11201],[-99.27455,22.11406],[-99.27368,22.12171],[-99.28236,22.15211],[-99.2929,22.20066],[-99.29879,22.22501],[-99.30346,22.24079],[-99.30472,22.24871],[-99.31684,22.28478],[-99.31874,22.28835],[-99.3212,22.30131],[-99.3373,22.32764],[-99.31417,22.31033],[-99.31791,22.32581],[-99.29192,22.33171],[-99.28565,22.31638],[-99.28214,22.31124],[-99.2807,22.29927],[-99.27712,22.28452],[-99.24809,22.29166],[-99.22412,22.29992],[-99.22205,22.29808],[-99.22284,22.29672],[-99.22264,22.29404],[-99.22084,22.29144],[-99.20609,22.2921],[-99.20788,22.30619],[-99.21711,22.30676],[-99.21725,22.31187],[-99.21298,22.31217],[-99.21663,22.32367],[-99.21363,22.32389],[-99.21304,22.33537],[-99.20711,22.34498],[-99.21124,22.36661],[-99.21533,22.37806],[-99.23227,22.41263],[-99.12057,22.40664],[-99.11257,22.40676],[-99.06057,22.41526]]]]}},{"type":"Feature","properties":{"nombre":"Huicot o Gan Nayar"},"geometry":{"type":"MultiPolygon","coordinates":[[[[-104.51151,23.75201],[-104.48094,23.74528],[-104.48083,23.75],[-104.47931,23.75592],[-104.44049,23.75469],[-104.41307,23.75874],[-104.41153,23.76548],[-104.38918,23.75084],[-104.35864,23.75089],[-104.35509,23.74485],[-104.33104,23.75223],[-104.30623,23.73965],[-104.29834,23.75038],[-104.29664,23.74289],[-104.29851,23.73421],[-104.29761,23.73223],[-104.29277,23.72855],[-104.28858,23.72387],[-104.2869,23.72046],[-104.28714,23.71844],[-104.28422,23.71784],[-104.28143,23.71593],[-104.27909,23.71592],[-104.27843,23.71506],[-104.27262,23.71573],[-104.26993,23.71266],[-104.26946,23.70926],[-104.27211,23.70481],[-104.2701,23.7002],[-104.2674,23.69707],[-104.27121,23.69281],[-104.27118,23.69067],[-104.26924,23.68713],[-104.27154,23.68367],[-104.27031,23.68045],[-104.27118,23.67968],[-104.27533,23.68076],[-104.27812,23.68019],[-104.27918,23.67898],[-104.2769,23.67408],[-104.27491,23.6729],[-104.27564,23.67181],[-104.27451,23.6714],[-104.27411,23.66944],[-104.2726,23.66878],[-104.27461,23.66779],[-104.27619,23.66804],[-104.27645,23.66702],[-104.27771,23.66683],[-104.27751,23.66591],[-104.27857,23.66553],[-104.2801,23.6619],[-104.27975,23.63082],[-104.26127,23.62935],[-104.26075,23.63],[-104.23734,23.63257],[-104.24486,23.61718],[-104.26267,23.5852],[-104.27261,23.56351],[-104.2756,23.54549],[-104.27901,23.54207],[-104.2845,23.59803],[-104.31771,23.60663],[-104.34523,23.61846],[-104.34816,23.61855],[-104.35391,23.6209],[-104.35311,23.61726],[-104.35256,23.61855],[-104.35152,23.61845],[-104.3514,23.61661],[-104.35377,23.61553],[-104.3509,23.60956],[-104.3197,23.60185],[-104.31448,23.5968],[-104.31656,23.56662],[-104.31014,23.54494],[-104.30823,23.54134],[-104.27947,23.53309],[-104.26972,23.51287],[-104.27208,23.50777],[-104.2938,23.50037],[-104.31271,23.48101],[-104.30679,23.46691],[-104.32198,23.45621],[-104.30529,23.45349],[-104.30579,23.43398],[-104.29699,23.42982],[-104.33953,23.42864],[-104.31798,23.40581],[-104.3041,23.40582],[-104.28476,23.41044],[-104.29041,23.39901],[-104.28866,23.39119],[-104.28557,23.38748],[-104.28267,23.38082],[-104.28261,23.36905],[-104.28423,23.36373],[-104.28375,23.35328],[-104.28415,23.35183],[-104.28781,23.34855],[-104.28807,23.34432],[-104.29096,23.34085],[-104.2914,23.33828],[-104.29414,23.33453],[-104.2952,23.32796],[-104.29891,23.32445],[-104.29884,23.32324],[-104.29547,23.31895],[-104.29612,23.31719],[-104.30149,23.31354],[-104.30379,23.3128],[-104.30605,23.30753],[-104.30733,23.30675],[-104.3146,23.30437],[-104.32145,23.30472],[-104.32643,23.30365],[-104.3304,23.30614],[-104.33329,23.30256],[-104.33813,23.29911],[-104.34611,23.2631],[-104.34832,23.26086],[-104.34705,23.25942],[-104.34713,23.25799],[-104.34585,23.25728],[-104.34845,23.25453],[-104.35015,23.25484],[-104.35256,23.25343],[-104.35157,23.25195],[-104.35265,23.25105],[-104.35653,23.25132],[-104.35833,23.24932],[-104.3577,23.24822],[-104.35818,23.24666],[-104.35695,23.24514],[-104.35667,23.2411],[-104.35551,23.2393],[-104.35743,23.23938],[-104.35883,23.24118],[-104.36015,23.23994],[-104.3621,23.23995],[-104.36262,23.23893],[-104.36138,23.23573],[-104.36155,23.23424],[-104.36442,23.23209],[-104.36354,23.22854],[-104.36454,23.22659],[-104.36198,23.22591],[-104.36184,23.22447],[-104.35987,23.22314],[-104.36072,23.22031],[-104.36043,23.21718],[-104.36105,23.21535],[-104.36335,23.21289],[-104.36279,23.2093],[-104.36529,23.20727],[-104.36613,23.20164],[-104.36436,23.19893],[-104.36161,23.20142],[-104.36054,23.20152],[-104.36215,23.19975],[-104.36267,23.19764],[-104.3605,23.19401],[-104.35945,23.18671],[-104.35796,23.18408],[-104.35496,23.1825],[-104.35532,23.18135],[-104.35331,23.17985],[-104.35248,23.17752],[-104.34866,23.17563],[-104.3424,23.16693],[-104.3382,23.16498],[-104.33459,23.15997],[-104.33059,23.15837],[-104.32664,23.15504],[-104.31432,23.15455],[-104.31305,23.1536],[-104.31076,23.14916],[-104.30576,23.14894],[-104.30469,23.14987],[-104.30119,23.14926],[-104.30021,23.15072],[-104.29764,23.15025],[-104.29695,23.15117],[-104.29478,23.15171],[-104.29339,23.15307],[-104.29347,23.15479],[-104.29114,23.1563],[-104.2888,23.1596],[-104.28055,23.16189],[-104.27997,23.16587],[-104.27877,23.16775],[-104.27676,23.16724],[-104.2745,23.1725],[-104.26925,23.17447],[-104.26271,23.17474],[-104.25879,23.17859],[-104.25742,23.1781],[-104.25727,23.17364],[-104.25663,23.17225],[-104.25457,23.17113],[-104.25507,23.16957],[-104.25368,23.16727],[-104.24604,23.16764],[-104.24537,23.16511],[-104.24282,23.16497],[-104.24448,23.16315],[-104.24339,23.16155],[-104.24097,23.16185],[-104.23638,23.15899],[-104.23632,23.15427],[-104.23399,23.15231],[-104.22987,23.15321],[-104.22776,23.15674],[-104.2263,23.15742],[-104.22326,23.15678],[-104.21844,23.1581],[-104.21596,23.15395],[-104.2134,23.15481],[-104.21175,23.15447],[-104.21066,23.15683],[-104.20783,23.15797],[-104.20409,23.15611],[-104.20162,23.15711],[-104.20112,23.15881],[-104.19884,23.15875],[-104.19768,23.16016],[-104.19189,23.15676],[-104.18717,23.15723],[-104.1817,23.15922],[-104.18032,23.16184],[-104.17807,23.16201],[-104.17675,23.16368],[-104.17553,23.16361],[-104.17213,23.12841],[-104.17361,22.98244],[-104.17254,22.98095],[-104.16717,22.97856],[-104.16634,22.97647],[-104.16285,22.9753],[-104.16265,22.9738],[-104.16637,22.96949],[-104.16823,22.96422],[-104.16714,22.96091],[-104.16787,22.95893],[-104.1671,22.95711],[-104.16749,22.9557],[-104.16427,22.94931],[-104.16659,22.94522],[-104.16566,22.94435],[-104.16601,22.94319],[-104.1653,22.94175],[-104.15733,22.94095],[-104.15551,22.93827],[-104.1541,22.93784],[-104.15397,22.93575],[-104.15544,22.93292],[-104.15529,22.92843],[-104.15112,22.92214],[-104.14783,22.92121],[-104.14414,22.92244],[-104.14254,22.92124],[-104.14195,22.92196],[-104.14053,22.92143],[-104.1387,22.91886],[-104.13766,22.91989],[-104.13596,22.91812],[-104.1348,22.91567],[-104.13706,22.91169],[-104.1361,22.91044],[-104.13391,22.91014],[-104.13299,22.90496],[-104.13118,22.90426],[-104.12756,22.90481],[-104.12292,22.90343],[-104.12053,22.90623],[-104.11676,22.90767],[-104.11264,22.90512],[-104.11321,22.90391],[-104.11614,22.90263],[-104.11774,22.89771],[-104.11665,22.89548],[-104.11326,22.89215],[-104.11192,22.88836],[-104.1087,22.88665],[-104.1075,22.8848],[-104.1072,22.88215],[-104.10952,22.87835],[-104.10771,22.87556],[-104.10714,22.87224],[-104.10844,22.87046],[-104.10839,22.86648],[-104.1063,22.85689],[-104.10768,22.85469],[-104.11278,22.85589],[-104.11593,22.85534],[-104.11683,22.85095],[-104.11543,22.848],[-104.11071,22.84341],[-104.10891,22.84257],[-104.10635,22.8346],[-104.10488,22.83453],[-104.10431,22.8336],[-104.11021,22.82252],[-104.10993,22.82027],[-104.10624,22.81314],[-104.11085,22.81132],[-104.11148,22.81031],[-104.10749,22.80809],[-104.10573,22.80863],[-104.10408,22.80806],[-104.10023,22.80555],[-104.09523,22.80584],[-104.09416,22.8033],[-104.09437,22.80073],[-104.09932,22.79813],[-104.10045,22.79567],[-104.0991,22.79316],[-104.09773,22.79256],[-104.09682,22.78814],[-104.09433,22.78992],[-104.09218,22.78852],[-104.09102,22.7829],[-104.09407,22.7793],[-104.09067,22.7753],[-104.08549,22.77558],[-104.08237,22.77365],[-104.08007,22.76991],[-104.08048,22.76662],[-104.08209,22.7645],[-104.08567,22.76308],[-104.09043,22.76243],[-104.09129,22.76061],[-104.09529,22.75924],[-104.09724,22.76084],[-104.09794,22.76051],[-104.09788,22.76157],[-104.09877,22.76133],[-104.10015,22.76347],[-104.10215,22.76469],[-104.10239,22.76617],[-104.10361,22.7665],[-104.10361,22.7675],[-104.1072,22.7686],[-104.11099,22.76709],[-104.11338,22.76411],[-104.11938,22.76226],[-104.12178,22.76253],[-104.12294,22.76355],[-104.13061,22.76383],[-104.13926,22.76842],[-104.14261,22.76773],[-104.14352,22.76558],[-104.14566,22.76376],[-104.14733,22.76407],[-104.14984,22.76229],[-104.15738,22.75968],[-104.16567,22.75873],[-104.17135,22.75999],[-104.17732,22.75848],[-104.18081,22.75894],[-104.18218,22.75827],[-104.18419,22.76007],[-104.18707,22.76076],[-104.18661,22.76358],[-104.18834,22.7646],[-104.19073,22.76811],[-104.19139,22.77072],[-104.19478,22.77132],[-104.1971,22.77278],[-104.19961,22.77648],[-104.20567,22.77761],[-104.2097,22.77974],[-104.21147,22.7778],[-104.21341,22.77726],[-104.21591,22.77894],[-104.22031,22.77884],[-104.22104,22.77942],[-104.22574,22.77831],[-104.22742,22.77663],[-104.22779,22.77487],[-104.2245,22.77183],[-104.22459,22.76669],[-104.22614,22.76573],[-104.22684,22.76411],[-104.2264,22.76241],[-104.22943,22.75891],[-104.2319,22.75777],[-104.23207,22.7531],[-104.23562,22.75191],[-104.23735,22.74978],[-104.24411,22.75007],[-104.24638,22.74842],[-104.25078,22.748],[-104.25837,22.73893],[-104.26295,22.73818],[-104.26634,22.73654],[-104.26872,22.72668],[-104.26915,22.72086],[-104.26834,22.71755],[-104.26588,22.71823],[-104.26271,22.71764],[-104.26669,22.71255],[-104.2708,22.71099],[-104.27139,22.70969],[-104.27101,22.70772],[-104.27355,22.7066],[-104.27763,22.70241],[-104.2796,22.69524],[-104.27833,22.69022],[-104.27611,22.68628],[-104.27444,22.6851],[-104.27486,22.68202],[-104.27954,22.67431],[-104.27873,22.67225],[-104.27919,22.67107],[-104.28698,22.66785],[-104.28833,22.66353],[-104.28705,22.66094],[-104.28217,22.65676],[-104.28073,22.65339],[-104.28198,22.65102],[-104.28722,22.65034],[-104.28913,22.64927],[-104.28997,22.64561],[-104.28962,22.64446],[-104.2864,22.64463],[-104.28336,22.64612],[-104.28183,22.64584],[-104.27811,22.64193],[-104.27281,22.63955],[-104.26927,22.63582],[-104.27113,22.63282],[-104.27339,22.63094],[-104.27366,22.62709],[-104.27912,22.62481],[-104.28329,22.6217],[-104.28152,22.61707],[-104.27607,22.6157],[-104.27557,22.61439],[-104.27623,22.61291],[-104.27254,22.60498],[-104.26746,22.60313],[-104.26053,22.59617],[-104.26141,22.5862],[-104.26406,22.5864],[-104.26641,22.58801],[-104.27059,22.58896],[-104.27436,22.58738],[-104.2762,22.58428],[-104.27817,22.58307],[-104.27889,22.58145],[-104.27777,22.57935],[-104.27887,22.5766],[-104.28378,22.57099],[-104.28432,22.56591],[-104.28929,22.56014],[-104.28885,22.55297],[-104.29805,22.55548],[-104.30241,22.55805],[-104.30569,22.55789],[-104.31118,22.55401],[-104.31318,22.54723],[-104.31006,22.54614],[-104.31052,22.54454],[-104.31346,22.54267],[-104.31409,22.54073],[-104.31551,22.54117],[-104.32106,22.53552],[-104.32311,22.53711],[-104.32394,22.53643],[-104.32582,22.5374],[-104.3222,22.53247],[-104.31899,22.53205],[-104.32093,22.52655],[-104.3195,22.51766],[-104.31436,22.5071],[-104.30283,22.49202],[-104.29613,22.47299],[-104.29903,22.4617],[-104.31105,22.45057],[-104.31149,22.44925],[-104.31268,22.44873],[-104.31321,22.44934],[-104.31543,22.44815],[-104.31578,22.4447],[-104.31507,22.44432],[-104.31572,22.44205],[-104.31824,22.44075],[-104.31751,22.43828],[-104.3191,22.4381],[-104.31941,22.43581],[-104.32221,22.43525],[-104.32019,22.43009],[-104.32301,22.42801],[-104.32383,22.42863],[-104.32533,22.4281],[-104.32748,22.42933],[-104.32933,22.42828],[-104.32933,22.43224],[-104.3306,22.43223],[-104.33013,22.43091],[-104.33114,22.43013],[-104.32945,22.42677],[-104.33094,22.4242],[-104.33153,22.42453],[-104.33416,22.42166],[-104.33698,22.42404],[-104.33821,22.42218],[-104.33572,22.42029],[-104.34082,22.4196],[-104.34066,22.41862],[-104.34279,22.41881],[-104.34475,22.41587],[-104.34446,22.41757],[-104.34884,22.40972],[-104.35177,22.40776],[-104.35353,22.40132],[-104.35166,22.38919],[-104.35004,22.38641],[-104.32532,22.38075],[-104.29313,22.36513],[-104.29279,22.36232],[-104.28999,22.3581],[-104.28574,22.35637],[-104.28928,22.35215],[-104.28896,22.34885],[-104.29222,22.34604],[-104.29256,22.34432],[-104.29041,22.34401],[-104.28763,22.34442],[-104.2856,22.34566],[-104.28337,22.34548],[-104.28085,22.34496],[-104.27928,22.34372],[-104.27376,22.34277],[-104.26606,22.34339],[-104.2653,22.34659],[-104.26266,22.34563],[-104.26146,22.34692],[-104.25791,22.34775],[-104.25595,22.34918],[-104.25474,22.34879],[-104.25427,22.34961],[-104.25546,22.35063],[-104.25454,22.35132],[-104.25487,22.35502],[-104.25567,22.35563],[-104.25518,22.35774],[-104.25667,22.35933],[-104.25577,22.36294],[-104.25665,22.36478],[-104.25509,22.37328],[-104.25743,22.37542],[-104.25787,22.37753],[-104.25935,22.37805],[-104.25834,22.38466],[-104.25725,22.38614],[-104.25478,22.38557],[-104.25302,22.3866],[-104.25444,22.39248],[-104.25174,22.39399],[-104.25304,22.39498],[-104.24098,22.41277],[-104.23866,22.41206],[-104.23357,22.41509],[-104.23001,22.41455],[-104.22572,22.41934],[-104.21888,22.42149],[-104.21652,22.42108],[-104.21495,22.42277],[-104.21309,22.42171],[-104.21074,22.42246],[-104.20787,22.42221],[-104.20558,22.42031],[-104.20377,22.41739],[-104.2016,22.41628],[-104.19998,22.41218],[-104.19919,22.4073],[-104.19775,22.40518],[-104.1952,22.40412],[-104.19304,22.39912],[-104.19017,22.39907],[-104.18266,22.39331],[-104.17969,22.3922],[-104.1777,22.38963],[-104.1755,22.38962],[-104.17457,22.38832],[-104.17263,22.38777],[-104.16739,22.38736],[-104.16589,22.39078],[-104.16464,22.39186],[-104.16621,22.39351],[-104.16645,22.39499],[-104.16557,22.39774],[-104.16775,22.40204],[-104.16825,22.40489],[-104.17049,22.40564],[-104.17371,22.40826],[-104.17193,22.41012],[-104.17364,22.41431],[-104.17442,22.42084],[-104.17526,22.42076],[-104.17737,22.423],[-104.17886,22.42743],[-104.17593,22.42737],[-104.17638,22.42886],[-104.17382,22.42955],[-104.17605,22.43173],[-104.17497,22.43257],[-104.17403,22.43214],[-104.17475,22.43366],[-104.17375,22.43439],[-104.17356,22.43765],[-104.17174,22.43809],[-104.17225,22.44042],[-104.16997,22.44091],[-104.16985,22.44296],[-104.16749,22.44515],[-104.17164,22.44309],[-104.17506,22.44249],[-104.17507,22.44678],[-104.17956,22.45005],[-104.18151,22.44801],[-104.18488,22.44838],[-104.19012,22.44609],[-104.19221,22.4462],[-104.1951,22.44763],[-104.19674,22.44915],[-104.19755,22.45128],[-104.19693,22.45214],[-104.19891,22.4534],[-104.19987,22.45631],[-104.19821,22.4563],[-104.1979,22.46062],[-104.19574,22.4622],[-104.18842,22.46449],[-104.18498,22.46462],[-104.18497,22.46606],[-104.1868,22.46626],[-104.18765,22.46823],[-104.18573,22.47141],[-104.18636,22.47179],[-104.18704,22.46984],[-104.18996,22.46825],[-104.18833,22.4701],[-104.19078,22.47038],[-104.19324,22.47544],[-104.19521,22.47294],[-104.1973,22.47712],[-104.20043,22.47297],[-104.20492,22.47191],[-104.20264,22.47572],[-104.20186,22.47572],[-104.19887,22.47952],[-104.19887,22.48046],[-104.20119,22.48302],[-104.20677,22.48141],[-104.20736,22.48141],[-104.20668,22.48247],[-104.21005,22.48254],[-104.21129,22.48141],[-104.21483,22.48416],[-104.20879,22.48338],[-104.20753,22.48546],[-104.2017,22.48696],[-104.20233,22.48872],[-104.19896,22.49495],[-104.19518,22.4974],[-104.19366,22.49983],[-104.19522,22.50225],[-104.19505,22.50368],[-104.19265,22.50379],[-104.19023,22.50761],[-104.18897,22.50704],[-104.18772,22.50792],[-104.18718,22.50724],[-104.1863,22.50823],[-104.18495,22.50669],[-104.18242,22.50767],[-104.18033,22.50566],[-104.17805,22.5053],[-104.17483,22.50754],[-104.1724,22.50816],[-104.17056,22.50723],[-104.16901,22.50995],[-104.16691,22.51106],[-104.16686,22.51229],[-104.16531,22.51236],[-104.16533,22.51345],[-104.16316,22.51444],[-104.15835,22.50933],[-104.15694,22.5101],[-104.15661,22.51521],[-104.152,22.51465],[-104.15041,22.51628],[-104.14982,22.50974],[-104.14816,22.50946],[-104.14309,22.50465],[-104.13983,22.50333],[-104.13742,22.50397],[-104.1324,22.50311],[-104.12967,22.50374],[-104.12455,22.50248],[-104.12323,22.50177],[-104.12135,22.49668],[-104.11351,22.49661],[-104.11525,22.49855],[-104.11522,22.49959],[-104.11297,22.50386],[-104.11154,22.5035],[-104.11327,22.50707],[-104.11257,22.50923],[-104.1132,22.51057],[-104.12077,22.51563],[-104.12038,22.51748],[-104.11498,22.51788],[-104.1135,22.52049],[-104.11117,22.52113],[-104.10999,22.52282],[-104.10853,22.52365],[-104.10658,22.52325],[-104.10431,22.52902],[-104.10479,22.53002],[-104.10271,22.53145],[-104.09778,22.53147],[-104.09485,22.53285],[-104.09281,22.53188],[-104.09009,22.53183],[-104.08931,22.53264],[-104.08814,22.53227],[-104.08802,22.53337],[-104.08386,22.53288],[-104.08188,22.53356],[-104.0783,22.53263],[-104.07263,22.52496],[-104.07025,22.52244],[-104.0688,22.522],[-104.07416,22.51566],[-104.07418,22.51332],[-104.07161,22.51191],[-104.06938,22.50902],[-104.07157,22.50601],[-104.07171,22.503],[-104.06164,22.49512],[-104.05707,22.4932],[-104.05479,22.48945],[-104.05461,22.48773],[-104.05589,22.48557],[-104.05568,22.48348],[-104.05351,22.47966],[-104.05191,22.47317],[-104.05157,22.46675],[-104.05243,22.4645],[-104.05537,22.46126],[-104.05745,22.45577],[-104.06224,22.45128],[-104.06201,22.45038],[-104.05944,22.44954],[-104.05767,22.44757],[-104.05859,22.4462],[-104.0586,22.44349],[-104.06357,22.44126],[-104.06235,22.43592],[-104.06344,22.43259],[-104.06113,22.4296],[-104.06164,22.4258],[-104.06322,22.425],[-104.06648,22.42689],[-104.06799,22.42453],[-104.07128,22.42224],[-104.07285,22.42026],[-104.07347,22.41324],[-104.07682,22.40719],[-104.07733,22.40412],[-104.07619,22.39878],[-104.08101,22.38978],[-104.08044,22.38842],[-104.07754,22.38687],[-104.07539,22.38313],[-104.07878,22.37691],[-104.08285,22.37606],[-104.08441,22.37445],[-104.08802,22.37465],[-104.08789,22.3778],[-104.08856,22.37889],[-104.09216,22.37837],[-104.09489,22.37631],[-104.09734,22.37082],[-104.09713,22.36865],[-104.09558,22.36585],[-104.09604,22.36042],[-104.09735,22.35782],[-104.09416,22.35505],[-104.08754,22.35784],[-104.08588,22.35729],[-104.08369,22.35783],[-104.08096,22.35953],[-104.07769,22.36338],[-104.07531,22.36439],[-104.07157,22.3618],[-104.06748,22.36141],[-104.06643,22.3625],[-104.06671,22.36413],[-104.06535,22.36431],[-104.06545,22.36331],[-104.06458,22.36331],[-104.06467,22.36421],[-104.06197,22.36619],[-104.06012,22.36916],[-104.05864,22.36901],[-104.05841,22.37005],[-104.05752,22.37023],[-104.05679,22.37209],[-104.05308,22.37179],[-104.05122,22.37488],[-104.04925,22.37532],[-104.04875,22.37644],[-104.04684,22.37565],[-104.04195,22.37584],[-104.04141,22.37483],[-104.03779,22.37413],[-104.03557,22.37175],[-104.03365,22.37159],[-104.03323,22.37081],[-104.02933,22.37108],[-104.02301,22.36366],[-104.02002,22.36225],[-104.01973,22.35948],[-104.01313,22.35232],[-104.01306,22.35098],[-104.01413,22.34948],[-104.01058,22.34643],[-104.01054,22.34473],[-104.00927,22.34322],[-104.00925,22.33737],[-104.0043,22.33378],[-104.00463,22.33077],[-103.9992,22.3257],[-103.99767,22.32566],[-103.99375,22.32008],[-103.99179,22.32035],[-103.98898,22.31552],[-103.98788,22.31175],[-103.9862,22.31026],[-103.9854,22.30973],[-103.98428,22.31024],[-103.98125,22.3082],[-103.97701,22.30779],[-103.97459,22.30612],[-103.97391,22.30904],[-103.96955,22.31711],[-103.96689,22.31896],[-103.96675,22.32038],[-103.96224,22.32225],[-103.96179,22.32666],[-103.96002,22.32907],[-103.95759,22.32752],[-103.952,22.32874],[-103.95035,22.32481],[-103.9481,22.32346],[-103.94486,22.32511],[-103.94372,22.32688],[-103.94273,22.32647],[-103.94252,22.32534],[-103.93965,22.32436],[-103.9338,22.328],[-103.92836,22.32866],[-103.92602,22.33162],[-103.92513,22.33103],[-103.92253,22.32721],[-103.92389,22.32492],[-103.92368,22.32387],[-103.92028,22.32187],[-103.92086,22.32123],[-103.92181,22.32184],[-103.92251,22.3198],[-103.92203,22.31806],[-103.91971,22.31659],[-103.92096,22.31427],[-103.91993,22.31325],[-103.91707,22.31288],[-103.91579,22.31131],[-103.91766,22.30753],[-103.91782,22.3051],[-103.91893,22.30438],[-103.91404,22.3009],[-103.91403,22.29995],[-103.91613,22.30008],[-103.91596,22.29271],[-103.91336,22.29224],[-103.91492,22.29089],[-103.9143,22.28914],[-103.91599,22.28854],[-103.91404,22.28772],[-103.91364,22.28485],[-103.91124,22.28438],[-103.91003,22.28222],[-103.91018,22.28106],[-103.91256,22.28141],[-103.91196,22.27981],[-103.91337,22.27972],[-103.91422,22.27823],[-103.91336,22.27682],[-103.91433,22.27586],[-103.91353,22.27465],[-103.91395,22.27221],[-103.91357,22.27152],[-103.91241,22.27181],[-103.91175,22.27048],[-103.91383,22.26945],[-103.9163,22.26671],[-103.91752,22.26454],[-103.91649,22.26356],[-103.91788,22.26197],[-103.91673,22.26079],[-103.91457,22.26065],[-103.91302,22.25682],[-103.91017,22.25453],[-103.90768,22.25461],[-103.90722,22.25141],[-103.90615,22.25164],[-103.90551,22.25061],[-103.90584,22.24834],[-103.90478,22.24524],[-103.90328,22.24455],[-103.9039,22.24208],[-103.90226,22.24033],[-103.90166,22.23708],[-103.89829,22.23422],[-103.89627,22.23356],[-103.89242,22.22885],[-103.88614,22.22618],[-103.88588,22.22328],[-103.8844,22.22028],[-103.88509,22.21729],[-103.88364,22.21508],[-103.88217,22.21452],[-103.88109,22.2061],[-103.88405,22.20149],[-103.88393,22.19758],[-103.88509,22.19642],[-103.88256,22.19582],[-103.87857,22.19248],[-103.87689,22.19214],[-103.87343,22.18454],[-103.87383,22.18022],[-103.87312,22.1784],[-103.86628,22.16983],[-103.86294,22.16688],[-103.85779,22.18816],[-103.84408,22.22207],[-103.84467,22.23036],[-103.84351,22.23124],[-103.84228,22.25032],[-103.84345,22.2567],[-103.84527,22.26083],[-103.84487,22.26255],[-103.84258,22.26472],[-103.84253,22.26644],[-103.83984,22.26629],[-103.83665,22.27195],[-103.83566,22.2725],[-103.83606,22.27432],[-103.83511,22.2751],[-103.83478,22.27704],[-103.83203,22.2794],[-103.83038,22.28487],[-103.82862,22.28661],[-103.82915,22.28993],[-103.83367,22.29693],[-103.83366,22.29843],[-103.83666,22.30429],[-103.83745,22.30957],[-103.83849,22.31052],[-103.83795,22.31246],[-103.83944,22.31462],[-103.83915,22.31623],[-103.84116,22.32262],[-103.84596,22.33035],[-103.84543,22.34276],[-103.84149,22.3456],[-103.83746,22.352],[-103.83457,22.3524],[-103.83062,22.35519],[-103.82788,22.35424],[-103.82617,22.35629],[-103.82681,22.35828],[-103.82506,22.36046],[-103.82316,22.36108],[-103.82238,22.36308],[-103.81994,22.36414],[-103.81753,22.36789],[-103.81746,22.37146],[-103.81115,22.37675],[-103.81204,22.37919],[-103.81177,22.3826],[-103.81301,22.38392],[-103.81164,22.39259],[-103.80979,22.3953],[-103.8087,22.39875],[-103.81246,22.40151],[-103.81326,22.40554],[-103.81009,22.41272],[-103.81071,22.41764],[-103.80933,22.42272],[-103.81018,22.42729],[-103.80805,22.43134],[-103.8068,22.43986],[-103.8059,22.43987],[-103.80626,22.44183],[-103.80275,22.44511],[-103.80152,22.44989],[-103.79918,22.45216],[-103.79561,22.46502],[-103.78891,22.47391],[-103.78698,22.47777],[-103.78606,22.48365],[-103.7838,22.48883],[-103.78387,22.49728],[-103.78505,22.49921],[-103.78389,22.50043],[-103.78487,22.50572],[-103.78355,22.50981],[-103.78448,22.51009],[-103.78514,22.50899],[-103.78566,22.51046],[-103.78315,22.51112],[-103.78217,22.51487],[-103.7816,22.51471],[-103.77739,22.52493],[-103.77642,22.53413],[-103.77385,22.54641],[-103.77095,22.55081],[-103.7691,22.55579],[-103.75998,22.5556],[-103.75913,22.55415],[-103.75924,22.55167],[-103.75529,22.55422],[-103.75311,22.55787],[-103.75168,22.55852],[-103.7445,22.5585],[-103.73845,22.57196],[-103.73256,22.57241],[-103.72656,22.57415],[-103.71939,22.57073],[-103.71152,22.56455],[-103.7081,22.56312],[-103.70613,22.56372],[-103.70085,22.56303],[-103.69935,22.56185],[-103.69624,22.56108],[-103.694,22.55861],[-103.69071,22.55793],[-103.68693,22.55835],[-103.68179,22.5548],[-103.68012,22.55683],[-103.67724,22.55756],[-103.67416,22.56127],[-103.67259,22.56113],[-103.66721,22.55419],[-103.66505,22.55287],[-103.66282,22.548],[-103.66101,22.54714],[-103.66024,22.5475],[-103.65965,22.55027],[-103.65594,22.55163],[-103.65454,22.5547],[-103.65157,22.55648],[-103.64932,22.55667],[-103.64792,22.55488],[-103.64617,22.55483],[-103.64096,22.55788],[-103.63794,22.55827],[-103.63623,22.56002],[-103.63048,22.55932],[-103.62816,22.56194],[-103.62238,22.56357],[-103.61853,22.56367],[-103.61749,22.56037],[-103.61178,22.55842],[-103.60975,22.55972],[-103.60397,22.55754],[-103.60276,22.55679],[-103.60212,22.55191],[-103.60255,22.55129],[-103.60448,22.55145],[-103.606,22.54568],[-103.60303,22.54351],[-103.60456,22.54101],[-103.60476,22.53841],[-103.60237,22.53569],[-103.60265,22.53476],[-103.59933,22.52637],[-103.58528,22.52528],[-103.58373,22.52197],[-103.58422,22.51882],[-103.5885,22.51443],[-103.58902,22.50808],[-103.5946,22.50545],[-103.59191,22.50282],[-103.58902,22.50159],[-103.58627,22.50205],[-103.58559,22.50004],[-103.58337,22.49871],[-103.58019,22.49872],[-103.58059,22.49762],[-103.57933,22.4962],[-103.58041,22.49547],[-103.57963,22.4944],[-103.58,22.49335],[-103.57869,22.49234],[-103.57908,22.49096],[-103.58099,22.48883],[-103.58246,22.48879],[-103.58127,22.48554],[-103.58177,22.4844],[-103.58055,22.48293],[-103.58085,22.48118],[-103.57993,22.48051],[-103.5806,22.4774],[-103.57513,22.47287],[-103.57363,22.47306],[-103.57314,22.47084],[-103.57083,22.46917],[-103.57145,22.46754],[-103.5725,22.46729],[-103.57208,22.46671],[-103.57391,22.46656],[-103.57258,22.46454],[-103.57391,22.46108],[-103.5699,22.45557],[-103.5707,22.45307],[-103.56891,22.44627],[-103.57219,22.44107],[-103.57253,22.43754],[-103.56766,22.43779],[-103.56496,22.43513],[-103.56406,22.43083],[-103.55919,22.42843],[-103.56082,22.42536],[-103.5607,22.42282],[-103.56707,22.42086],[-103.56916,22.41845],[-103.57102,22.41822],[-103.57842,22.4105],[-103.58106,22.40948],[-103.5855,22.40937],[-103.58963,22.40697],[-103.59402,22.40721],[-103.59429,22.40028],[-103.59362,22.39689],[-103.59441,22.39458],[-103.59296,22.39258],[-103.59276,22.38928],[-103.59434,22.38503],[-103.59593,22.38319],[-103.59756,22.37453],[-103.60034,22.37029],[-103.60284,22.3609],[-103.60981,22.36154],[-103.61069,22.35984],[-103.60948,22.3527],[-103.60264,22.34632],[-103.6026,22.34344],[-103.60376,22.34267],[-103.6048,22.34014],[-103.60671,22.33831],[-103.612,22.33796],[-103.6214,22.34071],[-103.62742,22.3404],[-103.62901,22.34178],[-103.63495,22.34348],[-103.64211,22.34087],[-103.64205,22.33957],[-103.63827,22.33717],[-103.63818,22.33517],[-103.64066,22.32892],[-103.64158,22.32418],[-103.64496,22.31784],[-103.64475,22.31497],[-103.64231,22.30596],[-103.63779,22.29523],[-103.63545,22.2944],[-103.6285,22.29395],[-103.62562,22.28811],[-103.62346,22.28747],[-103.61923,22.28179],[-103.61069,22.27896],[-103.60771,22.27974],[-103.60094,22.27816],[-103.5949,22.27308],[-103.59918,22.27201],[-103.6028,22.26996],[-103.60624,22.26541],[-103.60632,22.26433],[-103.61438,22.25651],[-103.61737,22.25106],[-103.6182,22.25099],[-103.62082,22.24748],[-103.62236,22.2475],[-103.62639,22.24424],[-103.62828,22.24112],[-103.6309,22.23892],[-103.636,22.22828],[-103.63642,22.22102],[-103.63935,22.21819],[-103.63932,22.21386],[-103.64099,22.21213],[-103.64111,22.20982],[-103.64507,22.20485],[-103.64768,22.20305],[-103.64724,22.20159],[-103.64912,22.20206],[-103.64901,22.19614],[-103.64981,22.1927],[-103.65143,22.19145],[-103.65252,22.18717],[-103.65367,22.18744],[-103.65368,22.18641],[-103.6561,22.18614],[-103.65576,22.18483],[-103.65776,22.18384],[-103.65665,22.1827],[-103.65663,22.1813],[-103.65866,22.17745],[-103.65892,22.17522],[-103.65447,22.17194],[-103.661,22.16696],[-103.66543,22.16055],[-103.67044,22.15628],[-103.67078,22.15365],[-103.67477,22.14933],[-103.67614,22.14875],[-103.67739,22.14588],[-103.67684,22.14474],[-103.67754,22.14127],[-103.67926,22.14044],[-103.68203,22.13516],[-103.68813,22.13317],[-103.6908,22.12828],[-103.69179,22.12943],[-103.69269,22.12936],[-103.69687,22.12697],[-103.69961,22.12641],[-103.70123,22.1269],[-103.69901,22.12843],[-103.69854,22.13046],[-103.69995,22.13207],[-103.70399,22.13165],[-103.70526,22.13341],[-103.70549,22.13544],[-103.70229,22.14117],[-103.704,22.14486],[-103.70251,22.14684],[-103.69899,22.14691],[-103.69895,22.14814],[-103.70315,22.15137],[-103.70698,22.16005],[-103.70869,22.16013],[-103.71275,22.1583],[-103.71557,22.1608],[-103.71758,22.16093],[-103.72221,22.16304],[-103.72465,22.16637],[-103.72432,22.16959],[-103.72811,22.172],[-103.73078,22.17068],[-103.73044,22.16883],[-103.73191,22.16796],[-103.73086,22.16615],[-103.73233,22.16573],[-103.73115,22.16411],[-103.73215,22.16297],[-103.73078,22.1624],[-103.73065,22.16132],[-103.73208,22.16117],[-103.73206,22.16018],[-103.73346,22.15983],[-103.73351,22.15817],[-103.7343,22.15781],[-103.73347,22.15663],[-103.73422,22.15504],[-103.73756,22.15422],[-103.73792,22.15321],[-103.73884,22.15342],[-103.73828,22.15469],[-103.74074,22.15735],[-103.74246,22.15678],[-103.74413,22.15385],[-103.74565,22.15407],[-103.74757,22.15241],[-103.75247,22.15289],[-103.75321,22.15367],[-103.75642,22.15337],[-103.75726,22.15535],[-103.75825,22.15509],[-103.76194,22.15687],[-103.7634,22.15642],[-103.76103,22.16087],[-103.76157,22.16212],[-103.76487,22.16334],[-103.76585,22.16844],[-103.76738,22.16859],[-103.76918,22.1668],[-103.77372,22.16624],[-103.77423,22.16716],[-103.77281,22.16753],[-103.77159,22.17039],[-103.7744,22.17208],[-103.7803,22.16934],[-103.78738,22.16807],[-103.79054,22.16031],[-103.79274,22.15839],[-103.79256,22.15523],[-103.7947,22.15587],[-103.80003,22.15524],[-103.80122,22.15374],[-103.80351,22.15392],[-103.80856,22.15106],[-103.80757,22.14863],[-103.80448,22.14565],[-103.80478,22.14453],[-103.80685,22.14318],[-103.81145,22.14276],[-103.81401,22.14146],[-103.81485,22.13994],[-103.81709,22.13994],[-103.82079,22.1385],[-103.82259,22.13965],[-103.82741,22.13968],[-103.83088,22.13819],[-103.83262,22.14074],[-103.83244,22.14351],[-103.83359,22.14679],[-103.84025,22.14041],[-103.83896,22.13604],[-103.83933,22.13463],[-103.83754,22.13303],[-103.83612,22.12969],[-103.83303,22.1292],[-103.83087,22.12577],[-103.83154,22.12336],[-103.83093,22.11981],[-103.83299,22.11776],[-103.83667,22.11596],[-103.83673,22.11082],[-103.83835,22.10755],[-103.83799,22.10401],[-103.83871,22.09846],[-103.84294,22.09173],[-103.8431,22.09031],[-103.84564,22.08777],[-103.84643,22.08258],[-103.84499,22.07856],[-103.846,22.07449],[-103.84554,22.0729],[-103.84312,22.07082],[-103.83667,22.07046],[-103.83633,22.06805],[-103.83014,22.06665],[-103.82944,22.06405],[-103.82504,22.06326],[-103.82187,22.06146],[-103.82313,22.05873],[-103.82218,22.05752],[-103.8208,22.05768],[-103.8214,22.05562],[-103.81865,22.0548],[-103.81826,22.05142],[-103.81714,22.05112],[-103.81629,22.04786],[-103.81498,22.04704],[-103.81036,22.04698],[-103.80911,22.0422],[-103.80757,22.04183],[-103.80649,22.04058],[-103.80649,22.03921],[-103.8052,22.03895],[-103.80389,22.03506],[-103.80093,22.03084],[-103.80495,22.02768],[-103.80765,22.0233],[-103.81761,22.01999],[-103.81799,22.01838],[-103.82003,22.01724],[-103.82027,22.01572],[-103.82516,22.0124],[-103.83991,22.01074],[-103.83899,22.00962],[-103.83846,22.00739],[-103.8391,22.00649],[-103.83799,22.00471],[-103.83815,21.99973],[-103.83661,21.99691],[-103.83733,21.99196],[-103.83536,21.99048],[-103.83536,21.98803],[-103.83784,21.98309],[-103.83729,21.98181],[-103.83891,21.97954],[-103.8387,21.97862],[-103.84163,21.97635],[-103.84756,21.97632],[-103.85052,21.97428],[-103.84951,21.97011],[-103.84844,21.9692],[-103.85117,21.96283],[-103.84732,21.95998],[-103.84172,21.95334],[-103.83825,21.9536],[-103.83389,21.95082],[-103.83346,21.95313],[-103.83216,21.95279],[-103.83033,21.95373],[-103.82829,21.95166],[-103.83204,21.94945],[-103.83294,21.9461],[-103.83816,21.94376],[-103.84011,21.94167],[-103.83993,21.94063],[-103.8428,21.93858],[-103.84282,21.93657],[-103.83931,21.93581],[-103.83792,21.93703],[-103.83223,21.93756],[-103.8289,21.93674],[-103.82546,21.93708],[-103.8333,21.93376],[-103.83659,21.93118],[-103.8407,21.9293],[-103.84066,21.9281],[-103.83913,21.92732],[-103.83869,21.92613],[-103.83377,21.92692],[-103.83035,21.92933],[-103.8252,21.93062],[-103.82017,21.93338],[-103.81848,21.93262],[-103.81596,21.93322],[-103.81428,21.93541],[-103.81169,21.93556],[-103.81148,21.93637],[-103.81014,21.93516],[-103.80243,21.93548],[-103.80068,21.9346],[-103.79778,21.93508],[-103.79699,21.93725],[-103.79377,21.94028],[-103.7938,21.94364],[-103.79573,21.94418],[-103.79253,21.9495],[-103.79196,21.95393],[-103.78886,21.95835],[-103.78505,21.96191],[-103.7829,21.96286],[-103.7782,21.96233],[-103.77403,21.96808],[-103.7698,21.96816],[-103.76652,21.97001],[-103.7608,21.97378],[-103.7578,21.97761],[-103.75397,21.97613],[-103.74773,21.97593],[-103.74677,21.97461],[-103.74368,21.97619],[-103.74246,21.97506],[-103.74126,21.97587],[-103.73967,21.97567],[-103.73749,21.97404],[-103.73441,21.97446],[-103.73302,21.97308],[-103.73108,21.97374],[-103.7299,21.97316],[-103.72821,21.97437],[-103.72484,21.97463],[-103.72289,21.97233],[-103.7232,21.97135],[-103.72223,21.9698],[-103.71844,21.96863],[-103.71835,21.96801],[-103.71731,21.9691],[-103.71528,21.96859],[-103.71128,21.96996],[-103.71057,21.96885],[-103.70815,21.96891],[-103.70618,21.96526],[-103.703,21.9626],[-103.70126,21.9622],[-103.70212,21.95785],[-103.70132,21.95265],[-103.70343,21.95056],[-103.70386,21.94899],[-103.6962,21.94723],[-103.6937,21.94784],[-103.69212,21.94573],[-103.69025,21.94697],[-103.68908,21.94678],[-103.68142,21.94288],[-103.67949,21.93988],[-103.68125,21.93585],[-103.68034,21.9319],[-103.68347,21.92891],[-103.68389,21.92572],[-103.69069,21.91697],[-103.69653,21.91428],[-103.70017,21.91406],[-103.70109,21.91174],[-103.70057,21.90911],[-103.70307,21.906],[-103.70227,21.90483],[-103.7047,21.90356],[-103.70421,21.90073],[-103.70274,21.89827],[-103.70297,21.89195],[-103.70178,21.89114],[-103.70227,21.88955],[-103.70095,21.88769],[-103.70187,21.8862],[-103.70121,21.88503],[-103.7032,21.88337],[-103.70196,21.88165],[-103.70229,21.87802],[-103.70161,21.87691],[-103.70316,21.87445],[-103.70497,21.87333],[-103.70307,21.87142],[-103.7042,21.87035],[-103.70498,21.86574],[-103.70614,21.86465],[-103.7055,21.86339],[-103.70641,21.85974],[-103.70547,21.85914],[-103.70577,21.85812],[-103.70657,21.85646],[-103.70867,21.85501],[-103.71196,21.85502],[-103.71101,21.85245],[-103.70656,21.854],[-103.70617,21.85238],[-103.70278,21.8506],[-103.70118,21.85101],[-103.69932,21.84949],[-103.69617,21.84897],[-103.6934,21.84965],[-103.69059,21.84819],[-103.68729,21.84323],[-103.68809,21.83911],[-103.68673,21.83635],[-103.68489,21.83541],[-103.68389,21.8361],[-103.68164,21.83553],[-103.68271,21.83137],[-103.6817,21.82815],[-103.68344,21.82248],[-103.68539,21.82186],[-103.68596,21.82092],[-103.68788,21.80761],[-103.69014,21.80617],[-103.69213,21.80613],[-103.69414,21.80821],[-103.6965,21.8082],[-103.70391,21.8063],[-103.70433,21.80543],[-103.70664,21.8049],[-103.70726,21.8031],[-103.70958,21.80342],[-103.70982,21.8016],[-103.71107,21.80193],[-103.71527,21.79992],[-103.71846,21.79718],[-103.71924,21.79849],[-103.72083,21.79751],[-103.72117,21.79886],[-103.72477,21.79923],[-103.72598,21.80037],[-103.73034,21.7989],[-103.73174,21.80103],[-103.73526,21.8005],[-103.73578,21.80224],[-103.73692,21.8019],[-103.73846,21.80314],[-103.74061,21.80273],[-103.74228,21.80412],[-103.74615,21.80286],[-103.7477,21.80071],[-103.74901,21.8023],[-103.75047,21.80107],[-103.75457,21.8028],[-103.75716,21.8025],[-103.75732,21.80373],[-103.75909,21.80497],[-103.76225,21.80503],[-103.7664,21.80192],[-103.76759,21.79713],[-103.77138,21.79304],[-103.77243,21.79258],[-103.77832,21.79361],[-103.78007,21.79785],[-103.78264,21.79889],[-103.78473,21.81799],[-103.78325,21.82327],[-103.78534,21.82491],[-103.78988,21.82655],[-103.79116,21.82393],[-103.79269,21.82355],[-103.79532,21.82464],[-103.79573,21.82272],[-103.79675,21.82188],[-103.7998,21.82193],[-103.80148,21.82366],[-103.80403,21.82254],[-103.80495,21.82078],[-103.80825,21.82009],[-103.80951,21.82061],[-103.81352,21.81695],[-103.81404,21.81336],[-103.81558,21.81409],[-103.81848,21.81161],[-103.82139,21.81242],[-103.82729,21.81161],[-103.82968,21.81225],[-103.84164,21.81155],[-103.84388,21.80862],[-103.84698,21.80784],[-103.84906,21.80363],[-103.85116,21.80319],[-103.85264,21.80375],[-103.8551,21.80172],[-103.85398,21.79926],[-103.85602,21.79826],[-103.85418,21.79743],[-103.85182,21.7937],[-103.85161,21.78902],[-103.85513,21.78877],[-103.85517,21.78611],[-103.86091,21.78504],[-103.86655,21.78717],[-103.86976,21.78652],[-103.87268,21.78689],[-103.87443,21.78439],[-103.87793,21.78372],[-103.88041,21.78434],[-103.88294,21.78112],[-103.88697,21.78082],[-103.88861,21.77966],[-103.8904,21.78049],[-103.89625,21.77941],[-103.90044,21.78017],[-103.90536,21.77908],[-103.91142,21.77931],[-103.91822,21.77489],[-103.92184,21.7737],[-103.9226,21.77099],[-103.92746,21.77434],[-103.92951,21.77449],[-103.93143,21.77364],[-103.9345,21.7759],[-103.93775,21.77563],[-103.93784,21.77635],[-103.9408,21.77543],[-103.94451,21.77682],[-103.95012,21.77531],[-103.95113,21.77393],[-103.95212,21.77599],[-103.95286,21.77604],[-103.95364,21.7737],[-103.95744,21.77349],[-103.95728,21.77231],[-103.95808,21.77203],[-103.96101,21.77292],[-103.96744,21.77233],[-103.96769,21.7713],[-103.97015,21.7708],[-103.97436,21.77084],[-103.97495,21.77235],[-103.97578,21.77245],[-103.9765,21.7712],[-103.97776,21.77133],[-103.98012,21.77293],[-103.98063,21.77422],[-103.98445,21.77258],[-103.98494,21.77522],[-103.98651,21.7759],[-103.98915,21.77986],[-103.99707,21.77927],[-103.99993,21.78196],[-104.00199,21.78099],[-104.01219,21.76477],[-104.02561,21.7567],[-104.03469,21.74128],[-104.0348,21.72969],[-104.03691,21.71965],[-104.03723,21.70438],[-104.04775,21.69104],[-104.05132,21.66627],[-104.05102,21.62884],[-104.06662,21.60203],[-104.09105,21.59219],[-104.10937,21.55931],[-104.11576,21.53547],[-104.13725,21.52278],[-104.14965,21.50416],[-104.16031,21.47361],[-104.1672,21.46043],[-104.16338,21.43338],[-104.16927,21.41483],[-104.16826,21.35058],[-104.1637,21.33927],[-104.15741,21.31529],[-104.16295,21.29537],[-104.16693,21.28643],[-104.17626,21.27334],[-104.1832,21.25093],[-104.18905,21.23771],[-104.19364,21.21735],[-104.19431,21.19411],[-104.19221,21.19253],[-104.19637,21.19355],[-104.20401,21.19232],[-104.21097,21.187],[-104.2134,21.18057],[-104.21795,21.17643],[-104.2194,21.17661],[-104.21856,21.17919],[-104.21925,21.18162],[-104.22146,21.18326],[-104.22457,21.18788],[-104.23086,21.18577],[-104.23348,21.18719],[-104.23594,21.19014],[-104.23501,21.19211],[-104.23398,21.1997],[-104.23507,21.20124],[-104.2405,21.20435],[-104.24231,21.20663],[-104.24141,21.21116],[-104.24176,21.21425],[-104.24269,21.21525],[-104.2427,21.21914],[-104.24514,21.22394],[-104.24768,21.22653],[-104.25414,21.22944],[-104.2624,21.23544],[-104.26434,21.23498],[-104.26573,21.23307],[-104.27462,21.23486],[-104.27635,21.24028],[-104.28788,21.25139],[-104.30157,21.25946],[-104.31078,21.26339],[-104.32218,21.26043],[-104.33434,21.25563],[-104.33565,21.25533],[-104.33674,21.25607],[-104.33848,21.26123],[-104.34312,21.26412],[-104.34521,21.2689],[-104.34985,21.27421],[-104.34935,21.27801],[-104.35216,21.28393],[-104.3521,21.28525],[-104.34896,21.28703],[-104.35049,21.29196],[-104.34868,21.29557],[-104.34904,21.29859],[-104.35335,21.30698],[-104.35355,21.30967],[-104.35761,21.31338],[-104.35831,21.31517],[-104.35828,21.32499],[-104.35922,21.32769],[-104.36602,21.33184],[-104.37209,21.33193],[-104.37609,21.33326],[-104.37854,21.33743],[-104.37821,21.34263],[-104.3798,21.34722],[-104.38188,21.35009],[-104.38449,21.35093],[-104.3943,21.34825],[-104.39626,21.3485],[-104.39886,21.35118],[-104.40222,21.35207],[-104.40213,21.35403],[-104.40427,21.35792],[-104.40734,21.35788],[-104.40937,21.36042],[-104.41285,21.36278],[-104.41693,21.36309],[-104.42066,21.36192],[-104.42324,21.36309],[-104.42382,21.36609],[-104.42926,21.37521],[-104.43057,21.37902],[-104.42975,21.3829],[-104.42368,21.39453],[-104.42394,21.39993],[-104.42127,21.41191],[-104.42378,21.41688],[-104.42713,21.41837],[-104.43345,21.41608],[-104.43491,21.4173],[-104.43773,21.42481],[-104.44222,21.42731],[-104.44785,21.42857],[-104.45104,21.42822],[-104.45832,21.42197],[-104.46043,21.42131],[-104.46228,21.42229],[-104.46175,21.42475],[-104.46447,21.42617],[-104.46677,21.42644],[-104.46924,21.4252],[-104.4716,21.42619],[-104.47151,21.42917],[-104.46905,21.43148],[-104.46863,21.43418],[-104.47393,21.4443],[-104.472,21.44803],[-104.47288,21.45717],[-104.47206,21.4622],[-104.47402,21.4713],[-104.4764,21.47443],[-104.48209,21.4788],[-104.48975,21.47765],[-104.49983,21.47911],[-104.50201,21.47468],[-104.50834,21.46956],[-104.51014,21.46542],[-104.51212,21.46309],[-104.51352,21.46199],[-104.51682,21.46129],[-104.52327,21.46242],[-104.52651,21.46051],[-104.53204,21.46059],[-104.53648,21.46278],[-104.54157,21.46685],[-104.54197,21.47399],[-104.54419,21.47872],[-104.543,21.48506],[-104.53645,21.49505],[-104.52598,21.50485],[-104.52575,21.50772],[-104.52848,21.51507],[-104.53043,21.51783],[-104.53296,21.51889],[-104.54154,21.51966],[-104.54833,21.5178],[-104.55057,21.51901],[-104.55338,21.52257],[-104.55682,21.52271],[-104.5609,21.5202],[-104.56375,21.52221],[-104.57162,21.53815],[-104.57124,21.54405],[-104.57325,21.5525],[-104.57023,21.55969],[-104.57305,21.56627],[-104.57302,21.56898],[-104.57127,21.57036],[-104.56728,21.57119],[-104.56779,21.57364],[-104.57743,21.58319],[-104.57936,21.58867],[-104.58513,21.59123],[-104.59258,21.60516],[-104.59461,21.60707],[-104.59772,21.60817],[-104.60137,21.61247],[-104.60172,21.61723],[-104.59973,21.62276],[-104.6011,21.62979],[-104.60384,21.63423],[-104.62067,21.6529],[-104.62231,21.65582],[-104.62315,21.67437],[-104.62651,21.67899],[-104.63628,21.68781],[-104.64401,21.69682],[-104.64716,21.69892],[-104.64877,21.70161],[-104.64781,21.70374],[-104.64049,21.70976],[-104.63952,21.71145],[-104.63996,21.71345],[-104.64176,21.71442],[-104.64541,21.71425],[-104.64851,21.71564],[-104.65032,21.71989],[-104.65438,21.7243],[-104.66579,21.73074],[-104.66778,21.73345],[-104.66837,21.73608],[-104.66771,21.7393],[-104.66607,21.74224],[-104.66217,21.74517],[-104.6605,21.74854],[-104.66268,21.7563],[-104.66745,21.76032],[-104.67225,21.76065],[-104.67738,21.75951],[-104.67865,21.76084],[-104.68028,21.76967],[-104.68008,21.77639],[-104.68316,21.77907],[-104.68763,21.77906],[-104.69642,21.79073],[-104.69712,21.79657],[-104.69635,21.80131],[-104.69699,21.80438],[-104.69803,21.80552],[-104.71046,21.81115],[-104.71357,21.81425],[-104.71286,21.81753],[-104.71378,21.81989],[-104.71708,21.82358],[-104.71768,21.82661],[-104.71713,21.82994],[-104.71468,21.83417],[-104.71702,21.83885],[-104.71988,21.83988],[-104.72221,21.84447],[-104.72649,21.84543],[-104.73997,21.84541],[-104.74405,21.84683],[-104.74842,21.85281],[-104.7591,21.85461],[-104.76208,21.85176],[-104.76309,21.84829],[-104.76492,21.84546],[-104.76718,21.8439],[-104.79067,21.84006],[-104.80133,21.84005],[-104.80666,21.83874],[-104.81642,21.83245],[-104.82065,21.82778],[-104.82882,21.82751],[-104.83071,21.82558],[-104.83267,21.82141],[-104.83554,21.8202],[-104.83638,21.81894],[-104.83856,21.81266],[-104.84533,21.8113],[-104.84802,21.80947],[-104.851,21.8053],[-104.85102,21.80166],[-104.84509,21.79205],[-104.84258,21.78981],[-104.84214,21.78738],[-104.84349,21.78514],[-104.84786,21.78193],[-104.85565,21.78013],[-104.85933,21.77503],[-104.862,21.77312],[-104.86428,21.77306],[-104.86917,21.77619],[-104.87207,21.77704],[-104.87492,21.77719],[-104.88882,21.78096],[-104.89585,21.77977],[-104.90179,21.78019],[-104.91102,21.79112],[-104.91351,21.79265],[-104.91863,21.79387],[-104.92036,21.79328],[-104.92249,21.79089],[-104.92363,21.78601],[-104.92338,21.77961],[-104.92554,21.77603],[-104.93848,21.77108],[-104.93933,21.77137],[-104.93929,21.78108],[-104.92838,21.78165],[-104.93242,21.79432],[-104.93393,21.80575],[-104.93617,21.80688],[-104.94062,21.81276],[-104.90738,21.84446],[-104.89081,21.85708],[-104.87009,21.85816],[-104.86517,21.84696],[-104.86308,21.84747],[-104.8611,21.89549],[-104.87916,21.88648],[-104.90107,21.87833],[-104.90262,21.88394],[-104.9062,21.8908],[-104.91194,21.88888],[-104.91513,21.89199],[-104.91468,21.88887],[-104.91689,21.89117],[-104.91904,21.89172],[-104.91791,21.8906],[-104.91899,21.89052],[-104.92044,21.89389],[-104.92245,21.89325],[-104.9227,21.89387],[-104.92327,21.89193],[-104.92404,21.89181],[-104.92455,21.8932],[-104.92651,21.88319],[-104.92827,21.8823],[-104.93001,21.88257],[-104.93083,21.88388],[-104.93103,21.88795],[-104.93501,21.89111],[-104.9361,21.89422],[-104.93867,21.89381],[-104.94176,21.89039],[-104.94354,21.89156],[-104.94772,21.89039],[-104.94792,21.89638],[-104.9659,21.89596],[-104.97277,21.90252],[-104.97361,21.90994],[-104.97993,21.90737],[-104.98147,21.90317],[-104.98866,21.9037],[-104.99423,21.91127],[-104.97435,21.91668],[-104.97117,21.92088],[-104.97957,21.92317],[-104.98516,21.9287],[-104.99301,21.93296],[-104.99256,21.93987],[-104.98467,21.94956],[-104.97894,21.95015],[-104.97605,21.94955],[-104.97291,21.95075],[-104.97251,21.95329],[-104.96893,21.95888],[-104.96723,21.95897],[-104.96267,21.96219],[-104.96201,21.96633],[-104.96266,21.96736],[-104.96153,21.96942],[-104.96186,21.97223],[-104.95693,21.98277],[-104.95686,21.98431],[-104.95509,21.98628],[-104.95338,21.98603],[-104.95099,21.98782],[-104.94847,21.9925],[-104.9489,21.99507],[-104.95162,21.99837],[-104.96017,22.00269],[-104.96607,22.00687],[-104.96875,22.01032],[-104.9689,22.01363],[-104.96741,22.01535],[-104.96547,22.01558],[-104.96083,22.01335],[-104.95663,22.01332],[-104.95309,22.01579],[-104.95227,22.0182],[-104.95423,22.02266],[-104.95454,22.02586],[-104.95365,22.02816],[-104.95189,22.02934],[-104.94583,22.0284],[-104.94142,22.02886],[-104.93899,22.03113],[-104.93783,22.03347],[-104.93946,22.03948],[-104.9375,22.04139],[-104.93516,22.04119],[-104.93096,22.04337],[-104.92909,22.04647],[-104.92852,22.04909],[-104.9306,22.05668],[-104.93284,22.06003],[-104.93993,22.06377],[-104.94423,22.06362],[-104.94795,22.06815],[-104.94813,22.07061],[-104.94665,22.07297],[-104.94567,22.07694],[-104.94836,22.08023],[-104.9506,22.08153],[-104.95164,22.08679],[-104.94806,22.09365],[-104.94624,22.09509],[-104.94386,22.10155],[-104.9456,22.10671],[-104.94777,22.10828],[-104.95442,22.12008],[-104.95549,22.12693],[-104.95813,22.13306],[-104.96606,22.1421],[-104.96561,22.14511],[-104.96345,22.14685],[-104.96149,22.15152],[-104.96008,22.15289],[-104.961,22.15639],[-104.96271,22.15722],[-104.96639,22.15618],[-104.96806,22.15011],[-104.96849,22.14954],[-104.97083,22.14986],[-104.97412,22.15295],[-104.97408,22.1568],[-104.97545,22.15936],[-104.98367,22.16614],[-104.9874,22.17265],[-104.98661,22.17812],[-104.98188,22.18722],[-104.98601,22.19677],[-104.98529,22.1996],[-104.98271,22.20297],[-104.98251,22.20711],[-104.98587,22.2115],[-104.99068,22.21464],[-104.99512,22.21567],[-104.99843,22.21411],[-105.00205,22.21713],[-105.00783,22.21834],[-105.00904,22.2202],[-105.00798,22.22349],[-105.01356,22.22987],[-105.01356,22.23269],[-105.01128,22.23793],[-105.01137,22.24445],[-105.00999,22.25156],[-105.01035,22.25445],[-105.00889,22.25767],[-105.00827,22.26233],[-105.01137,22.26929],[-105.01763,22.27343],[-105.02121,22.28113],[-105.02064,22.28549],[-105.02335,22.28814],[-105.0243,22.287],[-105.02499,22.288],[-105.02534,22.28997],[-105.0218,22.29663],[-105.02048,22.30216],[-105.02397,22.30564],[-105.02866,22.30702],[-105.03153,22.30764],[-105.04006,22.30611],[-105.04213,22.30692],[-105.04712,22.31848],[-105.04714,22.32245],[-105.04571,22.32537],[-105.05147,22.33048],[-105.05008,22.33223],[-105.04772,22.33244],[-105.04648,22.33362],[-105.04413,22.33752],[-105.04266,22.34296],[-105.03937,22.34603],[-105.03729,22.34964],[-105.03628,22.35353],[-105.03696,22.35583],[-105.03288,22.36165],[-105.03269,22.3696],[-105.03061,22.37078],[-105.0289,22.37042],[-105.02238,22.37194],[-105.02181,22.3734],[-105.02346,22.37547],[-105.02453,22.37895],[-105.02705,22.37889],[-105.02831,22.37794],[-105.03002,22.37891],[-105.03042,22.38197],[-105.02899,22.38495],[-105.03212,22.38829],[-105.03352,22.39205],[-105.0337,22.39932],[-105.03175,22.4025],[-105.03187,22.40503],[-105.03573,22.40768],[-105.0363,22.40944],[-105.03554,22.41336],[-105.03371,22.4162],[-105.03402,22.41719],[-105.03908,22.42102],[-105.04005,22.4245],[-105.04365,22.42735],[-105.0453,22.42754],[-105.04923,22.42506],[-105.05313,22.42744],[-105.05418,22.42736],[-105.0541,22.42835],[-105.05079,22.43138],[-105.04643,22.43275],[-105.04329,22.43582],[-105.03944,22.44089],[-105.03831,22.44732],[-105.03524,22.45003],[-105.03289,22.4508],[-105.02826,22.45018],[-105.02786,22.45511],[-105.02528,22.45754],[-105.0252,22.45907],[-105.02333,22.4604],[-105.0187,22.46137],[-105.01502,22.46333],[-105.01038,22.46329],[-105.00503,22.46066],[-105.00173,22.45759],[-104.99626,22.45607],[-104.99292,22.46241],[-104.99335,22.46511],[-104.99387,22.46606],[-104.99728,22.46764],[-105.0012,22.47208],[-105.00051,22.47776],[-105.0031,22.47934],[-105.0058,22.47986],[-105.00626,22.48327],[-105.00462,22.48734],[-105.00238,22.48965],[-104.99752,22.48795],[-104.99522,22.48576],[-104.9902,22.48608],[-104.98826,22.48454],[-104.98791,22.49873],[-105.00755,22.58567],[-105.07237,22.6565],[-105.08612,22.61479],[-105.11583,22.61438],[-105.09743,22.58574],[-105.10126,22.58625],[-105.10277,22.58335],[-105.10704,22.58197],[-105.10983,22.57492],[-105.11173,22.57269],[-105.11162,22.57081],[-105.11251,22.56937],[-105.11525,22.56746],[-105.11836,22.56746],[-105.12013,22.56871],[-105.12124,22.56851],[-105.12248,22.56434],[-105.1281,22.56584],[-105.13942,22.55977],[-105.14378,22.56066],[-105.14433,22.5602],[-105.14909,22.56165],[-105.15208,22.56421],[-105.15479,22.5607],[-105.15654,22.55612],[-105.16128,22.55367],[-105.16194,22.5512],[-105.16518,22.54871],[-105.17156,22.5461],[-105.17141,22.54507],[-105.17295,22.54387],[-105.1734,22.54113],[-105.17547,22.53985],[-105.17621,22.53831],[-105.18267,22.53912],[-105.18506,22.53849],[-105.19321,22.53873],[-105.19675,22.53767],[-105.19972,22.53862],[-105.2029,22.53718],[-105.20481,22.53838],[-105.20845,22.54199],[-105.20907,22.54507],[-105.21145,22.54443],[-105.21129,22.546],[-105.21299,22.54623],[-105.21349,22.54738],[-105.21476,22.54787],[-105.21428,22.54901],[-105.21595,22.54917],[-105.21592,22.55003],[-105.21852,22.55146],[-105.2196,22.55452],[-105.22243,22.55559],[-105.22557,22.55984],[-105.22725,22.56032],[-105.22816,22.55795],[-105.23045,22.55871],[-105.24558,22.58738],[-105.26813,22.58371],[-105.26836,22.56869],[-105.28947,22.56904],[-105.32398,22.57134],[-105.32465,22.56701],[-105.34828,22.56849],[-105.35611,22.56806],[-105.3584,22.56681],[-105.36454,22.56669],[-105.36635,22.56582],[-105.38329,22.56531],[-105.40325,22.62373],[-105.40554,22.65594],[-105.44797,22.66079],[-105.45333,22.66065],[-105.4526,22.66164],[-105.45374,22.66275],[-105.45474,22.66574],[-105.45677,22.66537],[-105.46025,22.66322],[-105.46073,22.66369],[-105.45908,22.66046],[-105.49806,22.65139],[-105.51151,22.68525],[-105.52289,22.72433],[-105.51526,22.73947],[-105.51408,22.75933],[-105.51937,22.759],[-105.52319,22.77308],[-105.52469,22.77517],[-105.52258,22.77557],[-105.52117,22.77268],[-105.51991,22.77277],[-105.51924,22.77603],[-105.51792,22.77721],[-105.51651,22.78056],[-105.51912,22.78389],[-105.51656,22.78445],[-105.51495,22.78572],[-105.51444,22.7868],[-105.51499,22.78788],[-105.51159,22.78906],[-105.51144,22.79091],[-105.50916,22.79223],[-105.50898,22.7944],[-105.51083,22.79349],[-105.51131,22.79404],[-105.51118,22.79691],[-105.50821,22.79811],[-105.50646,22.79775],[-105.50521,22.80308],[-105.50629,22.80416],[-105.50561,22.80588],[-105.50495,22.80651],[-105.50279,22.80632],[-105.50209,22.81011],[-105.50049,22.80942],[-105.49891,22.81114],[-105.49497,22.81052],[-105.4949,22.81298],[-105.49648,22.81404],[-105.49337,22.81523],[-105.49431,22.81687],[-105.49586,22.81736],[-105.49285,22.82136],[-105.49341,22.82616],[-105.49019,22.82444],[-105.48775,22.82601],[-105.48878,22.82961],[-105.48703,22.83043],[-105.48659,22.83163],[-105.48771,22.83095],[-105.48825,22.83234],[-105.4857,22.83526],[-105.48585,22.83727],[-105.48721,22.83815],[-105.4872,22.83911],[-105.48196,22.84209],[-105.47918,22.84199],[-105.47866,22.84616],[-105.47652,22.84798],[-105.47692,22.84996],[-105.47523,22.84992],[-105.47472,22.85175],[-105.47742,22.85421],[-105.48358,22.85743],[-105.4842,22.8587],[-105.47533,22.88062],[-105.47122,22.88329],[-105.49865,22.93356],[-105.4961,22.93422],[-105.50126,22.95856],[-105.45331,22.9774],[-105.43259,23.02397],[-105.40895,23.02364],[-105.40965,23.02543],[-105.40914,23.02692],[-105.41081,23.02738],[-105.41168,23.03036],[-105.41155,23.03461],[-105.41316,23.03705],[-105.41013,23.03908],[-105.41157,23.04116],[-105.40986,23.04436],[-105.41205,23.04827],[-105.41138,23.05077],[-105.41209,23.05373],[-105.41132,23.0552],[-105.41176,23.05627],[-105.4104,23.0601],[-105.41155,23.06049],[-105.41119,23.06228],[-105.41311,23.06429],[-105.41217,23.06665],[-105.4122,23.06781],[-105.41377,23.06839],[-105.413,23.0741],[-105.39246,23.08444],[-105.38738,23.08179],[-105.38542,23.08156],[-105.38591,23.08331],[-105.38498,23.0845],[-105.38306,23.0831],[-105.38357,23.08174],[-105.38162,23.08222],[-105.38044,23.08166],[-105.37977,23.08057],[-105.3806,23.07907],[-105.37847,23.07801],[-105.37545,23.07904],[-105.37372,23.07703],[-105.37162,23.07669],[-105.37066,23.07492],[-105.3672,23.0739],[-105.36568,23.07404],[-105.36448,23.07524],[-105.36131,23.0734],[-105.35832,23.07392],[-105.35739,23.07142],[-105.35481,23.07291],[-105.34375,23.07462],[-105.32712,23.08521],[-105.31781,23.09553],[-105.30525,23.10028],[-105.30009,23.11281],[-105.29582,23.12601],[-105.28765,23.14251],[-105.27615,23.15034],[-105.2683,23.15453],[-105.26658,23.16055],[-105.26857,23.16556],[-105.26917,23.16981],[-105.27493,23.18141],[-105.27455,23.18602],[-105.28067,23.19221],[-105.28612,23.19601],[-105.28373,23.21032],[-105.28744,23.22427],[-105.28585,23.23028],[-105.28964,23.23273],[-105.29513,23.23836],[-105.29762,23.24337],[-105.29425,23.25321],[-105.2982,23.25658],[-105.30261,23.2689],[-105.303,23.27959],[-105.2956,23.29239],[-105.28698,23.30097],[-105.28199,23.30073],[-105.27569,23.29776],[-105.27009,23.30271],[-105.27035,23.30834],[-105.26562,23.31338],[-105.2584,23.31825],[-105.25,23.32107],[-105.2444,23.32613],[-105.24051,23.33506],[-105.23871,23.34292],[-105.24254,23.35192],[-105.24178,23.35654],[-105.23494,23.3622],[-105.22958,23.36185],[-105.22489,23.36862],[-105.22568,23.37562],[-105.22076,23.38848],[-105.22169,23.41629],[-105.21492,23.41999],[-105.2135,23.42905],[-105.21013,23.43803],[-105.20337,23.44196],[-105.19097,23.4444],[-105.17727,23.44491],[-105.17232,23.44122],[-105.16458,23.44069],[-105.15968,23.43354],[-105.14087,23.4391],[-105.13365,23.43947],[-105.13198,23.43226],[-105.11866,23.43265],[-105.10824,23.4401],[-105.1033,23.44733],[-105.09023,23.45311],[-105.07863,23.45276],[-105.07089,23.45763],[-105.06932,23.45973],[-105.06622,23.46036],[-105.06211,23.45527],[-105.05868,23.45752],[-105.05582,23.46321],[-105.05253,23.46638],[-105.04842,23.46129],[-105.04187,23.46383],[-105.04219,23.46659],[-105.03999,23.47126],[-105.03425,23.47586],[-105.03298,23.48514],[-105.03295,23.49565],[-105.01711,23.50961],[-105.00044,23.50148],[-104.97832,23.51354],[-104.90128,23.53891],[-104.85009,23.54735],[-104.86125,23.49695],[-104.83888,23.48202],[-104.82301,23.47994],[-104.83197,23.40498],[-104.80982,23.3975],[-104.81248,23.48333],[-104.78951,23.48323],[-104.72921,23.48595],[-104.72809,23.50994],[-104.71598,23.5058],[-104.71526,23.50621],[-104.68328,23.48159],[-104.6732,23.47852],[-104.65211,23.49729],[-104.6626,23.50455],[-104.64981,23.5147],[-104.66911,23.53246],[-104.59673,23.57359],[-104.57007,23.55451],[-104.56613,23.56128],[-104.56086,23.5665],[-104.55336,23.58295],[-104.52206,23.63553],[-104.51785,23.63068],[-104.5166,23.62687],[-104.52568,23.60601],[-104.51599,23.60354],[-104.4903,23.60454],[-104.49032,23.60984],[-104.48655,23.61012],[-104.46434,23.60486],[-104.44536,23.6093],[-104.44667,23.61889],[-104.46073,23.62064],[-104.46419,23.62029],[-104.46465,23.62282],[-104.46603,23.62172],[-104.47399,23.61917],[-104.48107,23.6198],[-104.49049,23.61854],[-104.50143,23.63822],[-104.48655,23.63594],[-104.48411,23.64297],[-104.48861,23.65833],[-104.48251,23.65779],[-104.47846,23.65929],[-104.47756,23.65837],[-104.47708,23.65911],[-104.47482,23.65871],[-104.46821,23.66035],[-104.46593,23.65838],[-104.466,23.65731],[-104.46351,23.6574],[-104.46264,23.65527],[-104.46138,23.6554],[-104.46095,23.65397],[-104.4581,23.65344],[-104.45831,23.65184],[-104.45655,23.65157],[-104.45571,23.6504],[-104.45446,23.65098],[-104.45114,23.6503],[-104.44788,23.65157],[-104.44685,23.65031],[-104.4474,23.64933],[-104.44669,23.64471],[-104.41035,23.66435],[-104.41458,23.67783],[-104.41633,23.67823],[-104.41652,23.68054],[-104.41948,23.68161],[-104.42029,23.68366],[-104.42394,23.68543],[-104.42216,23.68857],[-104.42442,23.68842],[-104.42497,23.68939],[-104.42683,23.68775],[-104.42869,23.68762],[-104.42983,23.68922],[-104.4319,23.68848],[-104.43436,23.68912],[-104.43521,23.69044],[-104.43891,23.69126],[-104.43993,23.69231],[-104.4418,23.69156],[-104.44591,23.68763],[-104.45381,23.68742],[-104.45742,23.68649],[-104.46002,23.68412],[-104.46517,23.6827],[-104.46721,23.68098],[-104.4698,23.68017],[-104.47339,23.6803],[-104.47668,23.68196],[-104.47673,23.68553],[-104.4998,23.70627],[-104.5099,23.70487],[-104.51634,23.69519],[-104.52807,23.70167],[-104.54132,23.70615],[-104.51852,23.72214],[-104.51873,23.72615],[-104.54472,23.73889],[-104.53915,23.76873],[-104.52966,23.76153],[-104.52275,23.76093],[-104.51151,23.75201]]]]}},{"type":"Feature","properties":{"nombre":"Istmo"},"geometry":{"type":"MultiPolygon","coordinates":[[[[-95.57531,15.94151],[-95.57435,15.94127],[-95.57489,15.94015],[-95.57503,15.94088],[-95.57627,15.94053],[-95.57614,15.94139],[-95.57531,15.94151]]],[[[-94.95624,16.99593],[-94.95083,16.99295],[-94.9445,16.98775],[-94.94453,16.98243],[-94.94778,16.98208],[-94.94937,16.97983],[-94.95637,16.97934],[-94.95768,16.97835],[-94.95445,16.9733],[-94.95506,16.97095],[-94.9542,16.97],[-94.95076,16.97342],[-94.94931,16.97697],[-94.94838,16.97756],[-94.94713,16.97683],[-94.94714,16.97119],[-94.94431,16.96394],[-94.94471,16.96139],[-94.94435,16.9606],[-94.94143,16.95957],[-94.9409,16.95754],[-94.943,16.95503],[-94.94417,16.95487],[-94.94552,16.95609],[-94.94614,16.95569],[-94.94681,16.95279],[-94.9498,16.95099],[-94.95085,16.94945],[-94.94849,16.94357],[-94.94306,16.93998],[-94.9438,16.93774],[-94.94784,16.93604],[-94.94887,16.93462],[-94.95245,16.93555],[-94.95569,16.93435],[-94.9557,16.93179],[-94.95408,16.92971],[-94.95358,16.92761],[-94.9552,16.92614],[-94.96119,16.92392],[-94.96546,16.92355],[-94.96906,16.92736],[-94.97106,16.92794],[-94.98092,16.92101],[-94.98366,16.92259],[-94.98535,16.92461],[-94.98612,16.92807],[-94.98799,16.93039],[-94.99116,16.93165],[-94.99299,16.93156],[-94.99694,16.92951],[-94.99766,16.92691],[-95.00065,16.92681],[-95.00264,16.92282],[-95.01137,16.91852],[-95.01196,16.91708],[-95.01122,16.91243],[-95.01438,16.91311],[-95.01599,16.91003],[-95.01864,16.90789],[-95.02218,16.90783],[-95.02779,16.90589],[-95.03042,16.90363],[-95.03635,16.90556],[-95.04622,16.90312],[-95.046,16.89909],[-95.03733,16.89925],[-95.0332,16.90056],[-95.03374,16.89965],[-95.03299,16.89928],[-95.03297,16.89711],[-95.03553,16.89496],[-95.0351,16.89311],[-95.02977,16.89119],[-95.02814,16.8892],[-95.02481,16.88936],[-95.0223,16.88806],[-95.02575,16.88593],[-95.01759,16.88764],[-95.01427,16.88742],[-95.01812,16.8849],[-95.01688,16.88184],[-95.01532,16.88168],[-95.01595,16.87895],[-95.02079,16.87943],[-95.02635,16.87821],[-95.02855,16.87848],[-95.0282,16.88107],[-95.03181,16.88169],[-95.04896,16.8898],[-95.04968,16.88661],[-95.04878,16.88601],[-95.04932,16.88531],[-95.04793,16.88453],[-95.04824,16.8839],[-95.04956,16.88421],[-95.04998,16.88317],[-95.05104,16.87613],[-95.05049,16.87606],[-95.051,16.87243],[-95.04915,16.87214],[-95.0498,16.86803],[-95.05213,16.8683],[-95.05262,16.86516],[-95.05142,16.86494],[-95.05182,16.86169],[-95.05069,16.86156],[-95.05064,16.85975],[-95.05278,16.85849],[-95.05385,16.8605],[-95.05584,16.86048],[-95.0565,16.86235],[-95.06025,16.86129],[-95.06187,16.85639],[-95.06004,16.85338],[-95.05993,16.85172],[-95.06274,16.84896],[-95.0635,16.84454],[-95.0626,16.84271],[-95.06391,16.8383],[-95.06383,16.83537],[-95.05943,16.83646],[-95.05585,16.83604],[-95.0517,16.83514],[-95.05024,16.83306],[-95.0476,16.83665],[-95.04688,16.83943],[-95.04471,16.84143],[-95.04441,16.84416],[-95.03946,16.84713],[-95.03859,16.84869],[-95.03524,16.84966],[-95.033,16.84919],[-95.03124,16.8508],[-95.02874,16.85027],[-95.02477,16.8544],[-95.02565,16.85711],[-95.01723,16.84805],[-95.00639,16.84812],[-95.00018,16.85124],[-94.99862,16.85031],[-94.9948,16.84994],[-94.99388,16.85311],[-94.98865,16.85443],[-94.98933,16.85849],[-94.98526,16.86112],[-94.98289,16.85969],[-94.98251,16.85744],[-94.97651,16.85931],[-94.97544,16.85873],[-94.97384,16.85984],[-94.97184,16.85957],[-94.97032,16.86251],[-94.97368,16.86856],[-94.9722,16.87032],[-94.96508,16.8709],[-94.96422,16.86873],[-94.96237,16.86691],[-94.95901,16.86795],[-94.95765,16.8675],[-94.95562,16.86808],[-94.9549,16.87024],[-94.95165,16.87292],[-94.95067,16.87504],[-94.94786,16.87695],[-94.94173,16.87842],[-94.93249,16.87733],[-94.93485,16.88168],[-94.93532,16.88522],[-94.93723,16.88962],[-94.93436,16.88985],[-94.92831,16.88707],[-94.92292,16.88661],[-94.92095,16.88469],[-94.91938,16.87929],[-94.91772,16.87876],[-94.9159,16.88009],[-94.91207,16.88726],[-94.9034,16.89724],[-94.89984,16.89818],[-94.89671,16.89769],[-94.89327,16.89504],[-94.8911,16.89447],[-94.88789,16.89054],[-94.89199,16.8839],[-94.8892,16.88204],[-94.88928,16.87966],[-94.89146,16.88011],[-94.8934,16.88211],[-94.89559,16.88194],[-94.89623,16.88132],[-94.89458,16.8801],[-94.89507,16.8786],[-94.90126,16.87322],[-94.89969,16.87058],[-94.89763,16.87071],[-94.89569,16.86511],[-94.89621,16.86354],[-94.89798,16.86196],[-94.90073,16.8613],[-94.90173,16.85952],[-94.90219,16.85838],[-94.90056,16.85453],[-94.90256,16.85006],[-94.89535,16.84756],[-94.89567,16.84494],[-94.89506,16.84393],[-94.88638,16.83652],[-94.88606,16.83327],[-94.88409,16.83],[-94.87832,16.82618],[-94.87659,16.82296],[-94.87262,16.81941],[-94.87144,16.81549],[-94.86837,16.81726],[-94.86668,16.81233],[-94.86508,16.81234],[-94.86283,16.81382],[-94.86092,16.80996],[-94.85971,16.80986],[-94.85747,16.80783],[-94.8543,16.80805],[-94.85448,16.80118],[-94.85189,16.79896],[-94.8519,16.79718],[-94.84981,16.79426],[-94.84648,16.79678],[-94.84358,16.80238],[-94.84338,16.81016],[-94.84219,16.80992],[-94.84097,16.81193],[-94.83613,16.81171],[-94.83459,16.81453],[-94.83315,16.81391],[-94.83367,16.81268],[-94.83185,16.8126],[-94.83108,16.81159],[-94.83046,16.8077],[-94.82847,16.80774],[-94.828,16.80559],[-94.82509,16.80699],[-94.82358,16.80449],[-94.81982,16.80559],[-94.81965,16.80411],[-94.81834,16.80473],[-94.81773,16.80425],[-94.81791,16.79892],[-94.81631,16.79833],[-94.817,16.79532],[-94.81613,16.79329],[-94.81319,16.7936],[-94.81216,16.79087],[-94.80899,16.78828],[-94.808,16.78511],[-94.80739,16.78512],[-94.80898,16.78203],[-94.81041,16.77517],[-94.81116,16.77283],[-94.82148,16.77083],[-94.83544,16.74863],[-94.83517,16.74394],[-94.82245,16.72576],[-94.82698,16.70531],[-94.81152,16.68845],[-94.81361,16.67036],[-94.82988,16.67068],[-94.84459,16.63839],[-94.84897,16.63117],[-94.83432,16.61904],[-94.79807,16.61575],[-94.80034,16.6093],[-94.79512,16.6087],[-94.80631,16.59287],[-94.80327,16.57096],[-94.80405,16.56314],[-94.80853,16.54997],[-94.812,16.53562],[-94.81445,16.51925],[-94.80399,16.51594],[-94.79216,16.51087],[-94.78817,16.51002],[-94.78521,16.5077],[-94.76087,16.50482],[-94.75375,16.50179],[-94.7418,16.49843],[-94.73568,16.49281],[-94.72772,16.48887],[-94.72432,16.48509],[-94.72489,16.48184],[-94.72775,16.4799],[-94.73267,16.47922],[-94.73281,16.47677],[-94.7365,16.47813],[-94.73833,16.47756],[-94.74563,16.46733],[-94.74795,16.45882],[-94.74862,16.45842],[-94.74915,16.45911],[-94.75849,16.45789],[-94.76181,16.45709],[-94.76364,16.45535],[-94.76722,16.45593],[-94.76915,16.45331],[-94.77113,16.45211],[-94.77186,16.45202],[-94.77344,16.45392],[-94.77492,16.45366],[-94.77518,16.45559],[-94.77635,16.45351],[-94.77864,16.45384],[-94.77976,16.45243],[-94.78073,16.45353],[-94.78187,16.45358],[-94.78141,16.44784],[-94.78455,16.44865],[-94.78432,16.44632],[-94.78888,16.4461],[-94.77406,16.43783],[-94.76947,16.43035],[-94.76763,16.4216],[-94.76599,16.41893],[-94.76572,16.40678],[-94.76414,16.40207],[-94.75612,16.40643],[-94.75451,16.40982],[-94.73193,16.41602],[-94.7173,16.43172],[-94.70816,16.44443],[-94.68797,16.44273],[-94.65355,16.43587],[-94.64166,16.43519],[-94.62654,16.40895],[-94.5796,16.41171],[-94.58028,16.39954],[-94.57946,16.39624],[-94.57338,16.39607],[-94.57302,16.39682],[-94.57148,16.39702],[-94.57141,16.39305],[-94.56763,16.39329],[-94.56688,16.38868],[-94.57268,16.36801],[-94.55221,16.3606],[-94.53223,16.36155],[-94.51351,16.36466],[-94.5091,16.34334],[-94.5077,16.34354],[-94.50752,16.34127],[-94.49472,16.34981],[-94.4907,16.35101],[-94.48929,16.35076],[-94.48844,16.34946],[-94.48606,16.34074],[-94.48968,16.33786],[-94.49116,16.33562],[-94.49233,16.32649],[-94.48868,16.32181],[-94.49356,16.31756],[-94.49546,16.31192],[-94.49746,16.31086],[-94.49415,16.30647],[-94.49633,16.30607],[-94.51048,16.29683],[-94.51318,16.30022],[-94.51076,16.30519],[-94.51125,16.30762],[-94.50939,16.30909],[-94.50993,16.31054],[-94.51159,16.31026],[-94.51343,16.31229],[-94.51575,16.3127],[-94.51668,16.31109],[-94.51421,16.30898],[-94.51437,16.30759],[-94.51924,16.30543],[-94.52297,16.30582],[-94.52344,16.30238],[-94.52491,16.29934],[-94.52853,16.3002],[-94.52954,16.29835],[-94.53207,16.29726],[-94.5365,16.29923],[-94.5416,16.29907],[-94.54314,16.30146],[-94.54405,16.30114],[-94.54424,16.29864],[-94.54316,16.29692],[-94.54451,16.2926],[-94.54984,16.29436],[-94.55308,16.29459],[-94.55605,16.28997],[-94.55873,16.28942],[-94.56029,16.28742],[-94.56218,16.28667],[-94.56237,16.28548],[-94.56197,16.28352],[-94.55754,16.27848],[-94.55603,16.27833],[-94.55885,16.28036],[-94.55657,16.28191],[-94.55651,16.28042],[-94.55391,16.27893],[-94.55764,16.26645],[-94.55877,16.25972],[-94.55516,16.26285],[-94.55112,16.26887],[-94.54926,16.27422],[-94.54863,16.28065],[-94.54752,16.2835],[-94.53576,16.28142],[-94.53395,16.28301],[-94.53341,16.28214],[-94.53642,16.27534],[-94.53603,16.27062],[-94.53361,16.26834],[-94.53269,16.26966],[-94.53293,16.27245],[-94.52592,16.28181],[-94.51008,16.25446],[-94.50503,16.25073],[-94.50475,16.24041],[-94.49499,16.2307],[-94.49344,16.23067],[-94.49326,16.22575],[-94.46498,16.22568],[-94.46397,16.24764],[-94.4456,16.24573],[-94.44136,16.25103],[-94.42905,16.2632],[-94.43376,16.2686],[-94.43178,16.27575],[-94.4333,16.28087],[-94.44566,16.28244],[-94.44462,16.27128],[-94.45074,16.27126],[-94.45135,16.28319],[-94.46203,16.28473],[-94.46153,16.29887],[-94.45104,16.29856],[-94.44771,16.30823],[-94.44406,16.30773],[-94.443,16.30898],[-94.44097,16.30919],[-94.43948,16.3135],[-94.44194,16.31614],[-94.44325,16.31522],[-94.44547,16.31658],[-94.44394,16.31796],[-94.4472,16.31922],[-94.44738,16.32325],[-94.4484,16.32417],[-94.45171,16.32368],[-94.45468,16.32474],[-94.45323,16.32722],[-94.45337,16.32911],[-94.45704,16.33273],[-94.45987,16.33352],[-94.46036,16.33437],[-94.46048,16.3356],[-94.45906,16.33824],[-94.45791,16.33909],[-94.45446,16.33893],[-94.45341,16.33989],[-94.45496,16.34374],[-94.45726,16.34472],[-94.45978,16.34268],[-94.46009,16.3402],[-94.4656,16.33935],[-94.46491,16.34412],[-94.46292,16.34897],[-94.46293,16.3541],[-94.4256,16.35548],[-94.42157,16.35303],[-94.41094,16.35327],[-94.40708,16.34761],[-94.42128,16.28377],[-94.41478,16.28545],[-94.41392,16.28353],[-94.41729,16.27856],[-94.41807,16.27423],[-94.41597,16.27188],[-94.41379,16.27457],[-94.41303,16.27371],[-94.41256,16.2723],[-94.41325,16.26763],[-94.41535,16.26604],[-94.41229,16.26237],[-94.4066,16.25852],[-94.40687,16.25775],[-94.40911,16.25743],[-94.40922,16.25556],[-94.41115,16.25299],[-94.41074,16.2499],[-94.41354,16.25051],[-94.41381,16.24895],[-94.41576,16.2488],[-94.41494,16.24764],[-94.41576,16.2417],[-94.41386,16.24096],[-94.40989,16.23748],[-94.40892,16.23559],[-94.41195,16.23482],[-94.41323,16.23674],[-94.41812,16.23828],[-94.42273,16.23727],[-94.42514,16.23944],[-94.4232,16.24138],[-94.42391,16.24349],[-94.42736,16.2451],[-94.42748,16.24623],[-94.43133,16.2474],[-94.43012,16.24603],[-94.43077,16.24466],[-94.43436,16.24514],[-94.43719,16.24104],[-94.44107,16.2403],[-94.4414,16.23955],[-94.44004,16.23966],[-94.43946,16.23868],[-94.44043,16.23738],[-94.44349,16.23641],[-94.4415,16.23399],[-94.43972,16.23347],[-94.43981,16.23143],[-94.4414,16.22986],[-94.43996,16.22705],[-94.43515,16.22748],[-94.42909,16.22577],[-94.4249,16.22572],[-94.4051,16.22182],[-94.39453,16.21878],[-94.391,16.21698],[-94.38673,16.21303],[-94.38651,16.21191],[-94.38979,16.21066],[-94.39537,16.2159],[-94.40711,16.21977],[-94.42881,16.22161],[-94.4368,16.22143],[-94.43597,16.22031],[-94.4362,16.21903],[-94.43776,16.21795],[-94.44317,16.21666],[-94.44387,16.21515],[-94.43887,16.21361],[-94.42856,16.20597],[-94.42315,16.19993],[-94.42327,16.19867],[-94.4212,16.19654],[-94.42032,16.19687],[-94.41729,16.19522],[-94.41183,16.19461],[-94.40424,16.18872],[-94.40016,16.1878],[-94.39927,16.18452],[-94.39811,16.18336],[-94.39443,16.18324],[-94.3915,16.18058],[-94.38813,16.17925],[-94.39051,16.17809],[-94.39481,16.18029],[-94.39518,16.17919],[-94.39333,16.17741],[-94.39796,16.17947],[-94.39728,16.17777],[-94.39117,16.17568],[-94.38737,16.17629],[-94.38509,16.17523],[-94.38285,16.17606],[-94.37953,16.17404],[-94.36665,16.17074],[-94.36483,16.17157],[-94.36755,16.17242],[-94.36389,16.17332],[-94.35874,16.17026],[-94.3573,16.17068],[-94.34998,16.16948],[-94.33769,16.16511],[-94.3339,16.16598],[-94.33349,16.16465],[-94.32934,16.16314],[-94.32741,16.16157],[-94.28924,16.1452],[-94.28252,16.1432],[-94.27326,16.14281],[-94.24935,16.14661],[-94.22032,16.13786],[-94.21696,16.13563],[-94.20667,16.14962],[-94.20293,16.15306],[-94.19918,16.15194],[-94.18977,16.14591],[-94.1881,16.14554],[-94.18534,16.14271],[-94.18355,16.14294],[-94.18105,16.14168],[-94.17724,16.13943],[-94.17591,16.13699],[-94.17151,16.13466],[-94.16929,16.13564],[-94.16472,16.13208],[-94.16014,16.13002],[-94.1577,16.12676],[-94.15396,16.12477],[-94.15304,16.12315],[-94.10642,16.15089],[-94.10528,16.14986],[-94.10276,16.14252],[-94.03936,16.03007],[-94.03944,16.02712],[-94.03726,16.02521],[-94.03601,16.02209],[-94.01578,16.0129],[-94.01366,16.01083],[-94.00943,16.0092],[-94.00441,16.00856],[-94.00303,16.00725],[-94.00022,16.00659],[-94.00022,16.00309],[-94.03338,16.01709],[-94.09115,16.04364],[-94.17702,16.08576],[-94.20237,16.09678],[-94.27328,16.12327],[-94.34004,16.14516],[-94.38405,16.15827],[-94.42736,16.16984],[-94.48006,16.18169],[-94.54005,16.19187],[-94.69976,16.20991],[-94.7153,16.21042],[-94.72514,16.20803],[-94.74369,16.20814],[-94.77357,16.212],[-94.83185,16.21454],[-94.86444,16.21409],[-94.90432,16.21025],[-94.9283,16.20693],[-95.0277,16.1884],[-95.04344,16.18598],[-95.07013,16.18336],[-95.11371,16.18762],[-95.14234,16.18865],[-95.15226,16.18544],[-95.15716,16.17935],[-95.15687,16.17708],[-95.15565,16.17671],[-95.1559,16.17462],[-95.15514,16.17316],[-95.15181,16.17069],[-95.15166,16.16795],[-95.1596,16.16666],[-95.15981,16.16578],[-95.16194,16.16517],[-95.16527,16.16621],[-95.16881,16.16448],[-95.17138,16.16615],[-95.18233,16.16887],[-95.1923,16.1674],[-95.1952,16.1615],[-95.1971,16.1611],[-95.1978,16.1601],[-95.19795,16.15032],[-95.20263,16.1457],[-95.1983,16.15033],[-95.19829,16.15991],[-95.20892,16.15988],[-95.20963,16.15448],[-95.20997,16.15948],[-95.21223,16.15937],[-95.21226,16.15819],[-95.21294,16.15819],[-95.21326,16.15289],[-95.2133,16.15795],[-95.21494,16.15856],[-95.22387,16.15948],[-95.23321,16.15828],[-95.23645,16.15614],[-95.23723,16.15401],[-95.24025,16.15269],[-95.24801,16.14715],[-95.24928,16.14448],[-95.24951,16.13862],[-95.24927,16.13678],[-95.24625,16.135],[-95.24749,16.13334],[-95.26692,16.13033],[-95.27215,16.12777],[-95.28104,16.12047],[-95.28131,16.11771],[-95.27862,16.11265],[-95.27854,16.11088],[-95.27652,16.10831],[-95.27539,16.10799],[-95.27566,16.1074],[-95.27651,16.10801],[-95.27888,16.10636],[-95.28454,16.10429],[-95.28604,16.10244],[-95.2862,16.10098],[-95.28928,16.10139],[-95.30165,16.09955],[-95.3054,16.09749],[-95.30554,16.09435],[-95.33191,16.08988],[-95.33999,16.08727],[-95.35041,16.08164],[-95.35465,16.07852],[-95.3605,16.07257],[-95.37166,16.05575],[-95.37552,16.05111],[-95.37804,16.04635],[-95.37813,16.04219],[-95.37453,16.03084],[-95.37257,16.02744],[-95.36784,16.0227],[-95.3681,16.02088],[-95.37114,16.01895],[-95.39506,16.01331],[-95.39746,16.01149],[-95.39743,16.0096],[-95.39962,16.00819],[-95.39885,16.00628],[-95.41845,16.0023],[-95.42413,15.99971],[-95.42654,15.99689],[-95.42622,15.9954],[-95.42739,15.99198],[-95.42649,15.99103],[-95.42953,15.98699],[-95.42876,15.98497],[-95.43109,15.98178],[-95.43109,15.98064],[-95.43547,15.97836],[-95.43562,15.9761],[-95.4654,15.97697],[-95.48585,15.97577],[-95.49149,15.97441],[-95.49429,15.97289],[-95.49593,15.96926],[-95.49585,15.9667],[-95.49862,15.96555],[-95.51532,15.96361],[-95.52125,15.96117],[-95.54696,15.96024],[-95.56852,15.95779],[-95.57273,15.9563],[-95.57942,15.95184],[-95.58012,15.94781],[-95.58385,15.94623],[-95.58442,15.94448],[-95.59713,15.94398],[-95.60557,15.94246],[-95.60731,15.94165],[-95.61333,15.93573],[-95.61415,15.93352],[-95.61238,15.93178],[-95.61351,15.93076],[-95.6166,15.93028],[-95.62007,15.92763],[-95.6364,15.92591],[-95.63962,15.92432],[-95.64532,15.92338],[-95.64864,15.92131],[-95.6487,15.91926],[-95.65502,15.91857],[-95.65976,15.91685],[-95.661,15.91533],[-95.66108,15.91298],[-95.66251,15.91242],[-95.68222,15.91162],[-95.70621,15.90883],[-95.74192,15.90187],[-95.76571,15.89639],[-95.77002,15.8946],[-95.77626,15.88988],[-95.78003,15.88475],[-95.78006,15.87998],[-95.77811,15.87532],[-95.77622,15.87416],[-95.77628,15.87191],[-95.77717,15.8711],[-95.80615,15.86936],[-95.80873,15.86878],[-95.81114,15.86677],[-95.83362,15.86372],[-95.8356,15.86304],[-95.83701,15.8612],[-95.84865,15.85932],[-95.85464,15.85619],[-95.87555,15.85245],[-95.88081,15.85019],[-95.88134,15.84777],[-95.88469,15.84454],[-95.88683,15.84471],[-95.89029,15.84281],[-95.89181,15.84307],[-95.92759,15.83673],[-95.94622,15.83208],[-95.96222,15.8262],[-95.96575,15.82264],[-95.96611,15.82109],[-95.96512,15.82016],[-95.97037,15.81702],[-95.98018,15.81376],[-96.00341,15.80814],[-96.01475,15.87011],[-96.00948,15.89937],[-95.98172,15.91958],[-95.96724,15.9375],[-95.99423,15.95418],[-95.98777,15.95415],[-95.99794,15.96578],[-96.00185,16.02557],[-96.01006,16.00354],[-96.03398,16.00483],[-96.05112,15.9938],[-96.05279,16.00047],[-96.05452,16.00173],[-96.05643,16.00549],[-96.0565,16.01134],[-96.05516,16.0143],[-96.05727,16.02087],[-96.0605,16.02735],[-96.06143,16.03815],[-96.04559,16.03683],[-96.0383,16.03989],[-96.03136,16.04739],[-96.01394,16.04298],[-95.99592,16.03341],[-96.02414,16.06513],[-96.02037,16.07604],[-96.03914,16.08768],[-96.05092,16.09174],[-96.08735,16.09787],[-96.0879,16.09254],[-96.0894,16.0942],[-96.09076,16.09392],[-96.09166,16.09479],[-96.09193,16.09763],[-96.11144,16.10692],[-96.11381,16.10904],[-96.11571,16.11233],[-96.11671,16.11218],[-96.1194,16.11423],[-96.11353,16.13931],[-96.10745,16.14678],[-96.08717,16.15618],[-96.10261,16.16255],[-96.13164,16.20158],[-96.16378,16.20818],[-96.17816,16.22339],[-96.17494,16.22862],[-96.17445,16.24351],[-96.18436,16.25855],[-96.20296,16.26794],[-96.20944,16.2739],[-96.21014,16.27945],[-96.19231,16.30099],[-96.1968,16.3136],[-96.19088,16.31828],[-96.19577,16.33371],[-96.19991,16.33816],[-96.20428,16.35585],[-96.22776,16.33605],[-96.23376,16.33554],[-96.25477,16.34442],[-96.26178,16.34653],[-96.26959,16.35383],[-96.27836,16.36427],[-96.28401,16.36727],[-96.28762,16.37355],[-96.29098,16.38222],[-96.29279,16.38961],[-96.29552,16.392],[-96.25388,16.38309],[-96.2398,16.38863],[-96.19898,16.38704],[-96.18716,16.42288],[-96.20318,16.43608],[-96.22608,16.46406],[-96.23142,16.47221],[-96.24739,16.50133],[-96.24696,16.50465],[-96.26827,16.52784],[-96.25946,16.53289],[-96.2432,16.53041],[-96.24664,16.53519],[-96.24572,16.53904],[-96.24799,16.54189],[-96.24955,16.54684],[-96.25584,16.55187],[-96.2441,16.58566],[-96.24804,16.58767],[-96.25504,16.58965],[-96.26168,16.59551],[-96.26195,16.60081],[-96.2568,16.60149],[-96.24243,16.60777],[-96.20188,16.622],[-96.16926,16.56751],[-96.13915,16.57743],[-96.12643,16.58062],[-96.12379,16.58379],[-96.08176,16.62104],[-96.06878,16.63429],[-96.06411,16.6381],[-96.04476,16.63123],[-96.0336,16.63229],[-96.01039,16.65242],[-96.00174,16.65092],[-95.98325,16.65094],[-95.96932,16.6552],[-95.95473,16.65794],[-95.94648,16.66156],[-95.93049,16.67846],[-95.92384,16.69429],[-95.91808,16.70429],[-95.91406,16.72509],[-95.91613,16.73295],[-95.90965,16.74727],[-95.90746,16.73762],[-95.89647,16.74312],[-95.88925,16.74259],[-95.88712,16.74537],[-95.8833,16.7476],[-95.88215,16.74909],[-95.87737,16.74777],[-95.88154,16.76464],[-95.85867,16.77882],[-95.85631,16.77751],[-95.85405,16.77877],[-95.84829,16.7782],[-95.84511,16.77928],[-95.84283,16.77763],[-95.84209,16.77844],[-95.83733,16.79973],[-95.8095,16.83174],[-95.79295,16.85522],[-95.77764,16.88637],[-95.71701,16.88961],[-95.69442,16.87291],[-95.65842,16.90763],[-95.6366,16.8994],[-95.61361,16.8887],[-95.60967,16.8775],[-95.58993,16.88066],[-95.59042,16.87625],[-95.5918,16.87403],[-95.59109,16.87135],[-95.58819,16.86873],[-95.58046,16.86708],[-95.57862,16.86546],[-95.57727,16.86545],[-95.58086,16.8753],[-95.58036,16.88236],[-95.54907,16.90202],[-95.51796,16.89861],[-95.50941,16.89835],[-95.50856,16.90183],[-95.5059,16.90337],[-95.50413,16.90653],[-95.49983,16.90988],[-95.49685,16.90951],[-95.49545,16.91014],[-95.4948,16.91279],[-95.49528,16.91542],[-95.49412,16.91791],[-95.49514,16.92034],[-95.50092,16.92496],[-95.50311,16.92475],[-95.50411,16.92583],[-95.50589,16.92478],[-95.50572,16.92603],[-95.50273,16.92989],[-95.50554,16.93077],[-95.50853,16.93342],[-95.51033,16.93348],[-95.51271,16.93702],[-95.51675,16.9359],[-95.51703,16.93878],[-95.51923,16.93786],[-95.51977,16.93978],[-95.52342,16.9391],[-95.52534,16.9425],[-95.52724,16.94238],[-95.52778,16.94526],[-95.52971,16.94371],[-95.53146,16.94487],[-95.5303,16.95056],[-95.52685,16.95151],[-95.52537,16.95315],[-95.52167,16.95396],[-95.51656,16.95704],[-95.51449,16.95614],[-95.51242,16.95946],[-95.50649,16.95942],[-95.50253,16.96085],[-95.4976,16.96789],[-95.49842,16.97195],[-95.49465,16.97359],[-95.49326,16.97385],[-95.44835,16.92497],[-95.44072,16.94809],[-95.43278,16.93766],[-95.41691,16.94659],[-95.41678,16.94736],[-95.41227,16.94902],[-95.40837,16.95504],[-95.40719,16.95364],[-95.40747,16.95177],[-95.40639,16.9516],[-95.40689,16.94899],[-95.40612,16.94836],[-95.40095,16.94648],[-95.39437,16.94664],[-95.39341,16.94547],[-95.39208,16.94558],[-95.39026,16.94346],[-95.38626,16.9433],[-95.38288,16.9411],[-95.38166,16.93792],[-95.38161,16.9329],[-95.37879,16.9285],[-95.37757,16.92833],[-95.37605,16.92657],[-95.37169,16.92556],[-95.36863,16.92244],[-95.36593,16.92175],[-95.36279,16.92349],[-95.36239,16.92541],[-95.35989,16.9283],[-95.35614,16.92782],[-95.35504,16.92471],[-95.35388,16.92381],[-95.35062,16.92337],[-95.34867,16.92684],[-95.34696,16.92719],[-95.34386,16.9249],[-95.33993,16.9249],[-95.33948,16.92563],[-95.34116,16.93033],[-95.34376,16.93145],[-95.34411,16.93266],[-95.34586,16.93298],[-95.34841,16.93552],[-95.34143,16.9449],[-95.33683,16.95346],[-95.33352,16.95565],[-95.32403,16.9491],[-95.32195,16.94974],[-95.32109,16.9511],[-95.32315,16.95189],[-95.32061,16.95371],[-95.32248,16.95499],[-95.32091,16.95662],[-95.32215,16.95766],[-95.32205,16.95847],[-95.31972,16.95842],[-95.31851,16.95974],[-95.31741,16.9584],[-95.31749,16.95612],[-95.31559,16.95558],[-95.31423,16.95607],[-95.31358,16.95735],[-95.3158,16.95902],[-95.31494,16.96166],[-95.31603,16.96344],[-95.31619,16.96611],[-95.3162,16.97015],[-95.31503,16.97167],[-95.31541,16.97411],[-95.31464,16.97494],[-95.31652,16.97735],[-95.31198,16.98317],[-95.30932,16.9837],[-95.30601,16.98106],[-95.30214,16.9832],[-95.3017,16.98503],[-95.30079,16.9855],[-95.29632,16.98564],[-95.29402,16.98359],[-95.28966,16.98618],[-95.28823,16.98607],[-95.28636,16.98729],[-95.28349,16.99108],[-95.27243,16.98878],[-95.26771,16.99189],[-95.26643,16.9911],[-95.26456,16.9916],[-95.26367,16.98896],[-95.26003,16.98747],[-95.2586,16.98514],[-95.25564,16.98405],[-95.25201,16.98458],[-95.24808,16.98343],[-95.2459,16.98157],[-95.24414,16.98174],[-95.24296,16.9809],[-95.24131,16.98571],[-95.21772,16.93352],[-95.16999,16.92763],[-95.16371,16.93656],[-95.15353,16.92696],[-95.15416,16.92485],[-95.16608,16.92714],[-95.12096,16.90535],[-95.11382,16.90328],[-95.10543,16.90465],[-95.10362,16.90309],[-95.09869,16.90219],[-95.09751,16.90079],[-95.09823,16.89729],[-95.09598,16.89792],[-95.09394,16.89704],[-95.09152,16.89713],[-95.08647,16.90125],[-95.08508,16.90132],[-95.08455,16.89823],[-95.08354,16.89766],[-95.08223,16.9005],[-95.08057,16.9013],[-95.07941,16.90365],[-95.07442,16.90378],[-95.07254,16.90715],[-95.0675,16.90665],[-95.06352,16.90533],[-95.06091,16.90697],[-95.06011,16.90979],[-95.05939,16.90988],[-95.05805,16.90721],[-95.056,16.90628],[-95.05373,16.90985],[-95.05565,16.91127],[-95.0555,16.91708],[-95.05193,16.9192],[-95.04786,16.91866],[-95.03322,16.92449],[-95.03256,16.9326],[-95.03565,16.93595],[-95.038,16.93682],[-95.04012,16.94034],[-95.03962,16.94356],[-95.03797,16.94385],[-95.03741,16.94493],[-95.03148,16.94043],[-95.02815,16.94072],[-95.02635,16.93813],[-95.0214,16.9343],[-95.01843,16.93417],[-95.01763,16.93825],[-95.01008,16.94409],[-95.01056,16.94563],[-95.01272,16.94726],[-95.00758,16.94623],[-94.99076,16.96012],[-94.98897,16.9593],[-94.98928,16.95714],[-94.98733,16.95609],[-94.9856,16.95655],[-94.98383,16.95559],[-94.98289,16.95627],[-94.98082,16.95588],[-94.97768,16.95232],[-94.97418,16.95295],[-94.97237,16.956],[-94.97023,16.95769],[-94.97016,16.95908],[-94.96888,16.95993],[-94.96965,16.96164],[-94.96901,16.96284],[-94.97002,16.96445],[-94.96868,16.96552],[-94.96803,16.96835],[-94.96877,16.96948],[-94.96658,16.9698],[-94.96633,16.9712],[-94.96721,16.97158],[-94.96602,16.97419],[-94.96229,16.97643],[-94.96238,16.97846],[-94.96425,16.98008],[-94.96311,16.98262],[-94.96484,16.98233],[-94.96637,16.98385],[-94.96673,16.99226],[-94.96453,16.99322],[-94.96379,16.99466],[-94.95624,16.99593]]]]}},{"type":"Feature","properties":{"nombre":"Mayo-Yaqui"},"geometry":{"type":"MultiPolygon","coordinates":[[[[-109.70077,28.40702],[-109.69149,28.3975],[-109.67629,28.3975],[-109.66847,28.39302],[-109.66663,28.39123],[-109.66005,28.38968],[-109.57018,28.37376],[-109.56906,28.36984],[-109.57506,28.36342],[-109.58203,28.3669],[-109.59202,28.36567],[-109.59619,28.36185],[-109.59906,28.35776],[-109.60564,28.35427],[-109.60652,28.35141],[-109.60953,28.34721],[-109.60941,28.3446],[-109.61306,28.33864],[-109.6118,28.33486],[-109.60939,28.33533],[-109.607,28.33425],[-109.6024,28.32892],[-109.60298,28.32412],[-109.59986,28.31632],[-109.60015,28.31408],[-109.59882,28.31127],[-109.60242,28.3061],[-109.60299,28.30328],[-109.60234,28.29704],[-109.6034,28.28799],[-109.60627,28.28442],[-109.60938,28.27665],[-109.61151,28.2698],[-109.61078,28.26536],[-109.61181,28.26258],[-109.61339,28.26115],[-109.61819,28.26104],[-109.62766,28.25485],[-109.63209,28.24886],[-109.63117,28.24592],[-109.63165,28.2438],[-109.63517,28.24264],[-109.63717,28.2409],[-109.63895,28.24078],[-109.6474,28.2475],[-109.65283,28.24835],[-109.65557,28.24672],[-109.65807,28.24328],[-109.65834,28.23016],[-109.65765,28.22674],[-109.65234,28.22314],[-109.65361,28.22127],[-109.65343,28.21728],[-109.65525,28.21504],[-109.66088,28.21519],[-109.66588,28.21198],[-109.66589,28.20925],[-109.66366,28.20512],[-109.66357,28.20192],[-109.66715,28.19712],[-109.66739,28.1915],[-109.66674,28.19121],[-109.6666,28.18952],[-109.62601,28.18881],[-109.62633,28.17645],[-109.61465,28.17355],[-109.62733,28.15631],[-109.62594,28.13508],[-109.65002,28.13598],[-109.68375,28.13493],[-109.6889,28.08496],[-109.67692,28.07799],[-109.67446,28.0752],[-109.66613,28.0494],[-109.6633,28.02839],[-109.64594,28.00228],[-109.62502,28.00351],[-109.6218,27.99748],[-109.6031,28.00291],[-109.59088,28.01083],[-109.58557,28.01096],[-109.56981,28.00696],[-109.56332,27.99104],[-109.56835,27.98981],[-109.56055,27.97703],[-109.55706,27.97632],[-109.56619,27.95443],[-109.56392,27.94907],[-109.55845,27.94524],[-109.55628,27.94273],[-109.55299,27.94272],[-109.54714,27.9169],[-109.53417,27.9185],[-109.53593,27.90866],[-109.55455,27.88026],[-109.55133,27.87105],[-109.55555,27.86459],[-109.55537,27.857],[-109.56154,27.85176],[-109.58986,27.85507],[-109.58983,27.8523],[-109.59095,27.85085],[-109.59865,27.85514],[-109.60012,27.8539],[-109.60505,27.85571],[-109.60868,27.85518],[-109.61668,27.85084],[-109.62421,27.84905],[-109.62763,27.84522],[-109.63302,27.84338],[-109.63811,27.84469],[-109.63909,27.84567],[-109.64024,27.84379],[-109.6439,27.8422],[-109.64557,27.84448],[-109.64963,27.84564],[-109.66238,27.84135],[-109.65454,27.78148],[-109.66667,27.79468],[-109.67954,27.80655],[-109.68634,27.80405],[-109.68689,27.82963],[-109.68934,27.83048],[-109.69063,27.83346],[-109.69457,27.8329],[-109.69459,27.83168],[-109.70746,27.83442],[-109.70734,27.83297],[-109.706,27.83183],[-109.70722,27.82915],[-109.70651,27.82598],[-109.707,27.82472],[-109.70628,27.82281],[-109.70455,27.82121],[-109.7045,27.81892],[-109.70196,27.81771],[-109.70105,27.81534],[-109.70195,27.81425],[-109.70626,27.81253],[-109.71764,27.80588],[-109.7192,27.80224],[-109.72006,27.79436],[-109.72717,27.77448],[-109.72855,27.77434],[-109.72917,27.77343],[-109.73057,27.76851],[-109.73176,27.76729],[-109.74388,27.76301],[-109.73759,27.75735],[-109.74056,27.75602],[-109.74425,27.75159],[-109.75265,27.74965],[-109.76214,27.74333],[-109.75714,27.73603],[-109.7635,27.73303],[-109.76403,27.73138],[-109.77303,27.72567],[-109.77937,27.72047],[-109.76262,27.67896],[-109.74695,27.68254],[-109.7429,27.64068],[-109.7372,27.62185],[-109.7716,27.61714],[-109.76966,27.59815],[-109.81069,27.56268],[-109.80686,27.56263],[-109.80368,27.56063],[-109.80619,27.55722],[-109.80263,27.54575],[-109.80737,27.54764],[-109.81384,27.51827],[-109.76094,27.52185],[-109.75948,27.51958],[-109.73786,27.51422],[-109.72622,27.50442],[-109.73439,27.5],[-109.76238,27.49025],[-109.75866,27.44696],[-109.72609,27.44303],[-109.72639,27.4359],[-109.75335,27.4133],[-109.73653,27.39844],[-109.70757,27.41507],[-109.69294,27.40187],[-109.67137,27.39998],[-109.65226,27.39927],[-109.65278,27.38929],[-109.68989,27.37498],[-109.67493,27.35752],[-109.66931,27.36077],[-109.58792,27.33543],[-109.56999,27.34176],[-109.57044,27.36824],[-109.51296,27.36871],[-109.51134,27.36451],[-109.5078,27.34491],[-109.50752,27.32401],[-109.48433,27.315],[-109.46172,27.31139],[-109.45517,27.3236],[-109.45644,27.32932],[-109.45562,27.33181],[-109.45368,27.33543],[-109.45094,27.33752],[-109.44961,27.34027],[-109.44721,27.34191],[-109.44523,27.34101],[-109.44218,27.3415],[-109.43841,27.33968],[-109.43709,27.34041],[-109.43792,27.34395],[-109.43649,27.3481],[-109.42534,27.34863],[-109.42591,27.37825],[-109.41485,27.37396],[-109.41747,27.38823],[-109.37658,27.39383],[-109.37681,27.4032],[-109.38464,27.42223],[-109.35677,27.43078],[-109.3269,27.39637],[-109.33333,27.38146],[-109.33783,27.37357],[-109.31266,27.37422],[-109.31263,27.36695],[-109.30382,27.35077],[-109.30523,27.31304],[-109.2758,27.30891],[-109.24267,27.31272],[-109.21788,27.29679],[-109.18507,27.3231],[-109.18515,27.32389],[-109.15408,27.34004],[-109.145,27.32776],[-109.13278,27.33664],[-109.13993,27.34754],[-109.10537,27.36473],[-109.09266,27.36563],[-109.08304,27.35869],[-109.07253,27.34964],[-109.06158,27.32964],[-109.05099,27.32868],[-109.04296,27.31976],[-109.02941,27.3303],[-109.02708,27.33438],[-109.04273,27.37443],[-109.03527,27.39026],[-109.03368,27.39049],[-109.0234,27.38434],[-109.0123,27.40333],[-109.00366,27.42647],[-109.00239,27.43418],[-109.00184,27.43807],[-109.00563,27.44873],[-108.99546,27.46183],[-108.98612,27.45588],[-108.98367,27.44853],[-108.98207,27.44687],[-108.97293,27.44334],[-108.97255,27.4513],[-108.97337,27.45676],[-108.96915,27.46493],[-108.96948,27.4707],[-108.95183,27.47025],[-108.94924,27.47653],[-108.94817,27.48679],[-108.94898,27.48771],[-108.94474,27.49159],[-108.95788,27.50589],[-108.9515,27.50988],[-108.95214,27.52759],[-108.94742,27.5302],[-108.94019,27.53191],[-108.95581,27.55069],[-108.9621,27.55591],[-108.9659,27.56021],[-108.96783,27.56576],[-108.95326,27.57187],[-108.95362,27.57957],[-108.95047,27.5792],[-108.95339,27.58772],[-108.95802,27.58749],[-108.95946,27.59226],[-108.96411,27.59409],[-108.96794,27.58977],[-108.96967,27.59022],[-108.9745,27.59416],[-108.98249,27.59669],[-108.9611,27.61889],[-108.96036,27.62032],[-108.96433,27.63229],[-108.9576,27.63987],[-108.95825,27.64242],[-108.94208,27.64764],[-108.9369,27.65128],[-108.94259,27.6513],[-108.94259,27.66028],[-108.94921,27.69367],[-108.95442,27.69922],[-108.94943,27.71317],[-108.90182,27.70937],[-108.89924,27.71911],[-108.91443,27.75001],[-108.91946,27.75637],[-108.91514,27.77568],[-108.89552,27.74481],[-108.83296,27.74435],[-108.817,27.73217],[-108.80823,27.73817],[-108.80738,27.73799],[-108.80488,27.73618],[-108.80384,27.7302],[-108.80132,27.72733],[-108.80052,27.72371],[-108.79928,27.72303],[-108.78449,27.73047],[-108.78445,27.71491],[-108.76602,27.70583],[-108.77279,27.6965],[-108.76476,27.6935],[-108.76235,27.67505],[-108.74931,27.66473],[-108.75406,27.64564],[-108.7542,27.63673],[-108.73985,27.59995],[-108.72296,27.58815],[-108.71281,27.56625],[-108.69026,27.55918],[-108.65528,27.5438],[-108.65241,27.53703],[-108.65578,27.47731],[-108.65302,27.46903],[-108.66165,27.46474],[-108.63342,27.42814],[-108.62774,27.41057],[-108.62913,27.38292],[-108.59105,27.31808],[-108.62559,27.28925],[-108.64734,27.25698],[-108.66438,27.2394],[-108.66251,27.23867],[-108.65937,27.23481],[-108.65809,27.23165],[-108.65824,27.22755],[-108.66142,27.22406],[-108.66138,27.22206],[-108.66258,27.21954],[-108.65311,27.19532],[-108.65334,27.18998],[-108.64934,27.1912],[-108.64752,27.1867],[-108.64794,27.18387],[-108.65298,27.17832],[-108.65322,27.17605],[-108.64967,27.17584],[-108.64432,27.17881],[-108.63208,27.16895],[-108.62242,27.15689],[-108.61143,27.15414],[-108.60073,27.11897],[-108.59696,27.0769],[-108.60619,27.06359],[-108.60228,27.03694],[-108.56254,27.04602],[-108.57225,27.01266],[-108.56074,27.00329],[-108.55176,26.99715],[-108.50761,26.98922],[-108.49954,26.98628],[-108.42427,26.97623],[-108.46698,26.9707],[-108.51824,26.88155],[-108.51804,26.88042],[-108.51942,26.87901],[-108.51999,26.8794],[-108.51923,26.87978],[-108.52004,26.88023],[-108.52206,26.87968],[-108.53312,26.84439],[-108.53402,26.84415],[-108.53513,26.84098],[-108.5392,26.83673],[-108.54215,26.83584],[-108.54217,26.83432],[-108.54574,26.83202],[-108.54568,26.8298],[-108.54704,26.82856],[-108.55405,26.82671],[-108.55704,26.82375],[-108.55786,26.81731],[-108.55535,26.81158],[-108.55232,26.80865],[-108.54766,26.80583],[-108.54185,26.80545],[-108.53792,26.80412],[-108.53644,26.80175],[-108.53691,26.79843],[-108.5419,26.79287],[-108.54982,26.78756],[-108.55147,26.78154],[-108.55403,26.77986],[-108.55791,26.78022],[-108.56477,26.77848],[-108.5752,26.79322],[-108.58085,26.78958],[-108.57598,26.77776],[-108.57794,26.77654],[-108.57737,26.77572],[-108.57874,26.77269],[-108.57804,26.76915],[-108.57833,26.76278],[-108.57994,26.75997],[-108.58161,26.7591],[-108.59419,26.75917],[-108.59522,26.75524],[-108.59886,26.75031],[-108.59721,26.74322],[-108.59871,26.73272],[-108.60102,26.72722],[-108.61625,26.72646],[-108.6177,26.72513],[-108.61773,26.722],[-108.62838,26.71839],[-108.63147,26.70697],[-108.6312,26.70144],[-108.63599,26.69052],[-108.6318,26.6872],[-108.62987,26.68049],[-108.6337,26.67957],[-108.63037,26.67657],[-108.65768,26.66913],[-108.66147,26.66453],[-108.66364,26.658],[-108.63315,26.64979],[-108.63205,26.65064],[-108.62721,26.64962],[-108.62425,26.64986],[-108.62014,26.64756],[-108.61795,26.64456],[-108.61895,26.64207],[-108.61798,26.64077],[-108.61838,26.63987],[-108.62284,26.63849],[-108.6305,26.63932],[-108.6306,26.6358],[-108.63168,26.63486],[-108.63105,26.63312],[-108.6379,26.62978],[-108.63581,26.62667],[-108.63348,26.62689],[-108.63211,26.62593],[-108.63107,26.62348],[-108.62722,26.62132],[-108.63088,26.61943],[-108.6311,26.6161],[-108.63388,26.61381],[-108.63494,26.61029],[-108.6342,26.60889],[-108.62473,26.60661],[-108.61964,26.60323],[-108.61893,26.6041],[-108.61812,26.599],[-108.6197,26.59695],[-108.61922,26.59547],[-108.61722,26.59418],[-108.61481,26.59481],[-108.61555,26.59796],[-108.61508,26.59948],[-108.61153,26.59752],[-108.61175,26.59501],[-108.61289,26.59355],[-108.61867,26.59159],[-108.61738,26.58928],[-108.61508,26.59115],[-108.61469,26.58927],[-108.6118,26.58738],[-108.6084,26.58661],[-108.60943,26.58541],[-108.60708,26.58425],[-108.60587,26.58519],[-108.60137,26.58381],[-108.60218,26.58195],[-108.60062,26.58042],[-108.60247,26.57807],[-108.60093,26.57477],[-108.60134,26.57316],[-108.60292,26.56923],[-108.60533,26.56881],[-108.60286,26.56728],[-108.60176,26.5684],[-108.59913,26.56947],[-108.59645,26.56935],[-108.59617,26.57045],[-108.59535,26.57045],[-108.59475,26.56818],[-108.59813,26.5664],[-108.59553,26.56641],[-108.5921,26.56183],[-108.58951,26.56274],[-108.5868,26.55925],[-108.58597,26.56092],[-108.58806,26.56327],[-108.58752,26.56419],[-108.5861,26.56299],[-108.58371,26.56326],[-108.58314,26.56131],[-108.58127,26.55955],[-108.57522,26.55941],[-108.57514,26.56065],[-108.57391,26.56106],[-108.57028,26.55966],[-108.52977,26.57711],[-108.52969,26.58398],[-108.5195,26.58079],[-108.52134,26.58419],[-108.5205,26.58696],[-108.52263,26.59085],[-108.52148,26.59176],[-108.52277,26.59708],[-108.51941,26.60078],[-108.5206,26.60466],[-108.52249,26.60415],[-108.52374,26.60525],[-108.52375,26.6076],[-108.52267,26.60819],[-108.52323,26.60994],[-108.52721,26.61232],[-108.53064,26.61177],[-108.53377,26.61291],[-108.53532,26.61234],[-108.53609,26.61078],[-108.53669,26.6111],[-108.53185,26.62102],[-108.53375,26.6239],[-108.52861,26.62787],[-108.52379,26.62948],[-108.52035,26.62645],[-108.51879,26.62297],[-108.51924,26.62062],[-108.51966,26.61979],[-108.52053,26.62016],[-108.52151,26.61813],[-108.5208,26.61668],[-108.52241,26.61609],[-108.52201,26.61474],[-108.52507,26.6129],[-108.52229,26.61062],[-108.52077,26.61205],[-108.52112,26.61335],[-108.51923,26.61448],[-108.51846,26.61223],[-108.52118,26.61023],[-108.51836,26.60622],[-108.51639,26.60787],[-108.51536,26.60605],[-108.5138,26.60611],[-108.51166,26.6036],[-108.51073,26.60462],[-108.50829,26.60312],[-108.50525,26.60298],[-108.50612,26.60628],[-108.50823,26.60739],[-108.50838,26.61078],[-108.50427,26.60866],[-108.5014,26.60997],[-108.49148,26.60096],[-108.47263,26.59907],[-108.46929,26.60312],[-108.46758,26.6029],[-108.46915,26.6108],[-108.45045,26.61512],[-108.45004,26.61604],[-108.44656,26.61665],[-108.44643,26.62074],[-108.44169,26.62548],[-108.4398,26.63165],[-108.43488,26.63671],[-108.43549,26.64452],[-108.40354,26.64359],[-108.38787,26.61777],[-108.38592,26.61631],[-108.39109,26.61454],[-108.40309,26.59864],[-108.4053,26.59714],[-108.40951,26.60195],[-108.41187,26.60162],[-108.41789,26.59728],[-108.41864,26.59226],[-108.42126,26.59106],[-108.42709,26.58593],[-108.43973,26.58632],[-108.43633,26.58078],[-108.4352,26.57773],[-108.43566,26.57698],[-108.43361,26.57552],[-108.43122,26.56969],[-108.43729,26.56307],[-108.44219,26.55314],[-108.44771,26.55191],[-108.45538,26.54773],[-108.45612,26.54807],[-108.45739,26.54371],[-108.46493,26.53763],[-108.4603,26.5365],[-108.45649,26.53419],[-108.45331,26.53523],[-108.4509,26.53387],[-108.44879,26.536],[-108.44538,26.53468],[-108.43921,26.53691],[-108.43625,26.5335],[-108.43457,26.53427],[-108.42857,26.53254],[-108.4245,26.53346],[-108.42168,26.52907],[-108.42124,26.52329],[-108.42234,26.52298],[-108.42256,26.52183],[-108.4193,26.52073],[-108.41766,26.51696],[-108.41888,26.51252],[-108.41844,26.51194],[-108.41424,26.51],[-108.41109,26.51088],[-108.40888,26.51052],[-108.40792,26.51016],[-108.40628,26.50729],[-108.40401,26.50668],[-108.39244,26.48362],[-108.3862,26.4916],[-108.37436,26.47572],[-108.37222,26.47711],[-108.36648,26.47814],[-108.36508,26.49084],[-108.36101,26.48966],[-108.35584,26.47809],[-108.33838,26.47831],[-108.33721,26.48723],[-108.32669,26.49097],[-108.32493,26.49002],[-108.31956,26.48999],[-108.31514,26.48726],[-108.31368,26.48046],[-108.30496,26.47189],[-108.29716,26.45226],[-108.26051,26.45659],[-108.28823,26.44241],[-108.31029,26.44066],[-108.30784,26.42459],[-108.30433,26.41262],[-108.30471,26.40375],[-108.30104,26.37373],[-108.28624,26.37095],[-108.27221,26.36639],[-108.28457,26.34286],[-108.27906,26.3234],[-108.28095,26.30886],[-108.28511,26.3077],[-108.28601,26.29505],[-108.28266,26.29777],[-108.2819,26.29247],[-108.27968,26.29156],[-108.27321,26.27801],[-108.2774,26.27593],[-108.28175,26.26935],[-108.28256,26.26636],[-108.28534,26.26416],[-108.27559,26.24809],[-108.3199,26.22221],[-108.35772,26.21889],[-108.35439,26.20281],[-108.38128,26.16232],[-108.39777,26.16587],[-108.40407,26.15611],[-108.4153,26.14502],[-108.40821,26.13113],[-108.41521,26.11704],[-108.43046,26.11625],[-108.4437,26.12396],[-108.43953,26.1322],[-108.44776,26.14446],[-108.45261,26.14134],[-108.45535,26.15044],[-108.46548,26.15625],[-108.47765,26.12919],[-108.48484,26.14258],[-108.48778,26.13904],[-108.49236,26.14607],[-108.49776,26.14829],[-108.50349,26.14709],[-108.50434,26.14258],[-108.49743,26.11582],[-108.51348,26.11377],[-108.51582,26.0989],[-108.5859,26.10588],[-108.61432,26.10628],[-108.61702,26.10038],[-108.59979,26.0847],[-108.61601,26.05591],[-108.62859,26.02999],[-108.63179,26.03434],[-108.63298,26.02069],[-108.64512,25.99104],[-108.64785,25.97581],[-108.61395,25.97524],[-108.61503,25.92701],[-108.65712,25.91777],[-108.66431,25.89459],[-108.64991,25.88063],[-108.67091,25.87322],[-108.66747,25.85079],[-108.70494,25.84623],[-108.70661,25.84832],[-108.72489,25.85026],[-108.72511,25.85745],[-108.72428,25.86123],[-108.73042,25.86319],[-108.73841,25.85493],[-108.74033,25.85655],[-108.76481,25.85083],[-108.7699,25.86871],[-108.77057,25.86951],[-108.77716,25.86822],[-108.77827,25.87227],[-108.78524,25.86895],[-108.79147,25.86754],[-108.79315,25.86452],[-108.85369,25.83931],[-108.85908,25.81665],[-108.86302,25.81992],[-108.86397,25.81948],[-108.86664,25.82033],[-108.85462,25.84013],[-108.89852,25.87785],[-108.89567,25.88298],[-108.91512,25.89415],[-108.91889,25.88852],[-108.91874,25.88689],[-108.91721,25.88509],[-108.91961,25.88189],[-108.92322,25.87416],[-108.92243,25.87262],[-108.90644,25.86659],[-108.91117,25.85857],[-108.91459,25.8624],[-108.9403,25.87682],[-108.94301,25.87303],[-108.95105,25.87752],[-108.96146,25.85001],[-108.96626,25.85547],[-108.96444,25.85823],[-108.98032,25.86755],[-108.97631,25.87355],[-108.98395,25.91839],[-108.98171,25.9192],[-108.9822,25.92028],[-108.97631,25.92204],[-108.9739,25.92513],[-108.97389,25.92636],[-108.97586,25.92682],[-108.97612,25.92807],[-108.98106,25.93017],[-108.98905,25.9303],[-108.99246,25.93123],[-108.99974,25.93695],[-109.00115,25.93962],[-109.00807,25.94327],[-109.00952,25.94577],[-109.00942,25.94703],[-109.00631,25.94807],[-109.00558,25.95261],[-108.99842,25.96411],[-108.99589,25.96422],[-108.99461,25.97057],[-108.99602,25.97135],[-108.98815,25.97328],[-108.99649,25.99647],[-108.98782,26.00461],[-109.01786,26.03467],[-108.95811,26.09383],[-108.97323,26.10265],[-108.96925,26.10517],[-108.96481,26.11219],[-108.96628,26.11245],[-108.97231,26.10906],[-108.97845,26.11434],[-108.98262,26.11534],[-108.98524,26.11831],[-108.98525,26.12051],[-108.98702,26.12355],[-108.99033,26.12528],[-108.99972,26.12762],[-109.00245,26.13292],[-109.01638,26.1361],[-108.99229,26.22117],[-109.00395,26.22391],[-109.00791,26.22579],[-109.0089,26.23053],[-109.0134,26.23201],[-109.01554,26.23433],[-109.03194,26.23785],[-109.04258,26.24743],[-109.03821,26.24655],[-109.0321,26.26793],[-109.02833,26.26689],[-109.02669,26.2723],[-109.02421,26.27175],[-109.02367,26.27377],[-109.02666,26.27509],[-108.99314,26.2932],[-108.96324,26.28621],[-108.95816,26.30414],[-108.95213,26.30551],[-108.95243,26.30206],[-108.94711,26.30577],[-108.95157,26.29011],[-108.94996,26.28961],[-108.93298,26.29721],[-108.9329,26.2989],[-108.9277,26.30215],[-108.92952,26.30696],[-108.93286,26.30668],[-108.93272,26.3177],[-108.93159,26.31667],[-108.93152,26.377],[-108.93261,26.37668],[-108.94308,26.38846],[-108.94984,26.3922],[-109.00405,26.40009],[-109.00644,26.40237],[-109.06994,26.35726],[-109.07119,26.35499],[-109.07421,26.35353],[-109.07583,26.35114],[-109.07803,26.34369],[-109.08038,26.34136],[-109.08122,26.33774],[-109.08541,26.3365],[-109.08754,26.33082],[-109.08727,26.32561],[-109.09336,26.3205],[-109.09408,26.31719],[-109.09668,26.31212],[-109.10011,26.31293],[-109.11966,26.30308],[-109.12101,26.29891],[-109.12524,26.29701],[-109.12745,26.29865],[-109.13093,26.29744],[-109.13312,26.29786],[-109.13471,26.29911],[-109.1354,26.3016],[-109.1496,26.3064],[-109.15428,26.30715],[-109.15551,26.30695],[-109.15694,26.30537],[-109.15907,26.30656],[-109.16494,26.30685],[-109.16695,26.31039],[-109.17126,26.31135],[-109.17403,26.31389],[-109.17531,26.31678],[-109.17458,26.31897],[-109.17801,26.32036],[-109.18204,26.32709],[-109.18499,26.32823],[-109.18817,26.33237],[-109.19027,26.33285],[-109.1894,26.33371],[-109.18882,26.33299],[-109.18913,26.33553],[-109.19004,26.33765],[-109.19205,26.339],[-109.19313,26.34093],[-109.19856,26.34167],[-109.20013,26.3434],[-109.20254,26.34445],[-109.2039,26.34183],[-109.20989,26.34319],[-109.21128,26.34274],[-109.21361,26.33999],[-109.21564,26.33453],[-109.234,26.3244],[-109.24679,26.31604],[-109.25832,26.31993],[-109.26001,26.3197],[-109.26126,26.33038],[-109.25435,26.36532],[-109.25306,26.37964],[-109.25203,26.41223],[-109.25523,26.45005],[-109.26426,26.4916],[-109.26771,26.50161],[-109.27672,26.52062],[-109.28598,26.53548],[-109.28981,26.54106],[-109.30971,26.56506],[-109.31671,26.57191],[-109.33177,26.58388],[-109.34031,26.5882],[-109.34334,26.59133],[-109.34863,26.59471],[-109.35818,26.59932],[-109.36467,26.60905],[-109.36944,26.61454],[-109.3829,26.6347],[-109.39082,26.64289],[-109.40296,26.65348],[-109.41584,26.66188],[-109.43024,26.66832],[-109.44231,26.67214],[-109.47492,26.67627],[-109.47834,26.67964],[-109.48329,26.68102],[-109.48548,26.684],[-109.49319,26.67858],[-109.49204,26.67281],[-109.49422,26.67072],[-109.49596,26.67026],[-109.51989,26.6797],[-109.53351,26.68365],[-109.56956,26.69089],[-109.60085,26.69443],[-109.62535,26.69549],[-109.65174,26.69293],[-109.65742,26.69096],[-109.66249,26.68794],[-109.66331,26.68399],[-109.66198,26.67841],[-109.66273,26.67645],[-109.66499,26.6741],[-109.66876,26.6733],[-109.6875,26.67621],[-109.74435,26.69936],[-109.76525,26.7063],[-109.7711,26.70915],[-109.77555,26.71301],[-109.78417,26.72341],[-109.79301,26.72909],[-109.79358,26.72994],[-109.79294,26.73034],[-109.79769,26.73248],[-109.81815,26.74991],[-109.83345,26.76573],[-109.83515,26.76882],[-109.83779,26.77143],[-109.84984,26.78997],[-109.85493,26.80106],[-109.86181,26.83212],[-109.86462,26.83934],[-109.86429,26.84339],[-109.86666,26.84596],[-109.86824,26.85157],[-109.86985,26.86324],[-109.87315,26.87843],[-109.87677,26.88655],[-109.87881,26.89375],[-109.88535,26.90654],[-109.89008,26.92247],[-109.89457,26.93048],[-109.91445,26.95805],[-109.92205,26.96667],[-109.9305,26.9743],[-109.93543,26.98139],[-109.94299,26.98939],[-109.94686,26.99707],[-109.94623,27.00446],[-109.94369,27.00817],[-109.93948,27.00958],[-109.90952,27.0078],[-109.90985,27.00734],[-109.90826,27.00653],[-109.90799,27.00459],[-109.90978,27.00155],[-109.90349,27.00071],[-109.89641,26.99866],[-109.89347,27.00013],[-109.89058,26.99993],[-109.8907,26.99895],[-109.89495,26.99761],[-109.89676,26.99559],[-109.90076,26.99729],[-109.90139,26.99556],[-109.90385,26.99628],[-109.90711,26.99899],[-109.90871,26.99875],[-109.91067,26.99994],[-109.91174,27.00197],[-109.91156,27.00369],[-109.91249,27.00429],[-109.91534,27.00404],[-109.91652,27.00313],[-109.91739,26.99864],[-109.9189,26.99597],[-109.9104,26.99556],[-109.90002,26.99371],[-109.8971,26.99249],[-109.89759,26.99135],[-109.89583,26.99096],[-109.89796,26.9898],[-109.8962,26.98862],[-109.89641,26.98784],[-109.89806,26.98755],[-109.89747,26.98837],[-109.89807,26.98897],[-109.90069,26.98849],[-109.90266,26.98943],[-109.9012,26.97565],[-109.89777,26.97578],[-109.8989,26.97398],[-109.90103,26.97363],[-109.90344,26.9744],[-109.90466,26.97067],[-109.90177,26.97129],[-109.89948,26.97285],[-109.89851,26.97271],[-109.89852,26.97132],[-109.89387,26.97241],[-109.89307,26.97362],[-109.89121,26.9723],[-109.88887,26.97323],[-109.88771,26.97935],[-109.88475,26.97934],[-109.88474,26.97986],[-109.88328,26.97997],[-109.88329,26.97779],[-109.88516,26.97846],[-109.88519,26.9751],[-109.87146,26.97501],[-109.87204,26.99097],[-109.87146,26.99134],[-109.87146,26.99812],[-109.87549,26.9984],[-109.87138,26.99868],[-109.87139,27.00706],[-109.85089,27.00708],[-109.85052,27.04384],[-109.80994,27.04368],[-109.81006,27.08005],[-109.80377,27.08003],[-109.80373,27.08196],[-109.74821,27.08199],[-109.74835,27.0984],[-109.73327,27.0984],[-109.73328,27.10757],[-109.72834,27.10758],[-109.7281,27.20253],[-109.78976,27.2023],[-109.78963,27.20778],[-109.80978,27.20778],[-109.80997,27.21702],[-109.82017,27.21712],[-109.82026,27.23354],[-109.81849,27.23438],[-109.81502,27.23981],[-109.81498,27.24456],[-109.82562,27.2447],[-109.82555,27.25581],[-109.8069,27.25596],[-109.80423,27.25991],[-109.8053,27.26311],[-109.80483,27.2651],[-109.79914,27.26834],[-109.79638,27.27258],[-109.7931,27.27444],[-109.79017,27.29032],[-109.79312,27.29045],[-109.7938,27.2865],[-109.79613,27.28652],[-109.79625,27.28583],[-109.80935,27.29956],[-109.80478,27.29948],[-109.80469,27.31535],[-109.81869,27.31538],[-109.81858,27.3533],[-109.81712,27.3533],[-109.84432,27.3892],[-109.87654,27.48383],[-109.90027,27.58642],[-109.93101,27.60855],[-110.0102,27.59085],[-110.01792,27.58663],[-110.01972,27.58487],[-110.01428,27.58583],[-110.01471,27.58438],[-110.01511,27.58489],[-110.01526,27.58127],[-110.01473,27.51915],[-110.23201,27.51927],[-110.51542,27.51827],[-110.5878,27.51651],[-110.59015,27.52676],[-110.58853,27.52757],[-110.58872,27.52883],[-110.59018,27.53108],[-110.59235,27.53198],[-110.59617,27.53784],[-110.59712,27.54085],[-110.59713,27.54545],[-110.599,27.54574],[-110.60033,27.54821],[-110.6039,27.5582],[-110.6077,27.5658],[-110.60744,27.56854],[-110.61217,27.57783],[-110.62203,27.60151],[-110.62651,27.62028],[-110.62481,27.64085],[-110.62112,27.65581],[-110.61969,27.65712],[-110.6169,27.66573],[-110.61386,27.66703],[-110.60991,27.66764],[-110.60954,27.66713],[-110.6127,27.6615],[-110.6123,27.6559],[-110.6104,27.6536],[-110.6069,27.66],[-110.6084,27.6624],[-110.6044,27.6756],[-110.6046,27.678],[-110.606,27.6732],[-110.6063,27.6753],[-110.6047,27.6853],[-110.604,27.6856],[-110.6039,27.6845],[-110.6031,27.685],[-110.6035,27.6909],[-110.6024,27.6921],[-110.6009,27.7005],[-110.6024,27.7087],[-110.6042,27.7125],[-110.6031,27.7214],[-110.6038,27.7263],[-110.6064,27.727],[-110.6076,27.7295],[-110.6105,27.7563],[-110.6163,27.7792],[-110.61672,27.8002],[-110.61616,27.8093],[-110.61506,27.81291],[-110.61215,27.81398],[-110.61197,27.81267],[-110.6137,27.8118],[-110.61464,27.81019],[-110.61467,27.80161],[-110.61595,27.80022],[-110.61555,27.7969],[-110.61437,27.79565],[-110.61293,27.79647],[-110.61051,27.80314],[-110.6043,27.8086],[-110.6051,27.811],[-110.6031,27.8113],[-110.6017,27.8126],[-110.6013,27.8142],[-110.5993,27.8127],[-110.5968,27.8138],[-110.5995,27.8144],[-110.5986,27.8165],[-110.5971,27.8169],[-110.5941,27.8156],[-110.594,27.8175],[-110.5949,27.8166],[-110.5975,27.8178],[-110.5956,27.8188],[-110.5959,27.82],[-110.5937,27.8235],[-110.592,27.8235],[-110.5909,27.8247],[-110.5897,27.824],[-110.5908,27.8262],[-110.5894,27.828],[-110.5894,27.83],[-110.5882,27.8313],[-110.5839,27.8305],[-110.5829,27.8311],[-110.583,27.8319],[-110.5839,27.8309],[-110.5871,27.8314],[-110.5858,27.8343],[-110.583,27.8341],[-110.586,27.8348],[-110.5866,27.8377],[-110.5907,27.8418],[-110.5903,27.8453],[-110.5894,27.8457],[-110.5884,27.8457],[-110.589,27.8433],[-110.5884,27.8422],[-110.5864,27.8418],[-110.5822,27.8392],[-110.5812,27.8359],[-110.5816,27.8339],[-110.5776,27.8346],[-110.5715,27.8398],[-110.5706,27.8401],[-110.5693,27.8391],[-110.5692,27.8407],[-110.5667,27.841],[-110.5635,27.8372],[-110.5637,27.8346],[-110.5623,27.8353],[-110.5596,27.834],[-110.5562,27.8337],[-110.5531,27.8351],[-110.5504,27.8348],[-110.5489,27.8321],[-110.5481,27.834],[-110.54641,27.83533],[-110.54899,27.83942],[-110.54722,27.84148],[-110.54563,27.84144],[-110.54465,27.84252],[-110.5417,27.84167],[-110.5417,27.8403],[-110.54061,27.83911],[-110.53576,27.8383],[-110.52625,27.84149],[-110.52398,27.83957],[-110.52082,27.84242],[-110.52378,27.84458],[-110.5232,27.8468],[-110.52751,27.85161],[-110.53584,27.85314],[-110.54241,27.85659],[-110.54528,27.85998],[-110.54743,27.86102],[-110.5482,27.8606],[-110.55879,27.8731],[-110.56148,27.87346],[-110.56893,27.87861],[-110.57017,27.87834],[-110.5781,27.88236],[-110.58229,27.88235],[-110.58602,27.88405],[-110.59136,27.88481],[-110.57503,27.91717],[-110.52977,28.00025],[-110.51531,28.02815],[-110.51574,28.02922],[-110.51302,28.03273],[-110.31403,28.18344],[-110.31534,28.19009],[-110.30034,28.21696],[-110.13271,28.13097],[-110.12453,28.19321],[-110.14286,28.18822],[-110.14821,28.19361],[-110.15056,28.19291],[-110.15161,28.1951],[-110.12686,28.2051],[-110.14287,28.25182],[-110.09901,28.26142],[-110.09566,28.26449],[-110.10033,28.30922],[-110.04704,28.30839],[-110.03303,28.30016],[-110.00003,28.28876],[-109.98654,28.28323],[-109.95067,28.25611],[-109.94492,28.21846],[-109.90345,28.20079],[-109.90122,28.20043],[-109.8944,28.20786],[-109.90262,28.21355],[-109.90942,28.20923],[-109.91112,28.21066],[-109.91114,28.26378],[-109.9005,28.26519],[-109.89515,28.26142],[-109.89761,28.25924],[-109.89578,28.25621],[-109.8912,28.25674],[-109.89044,28.25896],[-109.88733,28.25722],[-109.88509,28.26007],[-109.88474,28.26381],[-109.8851,28.26461],[-109.88862,28.26455],[-109.88854,28.26626],[-109.88569,28.26693],[-109.88471,28.26986],[-109.8818,28.27198],[-109.87949,28.27508],[-109.87588,28.27166],[-109.86137,28.27524],[-109.858,28.27469],[-109.85688,28.27779],[-109.85414,28.27785],[-109.8506,28.28145],[-109.84594,28.28025],[-109.84101,28.28436],[-109.78489,28.29199],[-109.77462,28.25574],[-109.69692,28.27132],[-109.70152,28.28252],[-109.74622,28.29427],[-109.75624,28.3192],[-109.74801,28.33401],[-109.76383,28.37163],[-109.77113,28.40452],[-109.70077,28.40702]]]]}},{"type":"Feature","properties":{"nombre":"Mazahua-Otomí"},"geometry":{"type":"MultiPolygon","coordinates":[[[[-100.17473,20.33832],[-100.17007,20.33721],[-100.16315,20.33056],[-100.14862,20.32186],[-100.14329,20.32323],[-100.13772,20.3179],[-100.13538,20.32019],[-100.1127,20.3144],[-100.09542,20.31428],[-100.10083,20.30242],[-100.09093,20.29889],[-100.08762,20.30162],[-100.08727,20.304],[-100.08883,20.31056],[-100.0872,20.31437],[-100.08733,20.3172],[-100.08198,20.31728],[-100.08205,20.31557],[-100.084,20.31426],[-100.08293,20.30839],[-100.07913,20.30544],[-100.07812,20.30122],[-100.07564,20.29904],[-100.07815,20.29646],[-100.08204,20.2965],[-100.08276,20.29015],[-100.07922,20.28937],[-100.07629,20.28617],[-100.09493,20.26118],[-100.08508,20.25656],[-100.08394,20.25712],[-100.07646,20.2482],[-100.05737,20.24369],[-100.06882,20.22717],[-100.05638,20.22071],[-100.05648,20.2213],[-100.05346,20.22291],[-100.05121,20.22314],[-100.04867,20.22494],[-100.05353,20.22896],[-100.05207,20.23019],[-100.04755,20.22647],[-100.04387,20.22948],[-100.035,20.22485],[-100.03816,20.22047],[-100.04072,20.21884],[-100.02645,20.20671],[-100.0259,20.20774],[-100.02395,20.20831],[-100.02118,20.20743],[-100.01863,20.20984],[-100.01885,20.21098],[-100.01324,20.21426],[-100.0103,20.21824],[-100.00864,20.21963],[-100.00566,20.22055],[-100.00233,20.22455],[-99.99239,20.22927],[-99.99273,20.23097],[-99.98972,20.23185],[-99.9883,20.23493],[-99.98668,20.23561],[-99.98524,20.23444],[-99.98122,20.23442],[-99.97865,20.23615],[-99.97771,20.23911],[-99.97827,20.2389],[-99.98137,20.24486],[-99.97936,20.24745],[-99.98087,20.25307],[-99.98646,20.25707],[-99.98494,20.2648],[-99.9832,20.26618],[-99.98118,20.27137],[-99.97893,20.27137],[-99.97729,20.27245],[-99.97635,20.27184],[-99.9762,20.2702],[-99.97444,20.26957],[-99.9754,20.26744],[-99.97412,20.26642],[-99.97468,20.26553],[-99.9742,20.2628],[-99.97324,20.26265],[-99.97225,20.26091],[-99.96879,20.25821],[-99.96074,20.25453],[-99.95626,20.24842],[-99.95547,20.24299],[-99.95274,20.24044],[-99.95242,20.23071],[-99.9507,20.2257],[-99.95191,20.22051],[-99.95093,20.2159],[-99.91841,20.21179],[-99.91866,20.21617],[-99.91933,20.21734],[-99.92046,20.21729],[-99.92046,20.22002],[-99.92297,20.22571],[-99.92197,20.22671],[-99.92287,20.22793],[-99.9218,20.23252],[-99.9172,20.23277],[-99.91653,20.23107],[-99.91478,20.23196],[-99.91126,20.23106],[-99.90902,20.22838],[-99.90754,20.22858],[-99.90697,20.22728],[-99.90152,20.2243],[-99.89973,20.22518],[-99.89795,20.22354],[-99.89664,20.22373],[-99.89436,20.22153],[-99.88928,20.22103],[-99.88503,20.21517],[-99.88209,20.21672],[-99.8819,20.21577],[-99.87936,20.21398],[-99.87706,20.21448],[-99.87511,20.21376],[-99.87318,20.21084],[-99.87144,20.21007],[-99.86822,20.2113],[-99.8671,20.21098],[-99.8659,20.2126],[-99.86356,20.21357],[-99.85895,20.21458],[-99.85722,20.21316],[-99.85424,20.2127],[-99.85319,20.21491],[-99.85145,20.21458],[-99.85099,20.21341],[-99.84873,20.21387],[-99.84875,20.21105],[-99.84738,20.21043],[-99.84667,20.21136],[-99.84581,20.21111],[-99.84568,20.20811],[-99.8432,20.20629],[-99.84294,20.20386],[-99.84037,20.20645],[-99.83873,20.20501],[-99.83856,20.2038],[-99.8343,20.20211],[-99.8338,20.20104],[-99.83026,20.20003],[-99.83018,20.19789],[-99.82588,20.1973],[-99.82611,20.1947],[-99.82511,20.19456],[-99.82273,20.19738],[-99.82133,20.19639],[-99.81981,20.1965],[-99.81884,20.19479],[-99.81723,20.19611],[-99.816,20.19346],[-99.81264,20.19225],[-99.81274,20.19074],[-99.8111,20.19189],[-99.81125,20.19103],[-99.80905,20.18886],[-99.8055,20.18844],[-99.805,20.18547],[-99.80369,20.18497],[-99.80237,20.18219],[-99.79793,20.1813],[-99.79353,20.1834],[-99.78896,20.18116],[-99.78807,20.17949],[-99.7852,20.17724],[-99.77988,20.17533],[-99.77723,20.17122],[-99.77553,20.17245],[-99.77326,20.17176],[-99.76923,20.16784],[-99.76638,20.16325],[-99.76359,20.16205],[-99.76156,20.16208],[-99.76009,20.15854],[-99.7607,20.15676],[-99.758,20.15554],[-99.75772,20.15451],[-99.75519,20.15467],[-99.75561,20.15094],[-99.75138,20.14708],[-99.74954,20.14736],[-99.74991,20.14562],[-99.74837,20.14541],[-99.74824,20.14464],[-99.74353,20.14659],[-99.73778,20.15422],[-99.7158,20.16182],[-99.71459,20.16114],[-99.71644,20.1383],[-99.71563,20.1262],[-99.71067,20.12426],[-99.71966,20.12133],[-99.72207,20.12293],[-99.72346,20.11461],[-99.71444,20.11702],[-99.71617,20.1111],[-99.71511,20.10788],[-99.71652,20.10808],[-99.7165,20.10672],[-99.72139,20.10325],[-99.71945,20.10024],[-99.71995,20.09654],[-99.71338,20.09368],[-99.71212,20.09563],[-99.71348,20.09657],[-99.71246,20.09697],[-99.71334,20.09758],[-99.7117,20.10062],[-99.70873,20.1019],[-99.6991,20.09755],[-99.70086,20.09368],[-99.7026,20.09427],[-99.70369,20.09181],[-99.70287,20.09164],[-99.70457,20.09058],[-99.70166,20.08781],[-99.69758,20.08619],[-99.69036,20.08564],[-99.68242,20.08316],[-99.67895,20.08326],[-99.67651,20.07933],[-99.67045,20.07791],[-99.67034,20.0675],[-99.67258,20.06161],[-99.67181,20.05668],[-99.67428,20.05552],[-99.67308,20.04595],[-99.68767,20.05147],[-99.68775,20.05007],[-99.68994,20.0517],[-99.69226,20.05163],[-99.69295,20.04997],[-99.6999,20.04462],[-99.69962,20.04237],[-99.70105,20.04065],[-99.70005,20.03886],[-99.70137,20.03882],[-99.70236,20.04015],[-99.70562,20.0403],[-99.70754,20.03869],[-99.7088,20.03541],[-99.71258,20.03371],[-99.71263,20.03101],[-99.71092,20.02832],[-99.71128,20.02608],[-99.71666,20.02578],[-99.71859,20.02747],[-99.72115,20.02684],[-99.72134,20.02527],[-99.71928,20.02493],[-99.71879,20.02346],[-99.71641,20.02221],[-99.71799,20.02066],[-99.72316,20.01987],[-99.72292,20.0176],[-99.72019,20.01645],[-99.71803,20.0168],[-99.71767,20.0161],[-99.71693,20.01732],[-99.71275,20.01626],[-99.71027,20.02021],[-99.70586,20.01971],[-99.70465,20.0204],[-99.69981,20.01868],[-99.70353,20.01773],[-99.70695,20.01519],[-99.70793,20.01231],[-99.70782,20.00974],[-99.70971,20.00739],[-99.71044,20.0043],[-99.71394,20.00006],[-99.71165,19.99827],[-99.71032,19.9954],[-99.71187,19.99283],[-99.71207,19.98804],[-99.71312,19.98684],[-99.71512,19.98642],[-99.71471,19.98399],[-99.71734,19.97772],[-99.71816,19.97689],[-99.72376,19.97845],[-99.72614,19.97636],[-99.72482,19.97463],[-99.72266,19.97382],[-99.72025,19.96862],[-99.72104,19.96723],[-99.72023,19.96455],[-99.72111,19.96193],[-99.72048,19.95978],[-99.72166,19.95851],[-99.72043,19.95419],[-99.72238,19.95457],[-99.72396,19.95298],[-99.72423,19.95159],[-99.72587,19.95109],[-99.727,19.9497],[-99.73024,19.94974],[-99.72816,19.94849],[-99.72873,19.94586],[-99.73081,19.94606],[-99.73225,19.94389],[-99.7336,19.94457],[-99.73928,19.94302],[-99.74035,19.94021],[-99.74223,19.93964],[-99.74315,19.93841],[-99.74548,19.93747],[-99.74729,19.93801],[-99.74884,19.93653],[-99.74963,19.93759],[-99.75057,19.93678],[-99.75492,19.93801],[-99.75782,19.93772],[-99.76003,19.9396],[-99.76373,19.93783],[-99.76641,19.93511],[-99.76436,19.93292],[-99.76574,19.92869],[-99.76795,19.92569],[-99.76813,19.92223],[-99.77088,19.91914],[-99.76708,19.91403],[-99.7747,19.90682],[-99.77759,19.90075],[-99.77461,19.89928],[-99.77419,19.89597],[-99.77344,19.89534],[-99.77279,19.89585],[-99.77183,19.8945],[-99.77025,19.89619],[-99.7681,19.89701],[-99.7691,19.89534],[-99.76583,19.89002],[-99.76818,19.88993],[-99.7742,19.88628],[-99.77516,19.87848],[-99.77407,19.8751],[-99.76954,19.86826],[-99.76667,19.85744],[-99.7685,19.85567],[-99.7679,19.85292],[-99.77583,19.85281],[-99.7788,19.8481],[-99.78948,19.84601],[-99.78952,19.84407],[-99.7891,19.84099],[-99.78544,19.83353],[-99.77285,19.82879],[-99.76919,19.8238],[-99.77256,19.8226],[-99.77429,19.82098],[-99.77396,19.82021],[-99.77761,19.81643],[-99.77967,19.81298],[-99.76394,19.80121],[-99.75615,19.79742],[-99.75045,19.79709],[-99.74871,19.79541],[-99.74654,19.7968],[-99.74669,19.79761],[-99.74514,19.79758],[-99.74222,19.79956],[-99.73957,19.80238],[-99.74905,19.80618],[-99.74852,19.80934],[-99.74514,19.81297],[-99.74577,19.82533],[-99.74426,19.82695],[-99.73726,19.82666],[-99.73519,19.82746],[-99.72993,19.82578],[-99.72741,19.83526],[-99.72164,19.83934],[-99.71857,19.83986],[-99.70328,19.83914],[-99.69975,19.83671],[-99.69678,19.83711],[-99.68308,19.83506],[-99.67068,19.84029],[-99.67083,19.8466],[-99.66818,19.85208],[-99.66268,19.86813],[-99.66198,19.87482],[-99.66371,19.88086],[-99.66684,19.88762],[-99.65958,19.89146],[-99.65516,19.89631],[-99.64859,19.89521],[-99.64309,19.89317],[-99.64162,19.89372],[-99.64083,19.89245],[-99.63333,19.89285],[-99.62904,19.89478],[-99.62044,19.90421],[-99.61741,19.89845],[-99.59958,19.89557],[-99.60023,19.88871],[-99.58067,19.88799],[-99.58179,19.88664],[-99.58112,19.88636],[-99.57841,19.88728],[-99.5757,19.88572],[-99.57539,19.88436],[-99.57093,19.88467],[-99.56926,19.8789],[-99.56344,19.88188],[-99.56271,19.8805],[-99.56308,19.87802],[-99.56451,19.87646],[-99.56446,19.87531],[-99.56344,19.87425],[-99.56004,19.87492],[-99.55941,19.87329],[-99.55977,19.87189],[-99.56371,19.86977],[-99.56097,19.86845],[-99.55416,19.86862],[-99.55083,19.86725],[-99.54365,19.86692],[-99.54636,19.87359],[-99.55329,19.87859],[-99.55597,19.87966],[-99.55473,19.88164],[-99.55237,19.88323],[-99.55242,19.8843],[-99.54937,19.88682],[-99.54846,19.88996],[-99.54802,19.88962],[-99.54683,19.89082],[-99.54547,19.8899],[-99.54459,19.89087],[-99.54313,19.88968],[-99.54134,19.89052],[-99.54114,19.8915],[-99.53943,19.89033],[-99.53809,19.8915],[-99.53417,19.89066],[-99.5033,19.89138],[-99.50048,19.88946],[-99.49288,19.88825],[-99.4781,19.88366],[-99.47308,19.87766],[-99.46113,19.87693],[-99.46083,19.86811],[-99.4564,19.86059],[-99.45482,19.85513],[-99.45115,19.85287],[-99.44834,19.85895],[-99.43269,19.87526],[-99.4306,19.87315],[-99.43041,19.87088],[-99.42884,19.8692],[-99.42991,19.86675],[-99.42916,19.86585],[-99.42909,19.86242],[-99.42777,19.86088],[-99.4273,19.85843],[-99.42523,19.85822],[-99.42647,19.85647],[-99.42578,19.85629],[-99.42611,19.85497],[-99.42496,19.85494],[-99.42586,19.85432],[-99.42555,19.85268],[-99.42253,19.84695],[-99.42264,19.84433],[-99.42098,19.84363],[-99.42143,19.84269],[-99.42069,19.84104],[-99.42265,19.83974],[-99.43413,19.83785],[-99.43691,19.83566],[-99.44613,19.83763],[-99.44976,19.83196],[-99.45384,19.82912],[-99.45595,19.8289],[-99.45593,19.82685],[-99.45782,19.82672],[-99.45842,19.82532],[-99.45803,19.82355],[-99.44963,19.81508],[-99.45465,19.81199],[-99.46046,19.81206],[-99.46241,19.81634],[-99.46429,19.81393],[-99.46378,19.81133],[-99.46541,19.81039],[-99.46843,19.80407],[-99.46819,19.79901],[-99.46946,19.79737],[-99.47158,19.79713],[-99.47336,19.79536],[-99.47426,19.79316],[-99.47348,19.79245],[-99.47461,19.792],[-99.47391,19.79046],[-99.47466,19.78891],[-99.47585,19.78892],[-99.47549,19.78605],[-99.4762,19.78492],[-99.47769,19.78459],[-99.47912,19.78224],[-99.47841,19.78142],[-99.47864,19.77859],[-99.48052,19.7753],[-99.48105,19.77215],[-99.48418,19.77226],[-99.48606,19.77033],[-99.48533,19.76566],[-99.48431,19.7654],[-99.48395,19.76414],[-99.48303,19.7648],[-99.48246,19.76379],[-99.48297,19.76083],[-99.48354,19.75969],[-99.48994,19.75836],[-99.49114,19.75377],[-99.4925,19.75212],[-99.49151,19.74138],[-99.49246,19.73302],[-99.50235,19.73379],[-99.50587,19.73512],[-99.50652,19.73625],[-99.50745,19.73524],[-99.50849,19.73543],[-99.5128,19.74463],[-99.51249,19.74647],[-99.51398,19.74987],[-99.53408,19.75586],[-99.53985,19.75088],[-99.54133,19.74463],[-99.5449,19.74064],[-99.5458,19.74077],[-99.54667,19.74338],[-99.54795,19.7443],[-99.55423,19.73853],[-99.5615,19.74102],[-99.56237,19.7379],[-99.57002,19.73742],[-99.57642,19.73817],[-99.58071,19.73526],[-99.58051,19.73442],[-99.5818,19.73375],[-99.57892,19.73122],[-99.57143,19.72963],[-99.57186,19.72682],[-99.56934,19.72663],[-99.57188,19.72306],[-99.57177,19.70703],[-99.51988,19.71309],[-99.52592,19.70747],[-99.53046,19.6981],[-99.53733,19.69078],[-99.54258,19.67698],[-99.57676,19.67437],[-99.5783,19.67333],[-99.57815,19.68024],[-99.57713,19.68433],[-99.60646,19.69696],[-99.60774,19.69094],[-99.60717,19.68775],[-99.60822,19.68742],[-99.6088,19.68535],[-99.60679,19.68031],[-99.61176,19.68237],[-99.61812,19.68255],[-99.63521,19.68984],[-99.63803,19.67404],[-99.64989,19.67471],[-99.64823,19.66496],[-99.64299,19.66392],[-99.64214,19.66107],[-99.63861,19.66304],[-99.63547,19.66274],[-99.63647,19.66422],[-99.63536,19.6659],[-99.63578,19.66728],[-99.63376,19.66647],[-99.62827,19.66628],[-99.62546,19.66704],[-99.62392,19.66864],[-99.62278,19.6685],[-99.62182,19.66992],[-99.61985,19.67086],[-99.61402,19.67157],[-99.61133,19.6742],[-99.60448,19.67396],[-99.60397,19.6732],[-99.60069,19.67382],[-99.59754,19.67011],[-99.59582,19.6694],[-99.59612,19.66875],[-99.59081,19.66736],[-99.58055,19.66079],[-99.57314,19.65199],[-99.56472,19.64359],[-99.56458,19.64123],[-99.56116,19.64053],[-99.55453,19.63479],[-99.54985,19.62902],[-99.5379,19.62254],[-99.52769,19.61854],[-99.52464,19.61493],[-99.52806,19.60431],[-99.53051,19.60196],[-99.53341,19.60138],[-99.53398,19.59832],[-99.53079,19.58904],[-99.5258,19.58208],[-99.52337,19.58164],[-99.51655,19.57384],[-99.52439,19.57344],[-99.52088,19.54984],[-99.5224,19.54149],[-99.51599,19.53934],[-99.50693,19.53873],[-99.50082,19.53602],[-99.50026,19.53303],[-99.50491,19.52558],[-99.49717,19.51706],[-99.49313,19.51617],[-99.48936,19.51152],[-99.48104,19.5116],[-99.48015,19.51332],[-99.47945,19.51324],[-99.45382,19.50058],[-99.45055,19.49787],[-99.44899,19.49511],[-99.43288,19.49066],[-99.44268,19.48755],[-99.44341,19.48256],[-99.44429,19.48202],[-99.44744,19.48244],[-99.44926,19.47983],[-99.4522,19.47817],[-99.45408,19.47513],[-99.45591,19.47432],[-99.45595,19.47331],[-99.45782,19.47184],[-99.46654,19.46915],[-99.4672,19.4662],[-99.46628,19.46427],[-99.46657,19.46183],[-99.46873,19.45807],[-99.46841,19.457],[-99.47026,19.45297],[-99.4759,19.44742],[-99.47526,19.446],[-99.4765,19.44284],[-99.48009,19.44466],[-99.48047,19.44325],[-99.48346,19.44266],[-99.48211,19.44076],[-99.48334,19.43954],[-99.4848,19.43937],[-99.48497,19.43842],[-99.48868,19.43771],[-99.49021,19.4356],[-99.49277,19.43579],[-99.49905,19.43383],[-99.50008,19.43194],[-99.50234,19.43034],[-99.50475,19.43128],[-99.50399,19.4289],[-99.50436,19.42489],[-99.51291,19.42413],[-99.51766,19.4226],[-99.5186,19.42525],[-99.52142,19.42181],[-99.52645,19.41826],[-99.52593,19.41686],[-99.52951,19.41538],[-99.52883,19.41302],[-99.5371,19.41159],[-99.54265,19.4061],[-99.55004,19.40341],[-99.56567,19.39543],[-99.53352,19.39624],[-99.52317,19.40072],[-99.48478,19.40743],[-99.47937,19.41133],[-99.47433,19.41102],[-99.47313,19.41697],[-99.46977,19.42155],[-99.46793,19.42328],[-99.46283,19.42479],[-99.45744,19.4242],[-99.45428,19.42282],[-99.44749,19.42593],[-99.44245,19.42704],[-99.41112,19.43067],[-99.4043,19.43053],[-99.40143,19.41956],[-99.40065,19.41861],[-99.39889,19.41999],[-99.39779,19.41877],[-99.39592,19.41942],[-99.40305,19.38329],[-99.40402,19.35383],[-99.39798,19.34494],[-99.39446,19.33779],[-99.38191,19.30581],[-99.39463,19.3034],[-99.40325,19.31151],[-99.40639,19.31293],[-99.41305,19.31111],[-99.41944,19.31129],[-99.43437,19.30862],[-99.441,19.30735],[-99.43452,19.30072],[-99.46042,19.30223],[-99.46168,19.29168],[-99.46474,19.29486],[-99.4657,19.29087],[-99.47378,19.2921],[-99.47442,19.28737],[-99.4728,19.28735],[-99.47273,19.28593],[-99.47417,19.28549],[-99.47402,19.28311],[-99.47644,19.28281],[-99.47538,19.28164],[-99.47991,19.2796],[-99.4883,19.28008],[-99.49752,19.28407],[-99.49582,19.27368],[-99.49325,19.2692],[-99.49569,19.26762],[-99.49599,19.24772],[-99.48056,19.24757],[-99.48134,19.24512],[-99.47862,19.24329],[-99.48011,19.24105],[-99.4799,19.23961],[-99.4748,19.23515],[-99.47437,19.23405],[-99.47503,19.23176],[-99.47435,19.22976],[-99.47172,19.22802],[-99.47065,19.22814],[-99.46841,19.22379],[-99.47697,19.22195],[-99.48977,19.23064],[-99.51455,19.23031],[-99.51634,19.23412],[-99.51982,19.23872],[-99.52181,19.24752],[-99.51962,19.26782],[-99.52278,19.27653],[-99.52176,19.28614],[-99.52716,19.2858],[-99.5274,19.28522],[-99.55594,19.28626],[-99.56165,19.30956],[-99.55184,19.3124],[-99.54553,19.31669],[-99.52865,19.3191],[-99.53322,19.34098],[-99.54558,19.36604],[-99.55823,19.38099],[-99.57198,19.39504],[-99.57297,19.39447],[-99.57426,19.39113],[-99.58387,19.37555],[-99.59018,19.37943],[-99.59936,19.3826],[-99.60636,19.38097],[-99.61525,19.38631],[-99.61972,19.38203],[-99.62044,19.37957],[-99.62748,19.38072],[-99.62421,19.39202],[-99.63471,19.39479],[-99.63298,19.39577],[-99.63002,19.40427],[-99.62482,19.40698],[-99.62366,19.4092],[-99.62126,19.41108],[-99.61869,19.41057],[-99.61838,19.41122],[-99.62985,19.41998],[-99.63582,19.42798],[-99.64037,19.4324],[-99.6417,19.43111],[-99.64274,19.43336],[-99.64682,19.43516],[-99.64581,19.44962],[-99.64366,19.45876],[-99.64196,19.47427],[-99.65314,19.47646],[-99.65326,19.47463],[-99.65419,19.47423],[-99.66187,19.47577],[-99.66101,19.48812],[-99.65909,19.49089],[-99.66144,19.49185],[-99.66648,19.49222],[-99.66727,19.49087],[-99.66614,19.49082],[-99.66646,19.48839],[-99.66762,19.48838],[-99.66881,19.46756],[-99.66675,19.46734],[-99.66589,19.45632],[-99.66507,19.45462],[-99.66598,19.45041],[-99.665,19.44872],[-99.66376,19.44092],[-99.67198,19.4378],[-99.67432,19.43511],[-99.67348,19.43899],[-99.67143,19.43943],[-99.67083,19.4407],[-99.66605,19.44277],[-99.66613,19.44556],[-99.6697,19.44672],[-99.67397,19.44284],[-99.6776,19.44291],[-99.67699,19.44389],[-99.67495,19.44407],[-99.67351,19.4452],[-99.67294,19.44758],[-99.67498,19.44949],[-99.68266,19.45056],[-99.68373,19.45144],[-99.69268,19.4388],[-99.69397,19.43895],[-99.69491,19.43192],[-99.69433,19.4278],[-99.70694,19.42087],[-99.70706,19.42274],[-99.70869,19.4245],[-99.70762,19.42777],[-99.70825,19.4292],[-99.70696,19.4301],[-99.70664,19.43182],[-99.70724,19.43355],[-99.70799,19.43375],[-99.70598,19.43841],[-99.71431,19.43954],[-99.71464,19.4377],[-99.71875,19.43857],[-99.71839,19.44716],[-99.71078,19.45353],[-99.70943,19.45638],[-99.71222,19.45496],[-99.7125,19.45545],[-99.70937,19.45721],[-99.70696,19.45683],[-99.70493,19.46099],[-99.70319,19.46139],[-99.70222,19.46424],[-99.70772,19.46618],[-99.71014,19.46284],[-99.71172,19.46554],[-99.71434,19.46686],[-99.71327,19.46959],[-99.71433,19.46992],[-99.71746,19.46826],[-99.7195,19.46855],[-99.71978,19.46978],[-99.71772,19.47175],[-99.71764,19.47354],[-99.7229,19.47453],[-99.72358,19.47697],[-99.72532,19.47783],[-99.72661,19.47972],[-99.73285,19.47859],[-99.73332,19.47771],[-99.73257,19.47636],[-99.73479,19.47446],[-99.7345,19.47141],[-99.73685,19.47223],[-99.73994,19.47168],[-99.74174,19.47413],[-99.74405,19.47216],[-99.74537,19.47453],[-99.74838,19.47184],[-99.75214,19.47498],[-99.75552,19.47468],[-99.7546,19.47731],[-99.75092,19.47784],[-99.75067,19.47923],[-99.75326,19.48092],[-99.75574,19.47723],[-99.75714,19.47727],[-99.75729,19.47863],[-99.75468,19.48097],[-99.75611,19.48271],[-99.75618,19.48423],[-99.76857,19.48141],[-99.76941,19.46915],[-99.77234,19.46851],[-99.77156,19.47005],[-99.77228,19.47169],[-99.77472,19.47291],[-99.77271,19.47428],[-99.7746,19.47809],[-99.78645,19.47986],[-99.78635,19.48339],[-99.79215,19.48438],[-99.79358,19.49569],[-99.79355,19.50345],[-99.79973,19.50867],[-99.80244,19.50945],[-99.80913,19.51737],[-99.81449,19.52185],[-99.81625,19.52242],[-99.82376,19.52821],[-99.83185,19.53248],[-99.83317,19.53395],[-99.83387,19.53684],[-99.83546,19.53832],[-99.84391,19.53199],[-99.85374,19.53375],[-99.85969,19.53792],[-99.86787,19.539],[-99.86719,19.53991],[-99.9368,19.55085],[-99.93337,19.5442],[-99.92902,19.53939],[-99.93795,19.48853],[-99.93279,19.48731],[-99.92792,19.48488],[-99.91595,19.48206],[-99.90929,19.46816],[-99.90463,19.46648],[-99.90719,19.46164],[-99.90477,19.46096],[-99.90229,19.46419],[-99.89811,19.46465],[-99.89233,19.45743],[-99.89298,19.45323],[-99.88991,19.4527],[-99.89261,19.43703],[-99.88428,19.43504],[-99.87911,19.43955],[-99.86951,19.43937],[-99.86108,19.43753],[-99.85545,19.42624],[-99.85308,19.41968],[-99.85328,19.4188],[-99.87008,19.41965],[-99.86978,19.42115],[-99.8703,19.42283],[-99.87158,19.42365],[-99.87202,19.42699],[-99.87453,19.42395],[-99.87737,19.42372],[-99.87647,19.42229],[-99.87371,19.42238],[-99.86702,19.40905],[-99.86701,19.40579],[-99.88018,19.40544],[-99.88048,19.41883],[-99.88703,19.41976],[-99.8879,19.41736],[-99.8831,19.41651],[-99.88277,19.40139],[-99.89174,19.40105],[-99.89169,19.40865],[-99.90125,19.40712],[-99.90136,19.40029],[-99.91106,19.39854],[-99.91338,19.37427],[-99.9063,19.37358],[-99.90579,19.3773],[-99.89339,19.37647],[-99.89283,19.36832],[-99.89379,19.3653],[-99.91961,19.36511],[-99.92067,19.36089],[-99.92241,19.35952],[-99.92159,19.35553],[-99.92274,19.3543],[-99.92268,19.35195],[-99.92104,19.34485],[-99.92153,19.34286],[-99.92525,19.33832],[-99.92253,19.32308],[-99.92029,19.31748],[-99.91943,19.31162],[-99.91769,19.30992],[-99.91605,19.30517],[-99.91658,19.29991],[-99.91775,19.29839],[-99.91788,19.29469],[-99.91906,19.29271],[-99.91107,19.28053],[-99.90429,19.27537],[-99.8996,19.27031],[-99.89976,19.26657],[-99.90192,19.25772],[-99.90095,19.2481],[-99.90238,19.23278],[-99.90061,19.23344],[-99.90103,19.2246],[-99.89752,19.22375],[-99.88073,19.22945],[-99.88009,19.23517],[-99.87387,19.23626],[-99.86678,19.21719],[-99.87708,19.21649],[-99.88424,19.20491],[-99.86865,19.19828],[-99.86017,19.193],[-99.85749,19.19765],[-99.84703,19.1855],[-99.85017,19.17808],[-99.8456,19.17556],[-99.84696,19.1691],[-99.85067,19.16849],[-99.85109,19.16589],[-99.85766,19.16566],[-99.86254,19.16231],[-99.86785,19.16096],[-99.87076,19.15897],[-99.87394,19.15855],[-99.87431,19.15928],[-99.87841,19.15928],[-99.86972,19.15724],[-99.86517,19.15425],[-99.86303,19.15527],[-99.85834,19.15528],[-99.84935,19.15271],[-99.84631,19.15284],[-99.84206,19.15161],[-99.83986,19.14841],[-99.83636,19.13672],[-99.83442,19.13443],[-99.8341,19.12481],[-99.83506,19.12443],[-99.83545,19.11798],[-99.8427,19.08652],[-99.84787,19.07695],[-99.83665,19.0769],[-99.82991,19.07427],[-99.82967,19.06766],[-99.83379,19.0667],[-99.84557,19.05406],[-99.84527,19.05018],[-99.83076,19.05357],[-99.81645,19.04145],[-99.82707,19.03791],[-99.83916,19.03667],[-99.83706,19.03494],[-99.83539,19.02755],[-99.84306,19.0271],[-99.8529,19.03005],[-99.85195,19.01522],[-99.85214,18.99554],[-99.88349,19.00536],[-99.88368,19.00769],[-99.88168,19.01684],[-99.89562,19.01974],[-99.90107,18.99267],[-99.90203,18.98322],[-99.9327,18.98836],[-99.93219,18.9911],[-99.95892,18.99784],[-99.95186,19.00216],[-99.94816,19.00858],[-99.92772,19.01938],[-99.93748,19.02014],[-99.94368,19.0177],[-99.95372,19.01791],[-99.95975,19.01655],[-99.96617,19.01816],[-99.97375,19.01752],[-99.97561,19.01864],[-99.9779,19.01825],[-99.97912,19.01981],[-99.98457,19.02133],[-99.99458,19.02645],[-99.99894,19.03012],[-99.99828,19.03187],[-100.0126,19.03452],[-100.01558,19.03045],[-100.01963,19.02931],[-100.02647,19.03159],[-100.03109,19.03162],[-100.03917,19.03346],[-100.03946,19.03187],[-100.04601,19.02515],[-100.05355,19.01998],[-100.05402,19.01796],[-100.05964,19.01682],[-100.07541,19.01828],[-100.07963,19.01652],[-100.08702,19.01869],[-100.09341,19.0174],[-100.09661,19.01296],[-100.09977,19.01539],[-100.10368,19.01467],[-100.1066,19.01536],[-100.10714,19.01773],[-100.1091,19.01929],[-100.11298,19.0187],[-100.11767,19.02043],[-100.12376,19.02054],[-100.12276,19.02172],[-100.12325,19.02229],[-100.12685,19.01881],[-100.12911,19.01908],[-100.13048,19.01843],[-100.13317,19.01925],[-100.13646,19.01868],[-100.13744,19.01792],[-100.13814,19.01369],[-100.14046,19.0147],[-100.14128,19.01265],[-100.1431,19.01293],[-100.14429,19.01157],[-100.14881,19.01234],[-100.15,19.01152],[-100.15022,19.01014],[-100.15151,19.01054],[-100.15283,19.00988],[-100.15351,19.008],[-100.1553,19.00649],[-100.15128,19.00324],[-100.15408,18.99765],[-100.15718,18.99468],[-100.15844,18.98713],[-100.16554,18.98325],[-100.167,18.98132],[-100.17359,18.97898],[-100.1746,18.97917],[-100.17527,18.98155],[-100.17885,18.98468],[-100.17907,18.98739],[-100.18143,18.98871],[-100.18246,18.99126],[-100.1846,18.99177],[-100.18711,18.99382],[-100.18755,18.99575],[-100.18949,18.99517],[-100.1933,18.99575],[-100.19456,18.99785],[-100.19615,18.99781],[-100.1973,18.99921],[-100.20604,19.00161],[-100.20847,18.99968],[-100.20874,19.00225],[-100.21117,19.00088],[-100.21425,19.00486],[-100.21697,19.00469],[-100.21753,19.00587],[-100.21934,19.00558],[-100.21813,19.01016],[-100.22081,19.00998],[-100.22237,19.01164],[-100.22382,19.01176],[-100.22455,19.0134],[-100.22729,19.01267],[-100.22831,19.0141],[-100.23257,19.01481],[-100.23589,19.01261],[-100.23644,19.01435],[-100.23775,19.01351],[-100.23912,19.01467],[-100.24008,19.01449],[-100.23757,19.01574],[-100.23492,19.01948],[-100.23157,19.02156],[-100.23191,19.0231],[-100.22905,19.02644],[-100.22959,19.02806],[-100.22869,19.02846],[-100.2293,19.02954],[-100.22835,19.03067],[-100.22894,19.03223],[-100.22853,19.03434],[-100.22997,19.03572],[-100.22863,19.03709],[-100.22974,19.03794],[-100.22921,19.0393],[-100.23011,19.04012],[-100.23006,19.04171],[-100.23239,19.04287],[-100.23255,19.04368],[-100.23286,19.04688],[-100.2321,19.04921],[-100.23341,19.04933],[-100.23329,19.05107],[-100.23487,19.05333],[-100.23693,19.05301],[-100.23542,19.05476],[-100.23735,19.05536],[-100.23713,19.06423],[-100.2343,19.06689],[-100.2321,19.06764],[-100.23134,19.06896],[-100.23013,19.06884],[-100.22879,19.06734],[-100.2255,19.0685],[-100.22558,19.07093],[-100.2241,19.07237],[-100.22363,19.075],[-100.22062,19.07879],[-100.22046,19.08415],[-100.21964,19.0859],[-100.22006,19.08716],[-100.219,19.08829],[-100.22045,19.08975],[-100.22019,19.09251],[-100.21899,19.09401],[-100.22022,19.09638],[-100.21809,19.09918],[-100.21832,19.10049],[-100.21663,19.10336],[-100.21631,19.10554],[-100.21373,19.10874],[-100.21338,19.11039],[-100.21483,19.11493],[-100.21492,19.11806],[-100.20535,19.11227],[-100.19824,19.1032],[-100.19202,19.09901],[-100.18952,19.09866],[-100.18944,19.09754],[-100.16443,19.08981],[-100.15652,19.09068],[-100.14341,19.09029],[-100.13714,19.09332],[-100.13657,19.09677],[-100.1294,19.09324],[-100.13091,19.09075],[-100.12737,19.08958],[-100.12461,19.08962],[-100.12277,19.086],[-100.11849,19.08117],[-100.11463,19.08006],[-100.11057,19.08214],[-100.10892,19.08122],[-100.10423,19.08241],[-100.09835,19.07871],[-100.09801,19.08424],[-100.09608,19.08551],[-100.08984,19.08704],[-100.08872,19.09227],[-100.08613,19.09214],[-100.08641,19.0936],[-100.08475,19.09231],[-100.08427,19.09306],[-100.0819,19.093],[-100.08221,19.09098],[-100.07806,19.08992],[-100.07692,19.0838],[-100.07313,19.08141],[-100.06999,19.08101],[-100.06697,19.08313],[-100.06389,19.08088],[-100.06025,19.08138],[-100.05692,19.08493],[-100.05827,19.08827],[-100.05988,19.08934],[-100.06003,19.09229],[-100.0587,19.09442],[-100.0586,19.09783],[-100.05941,19.09879],[-100.05882,19.10151],[-100.06045,19.10392],[-100.05939,19.10692],[-100.06134,19.1111],[-100.06123,19.11167],[-100.05872,19.11108],[-100.05809,19.11211],[-100.05879,19.11489],[-100.05733,19.11805],[-100.05952,19.12146],[-100.05799,19.12441],[-100.05395,19.12426],[-100.05091,19.12296],[-100.04746,19.11926],[-100.04672,19.11717],[-100.04224,19.11966],[-100.03888,19.11945],[-100.03617,19.12052],[-100.02681,19.12186],[-100.02551,19.12095],[-100.02258,19.11502],[-100.02024,19.1135],[-100.01498,19.11471],[-100.01398,19.11813],[-100.0115,19.12092],[-100.01253,19.12328],[-100.00624,19.1225],[-100.00642,19.11399],[-100.00486,19.1112],[-100.00182,19.11103],[-99.99829,19.11444],[-99.99281,19.1175],[-99.9907,19.12081],[-99.99074,19.1238],[-99.99268,19.12446],[-99.99113,19.12877],[-99.99212,19.13022],[-99.99316,19.12982],[-99.99481,19.13238],[-99.99486,19.13328],[-99.99336,19.13381],[-99.99128,19.13304],[-99.99082,19.13459],[-99.99082,19.13535],[-99.99348,19.13558],[-99.99518,19.13803],[-99.99547,19.14044],[-99.99426,19.14302],[-99.99192,19.14315],[-99.99101,19.13825],[-99.98819,19.13507],[-99.97513,19.14204],[-99.97453,19.14577],[-99.97201,19.14954],[-99.97098,19.15478],[-99.96745,19.15871],[-99.96676,19.16126],[-99.96325,19.16382],[-99.95929,19.17549],[-99.9706,19.18644],[-99.97204,19.18567],[-99.98366,19.18472],[-99.99107,19.18925],[-99.99563,19.19085],[-99.99812,19.19116],[-99.9993,19.19015],[-100.00452,19.18949],[-100.00786,19.19317],[-100.01009,19.19192],[-100.011,19.19195],[-100.01153,19.1932],[-100.0138,19.19195],[-100.01833,19.19239],[-100.02206,19.18891],[-100.02892,19.18666],[-100.02996,19.18489],[-100.04187,19.17837],[-100.04335,19.17966],[-100.04961,19.1813],[-100.05024,19.18007],[-100.05429,19.17905],[-100.05567,19.18156],[-100.05494,19.18381],[-100.05534,19.19482],[-100.05419,19.19983],[-100.05456,19.20181],[-100.05647,19.20818],[-100.06266,19.21456],[-100.06328,19.2166],[-100.05383,19.23596],[-100.05441,19.23839],[-100.05623,19.2379],[-100.05572,19.23606],[-100.06099,19.23439],[-100.06126,19.23314],[-100.06291,19.23292],[-100.06269,19.23224],[-100.06493,19.23267],[-100.06571,19.2345],[-100.06823,19.23588],[-100.07061,19.23521],[-100.07101,19.23314],[-100.07182,19.23277],[-100.07125,19.23238],[-100.07212,19.22773],[-100.07249,19.22857],[-100.07737,19.22906],[-100.07784,19.23007],[-100.07842,19.22925],[-100.07964,19.23036],[-100.08426,19.23099],[-100.08729,19.23337],[-100.08846,19.23252],[-100.09279,19.23363],[-100.08838,19.23469],[-100.08528,19.23658],[-100.08314,19.23915],[-100.08359,19.24017],[-100.08118,19.23928],[-100.07897,19.24092],[-100.08167,19.24445],[-100.08426,19.24369],[-100.08773,19.2439],[-100.08919,19.24272],[-100.09114,19.24283],[-100.0918,19.2414],[-100.09272,19.24126],[-100.09455,19.24115],[-100.09683,19.24311],[-100.09816,19.24288],[-100.09926,19.24079],[-100.10291,19.23911],[-100.10094,19.24169],[-100.10224,19.24377],[-100.10152,19.24499],[-100.10504,19.24549],[-100.10703,19.24661],[-100.10132,19.25127],[-100.09518,19.2584],[-100.09308,19.25898],[-100.09286,19.2611],[-100.10887,19.26187],[-100.11222,19.26577],[-100.11611,19.26645],[-100.11626,19.26947],[-100.10989,19.26947],[-100.10983,19.2805],[-100.1156,19.28327],[-100.12894,19.281],[-100.13576,19.28221],[-100.13746,19.28177],[-100.13964,19.28288],[-100.14229,19.28136],[-100.14585,19.2838],[-100.14502,19.28494],[-100.1462,19.28645],[-100.14992,19.28897],[-100.15302,19.29017],[-100.15811,19.28789],[-100.162,19.29111],[-100.16464,19.28898],[-100.16519,19.28943],[-100.17103,19.28757],[-100.1699,19.28573],[-100.17035,19.28457],[-100.16924,19.28426],[-100.17096,19.28239],[-100.17174,19.27932],[-100.17034,19.27296],[-100.17173,19.26955],[-100.17482,19.26762],[-100.17647,19.25996],[-100.17481,19.25965],[-100.17327,19.26259],[-100.16826,19.26421],[-100.16533,19.26468],[-100.1645,19.26409],[-100.17612,19.25229],[-100.17637,19.25024],[-100.17139,19.24227],[-100.17099,19.24043],[-100.16848,19.24023],[-100.16682,19.24136],[-100.16748,19.23844],[-100.16862,19.237],[-100.17329,19.2335],[-100.1743,19.23521],[-100.17502,19.23498],[-100.17567,19.23687],[-100.17646,19.23658],[-100.17751,19.2389],[-100.1816,19.23743],[-100.18286,19.23843],[-100.18408,19.23991],[-100.18508,19.24504],[-100.18687,19.24597],[-100.18796,19.26118],[-100.18655,19.26592],[-100.18406,19.2693],[-100.18538,19.27005],[-100.18817,19.26907],[-100.19013,19.27038],[-100.18612,19.27139],[-100.18704,19.2819],[-100.19356,19.27975],[-100.20482,19.27857],[-100.20438,19.28018],[-100.20655,19.28146],[-100.2134,19.27714],[-100.21383,19.2744],[-100.21557,19.27252],[-100.21491,19.27062],[-100.21343,19.26966],[-100.21946,19.26278],[-100.2209,19.26293],[-100.2296,19.28055],[-100.22952,19.28262],[-100.23269,19.28257],[-100.23154,19.28376],[-100.2322,19.2842],[-100.23195,19.28527],[-100.23339,19.28541],[-100.2335,19.28644],[-100.2353,19.28786],[-100.23667,19.28648],[-100.23959,19.2877],[-100.24241,19.28682],[-100.24808,19.28303],[-100.2504,19.28339],[-100.25233,19.28116],[-100.25278,19.27927],[-100.25383,19.28204],[-100.25839,19.28397],[-100.25782,19.285],[-100.25847,19.28818],[-100.25956,19.28939],[-100.26096,19.28977],[-100.26273,19.28899],[-100.26408,19.28963],[-100.26614,19.29172],[-100.26833,19.2922],[-100.26826,19.29372],[-100.27022,19.29729],[-100.27153,19.29657],[-100.273,19.29702],[-100.27375,19.29894],[-100.27799,19.29965],[-100.28037,19.30126],[-100.28071,19.30465],[-100.2814,19.30476],[-100.28108,19.30607],[-100.28321,19.30715],[-100.27982,19.31165],[-100.28105,19.31248],[-100.2822,19.31598],[-100.28608,19.32229],[-100.28646,19.32463],[-100.28936,19.32338],[-100.29647,19.32332],[-100.29793,19.3242],[-100.29873,19.32723],[-100.30058,19.32921],[-100.30677,19.32687],[-100.3074,19.33351],[-100.306,19.33687],[-100.30609,19.33789],[-100.30694,19.33824],[-100.30171,19.3429],[-100.30073,19.34274],[-100.30726,19.34844],[-100.31111,19.35322],[-100.31237,19.36236],[-100.31051,19.36471],[-100.3059,19.36687],[-100.305,19.36861],[-100.30214,19.37],[-100.29957,19.37658],[-100.29437,19.38093],[-100.29342,19.38585],[-100.29309,19.39513],[-100.29338,19.39341],[-100.29884,19.39388],[-100.29875,19.40109],[-100.30652,19.41068],[-100.32012,19.45921],[-100.33023,19.46323],[-100.33974,19.46415],[-100.35348,19.4618],[-100.39312,19.46823],[-100.42047,19.46831],[-100.42924,19.47568],[-100.42403,19.47537],[-100.42501,19.47698],[-100.42451,19.47841],[-100.42947,19.47843],[-100.42981,19.47948],[-100.4306,19.47942],[-100.43072,19.48108],[-100.43173,19.48098],[-100.43142,19.48204],[-100.42982,19.48298],[-100.43088,19.48332],[-100.43022,19.48611],[-100.43275,19.48845],[-100.43116,19.49428],[-100.43327,19.49405],[-100.43331,19.49612],[-100.43654,19.49555],[-100.43489,19.507],[-100.44063,19.51413],[-100.42536,19.52226],[-100.42166,19.52511],[-100.41777,19.52484],[-100.41,19.52815],[-100.4066,19.53187],[-100.40444,19.53143],[-100.40441,19.53261],[-100.40323,19.53191],[-100.40138,19.5329],[-100.38914,19.52985],[-100.37901,19.53013],[-100.37607,19.52642],[-100.37441,19.52912],[-100.37133,19.52918],[-100.37057,19.53037],[-100.36934,19.52723],[-100.36861,19.52986],[-100.36665,19.5323],[-100.36316,19.53398],[-100.35929,19.52822],[-100.35429,19.52602],[-100.35369,19.52726],[-100.35005,19.5283],[-100.33366,19.53117],[-100.31472,19.52765],[-100.30009,19.53251],[-100.27397,19.53169],[-100.26654,19.53334],[-100.26506,19.53295],[-100.24825,19.54865],[-100.24445,19.54573],[-100.2383,19.5437],[-100.23749,19.54627],[-100.2356,19.54669],[-100.23479,19.54871],[-100.23168,19.5501],[-100.23025,19.54987],[-100.22886,19.55375],[-100.22713,19.55549],[-100.22727,19.55758],[-100.23748,19.55722],[-100.23795,19.56668],[-100.2423,19.56972],[-100.24375,19.57374],[-100.24428,19.57368],[-100.24325,19.58149],[-100.2436,19.58562],[-100.25214,19.6175],[-100.25225,19.62349],[-100.24962,19.62727],[-100.25166,19.62728],[-100.24752,19.63451],[-100.25601,19.64679],[-100.25624,19.64939],[-100.26175,19.65803],[-100.27399,19.67225],[-100.26752,19.67723],[-100.26387,19.69579],[-100.25815,19.69488],[-100.25773,19.6966],[-100.25852,19.7002],[-100.25719,19.70011],[-100.25489,19.70251],[-100.2532,19.70261],[-100.25258,19.70394],[-100.24778,19.70401],[-100.2477,19.7049],[-100.24515,19.70532],[-100.2437,19.70479],[-100.24068,19.70863],[-100.24298,19.70854],[-100.24029,19.71288],[-100.23868,19.71139],[-100.23711,19.71248],[-100.23738,19.71468],[-100.23605,19.71615],[-100.2371,19.71863],[-100.23224,19.7205],[-100.23266,19.71853],[-100.23162,19.71771],[-100.22969,19.72006],[-100.2258,19.71716],[-100.22647,19.7156],[-100.22878,19.71509],[-100.22612,19.71487],[-100.22732,19.71334],[-100.22953,19.71408],[-100.22946,19.71306],[-100.23177,19.71055],[-100.23077,19.71059],[-100.23118,19.70862],[-100.22959,19.70853],[-100.23082,19.70726],[-100.23041,19.70356],[-100.22949,19.70221],[-100.22098,19.7028],[-100.22091,19.70389],[-100.21854,19.70401],[-100.21759,19.70516],[-100.21587,19.70339],[-100.20415,19.70462],[-100.20225,19.70269],[-100.19772,19.7021],[-100.19707,19.70069],[-100.19679,19.70225],[-100.19224,19.70164],[-100.19211,19.69714],[-100.19099,19.69865],[-100.19025,19.69819],[-100.18648,19.70949],[-100.18601,19.71297],[-100.17005,19.71295],[-100.17085,19.71118],[-100.16934,19.70774],[-100.15562,19.72195],[-100.15941,19.724],[-100.15976,19.72605],[-100.15749,19.72729],[-100.15579,19.72521],[-100.15375,19.72608],[-100.15311,19.72725],[-100.15122,19.72798],[-100.1507,19.72714],[-100.14819,19.72822],[-100.14645,19.73236],[-100.14713,19.74184],[-100.14415,19.74698],[-100.14345,19.75041],[-100.14532,19.75718],[-100.14476,19.76431],[-100.14639,19.76583],[-100.14933,19.76679],[-100.14815,19.76926],[-100.14592,19.76975],[-100.14511,19.77112],[-100.14615,19.7751],[-100.14605,19.77859],[-100.14532,19.77902],[-100.1448,19.78303],[-100.14388,19.78302],[-100.14186,19.78739],[-100.14694,19.79796],[-100.14648,19.79919],[-100.14479,19.80005],[-100.14289,19.80352],[-100.1433,19.80655],[-100.1467,19.81285],[-100.14631,19.81468],[-100.14331,19.81893],[-100.1445,19.82075],[-100.14434,19.82377],[-100.14261,19.82879],[-100.14141,19.82971],[-100.13609,19.84016],[-100.13212,19.85143],[-100.12712,19.85398],[-100.12604,19.85632],[-100.12291,19.8569],[-100.12,19.85639],[-100.11767,19.85713],[-100.10205,19.85399],[-100.09485,19.86043],[-100.09245,19.8598],[-100.08748,19.86042],[-100.07953,19.85781],[-100.06336,19.85455],[-100.06303,19.85581],[-100.06427,19.85619],[-100.06336,19.8619],[-100.06419,19.86251],[-100.06697,19.86328],[-100.0672,19.86174],[-100.07104,19.86307],[-100.09289,19.87377],[-100.10242,19.87971],[-100.10692,19.88676],[-100.11423,19.90143],[-100.11747,19.90401],[-100.11917,19.9121],[-100.12778,19.91449],[-100.13012,19.91619],[-100.13087,19.95023],[-100.13051,19.972],[-100.13139,19.982],[-100.12444,19.99685],[-100.11602,20.00613],[-100.11825,20.00736],[-100.12042,20.00784],[-100.122,20.00707],[-100.12317,20.0077],[-100.1241,20.01099],[-100.12524,20.01218],[-100.12602,20.01132],[-100.1299,20.01059],[-100.13063,20.00965],[-100.13773,20.01075],[-100.14016,20.0081],[-100.14277,20.00744],[-100.14449,20.0052],[-100.15007,20.00538],[-100.15377,20.00639],[-100.15508,20.00744],[-100.15564,20.01077],[-100.15508,20.01347],[-100.1577,20.01791],[-100.15588,20.02451],[-100.1575,20.02828],[-100.15668,20.02886],[-100.15866,20.03577],[-100.15454,20.03509],[-100.15507,20.03782],[-100.15245,20.05276],[-100.15332,20.05367],[-100.14988,20.05522],[-100.14691,20.05517],[-100.14636,20.05224],[-100.14352,20.04831],[-100.14178,20.04788],[-100.14055,20.04416],[-100.13935,20.04297],[-100.13794,20.04431],[-100.13808,20.04756],[-100.14333,20.05079],[-100.14329,20.05266],[-100.1471,20.05767],[-100.14803,20.05705],[-100.15216,20.05728],[-100.15708,20.05937],[-100.15892,20.0616],[-100.16128,20.06197],[-100.16264,20.06305],[-100.16234,20.06427],[-100.15884,20.06568],[-100.15982,20.06683],[-100.16207,20.06676],[-100.16212,20.06753],[-100.15749,20.06974],[-100.15721,20.07068],[-100.1581,20.07472],[-100.16351,20.07627],[-100.16446,20.07835],[-100.16584,20.07746],[-100.16684,20.07484],[-100.16973,20.07564],[-100.17036,20.07805],[-100.1717,20.07822],[-100.17272,20.07728],[-100.17209,20.07463],[-100.17282,20.07332],[-100.17617,20.07206],[-100.17674,20.07091],[-100.18309,20.07386],[-100.1789,20.08127],[-100.17983,20.083],[-100.18349,20.08274],[-100.185,20.08028],[-100.18791,20.0799],[-100.1893,20.0764],[-100.19322,20.07483],[-100.19747,20.07711],[-100.20158,20.07593],[-100.20294,20.07665],[-100.20155,20.07766],[-100.19813,20.11426],[-100.19739,20.12989],[-100.2356,20.14346],[-100.23381,20.14554],[-100.22939,20.14695],[-100.22749,20.14999],[-100.22192,20.15063],[-100.22009,20.15282],[-100.21332,20.15683],[-100.21206,20.15961],[-100.20944,20.16131],[-100.20957,20.16345],[-100.20721,20.16387],[-100.20378,20.16702],[-100.20333,20.17178],[-100.2007,20.17356],[-100.19771,20.17371],[-100.19186,20.176],[-100.19153,20.18204],[-100.19044,20.18388],[-100.19051,20.18804],[-100.18851,20.18872],[-100.18841,20.19422],[-100.18667,20.19479],[-100.18534,20.19427],[-100.18419,20.18942],[-100.18114,20.2088],[-100.18292,20.20827],[-100.18388,20.20902],[-100.18454,20.21165],[-100.18747,20.21351],[-100.18721,20.21403],[-100.19645,20.22228],[-100.20368,20.22635],[-100.20715,20.22942],[-100.20758,20.22888],[-100.21822,20.23381],[-100.22162,20.23458],[-100.2243,20.23788],[-100.23775,20.24518],[-100.24513,20.25036],[-100.25347,20.26093],[-100.26046,20.26751],[-100.27972,20.27261],[-100.30958,20.28248],[-100.30748,20.28547],[-100.29638,20.28611],[-100.28045,20.28889],[-100.27493,20.28853],[-100.25889,20.29018],[-100.25019,20.30954],[-100.24865,20.3168],[-100.25006,20.3185],[-100.25102,20.31849],[-100.25103,20.31984],[-100.24803,20.32015],[-100.24769,20.32195],[-100.21718,20.31891],[-100.20827,20.32418],[-100.20805,20.32719],[-100.20674,20.32592],[-100.19931,20.32876],[-100.19836,20.32823],[-100.1953,20.32939],[-100.19061,20.33759],[-100.18933,20.33808],[-100.18336,20.3594],[-100.18055,20.35898],[-100.17689,20.35721],[-100.17369,20.35221],[-100.17013,20.34946],[-100.17311,20.34793],[-100.17562,20.34126],[-100.17473,20.33832]]]]}},{"type":"Feature","properties":{"nombre":"Mixe"},"geometry":{"type":"MultiPolygon","coordinates":[[[[-95.25325,17.60154],[-95.07657,17.37293],[-94.97119,17.33097],[-94.96975,17.33361],[-94.96651,17.33437],[-94.9635,17.33157],[-94.96276,17.32673],[-94.96056,17.32307],[-94.95098,17.31565],[-94.94578,17.31414],[-94.93308,17.31898],[-94.92892,17.32474],[-94.92716,17.32514],[-94.92567,17.32433],[-94.9251,17.32213],[-94.92006,17.31923],[-94.9159,17.31787],[-94.91149,17.3143],[-94.90831,17.3138],[-94.90419,17.31684],[-94.90095,17.31706],[-94.89904,17.31627],[-94.89504,17.31269],[-94.89287,17.31242],[-94.89078,17.31106],[-94.88798,17.30272],[-94.889,17.30008],[-94.89781,17.29893],[-94.90176,17.29636],[-94.90913,17.29719],[-94.91477,17.29258],[-94.91548,17.28816],[-94.91309,17.28623],[-94.90425,17.28962],[-94.90135,17.28745],[-94.9019,17.28551],[-94.90676,17.27945],[-94.90791,17.27402],[-94.90959,17.27111],[-94.90965,17.26798],[-94.90837,17.26656],[-94.90517,17.26542],[-94.90374,17.26208],[-94.90118,17.26012],[-94.89745,17.25908],[-94.89543,17.25638],[-94.89803,17.25177],[-94.90644,17.24669],[-94.90957,17.24278],[-94.9094,17.24061],[-94.9053,17.23691],[-94.90593,17.23472],[-94.9085,17.23197],[-94.91046,17.22788],[-94.91021,17.21971],[-94.91121,17.21371],[-94.91541,17.20622],[-94.91941,17.20605],[-94.92302,17.20413],[-94.92378,17.20184],[-94.92281,17.19379],[-94.82358,17.18877],[-94.82481,17.1815],[-94.8259,17.17966],[-94.81292,17.15663],[-94.81758,17.15461],[-94.81578,17.15133],[-94.81296,17.15225],[-94.81074,17.15203],[-94.81081,17.15273],[-94.80961,17.15052],[-94.81059,17.15056],[-94.81017,17.14796],[-94.81367,17.14756],[-94.80194,17.12568],[-94.79633,17.12404],[-94.79997,17.12619],[-94.79477,17.13388],[-94.78963,17.13197],[-94.78861,17.12948],[-94.78771,17.12909],[-94.78998,17.12559],[-94.79532,17.12223],[-94.79022,17.11469],[-94.75486,17.11459],[-94.75265,17.11144],[-94.75665,17.11187],[-94.75701,17.10999],[-94.75989,17.1092],[-94.75977,17.10378],[-94.76259,17.10007],[-94.76304,17.09763],[-94.76183,17.0952],[-94.75791,17.09455],[-94.75638,17.0928],[-94.75061,17.09018],[-94.74939,17.09429],[-94.74668,17.09178],[-94.74209,17.09117],[-94.74232,17.09273],[-94.74694,17.09873],[-94.74809,17.10261],[-94.74748,17.10367],[-94.74255,17.10471],[-94.73391,17.10401],[-94.7292,17.10524],[-94.72537,17.10764],[-94.72415,17.10725],[-94.72355,17.10404],[-94.72097,17.10195],[-94.71913,17.09799],[-94.71929,17.09666],[-94.72069,17.09578],[-94.71786,17.09346],[-94.71433,17.09523],[-94.71006,17.09906],[-94.70807,17.09928],[-94.70642,17.09816],[-94.70686,17.09588],[-94.70531,17.094],[-94.70525,17.0905],[-94.70313,17.09124],[-94.70186,17.08948],[-94.70634,17.08772],[-94.70649,17.08594],[-94.70523,17.08388],[-94.70847,17.08184],[-94.71039,17.07381],[-94.71316,17.07419],[-94.71443,17.07548],[-94.72339,17.06734],[-94.73423,17.05543],[-94.74243,17.04497],[-94.74431,17.04362],[-94.74665,17.04436],[-94.7498,17.04404],[-94.75316,17.0421],[-94.755,17.04317],[-94.75464,17.04512],[-94.76104,17.04485],[-94.76305,17.04384],[-94.7644,17.04529],[-94.76684,17.0457],[-94.76745,17.04357],[-94.77,17.0432],[-94.77121,17.04537],[-94.77703,17.0447],[-94.77772,17.03978],[-94.78016,17.03764],[-94.78097,17.03333],[-94.78212,17.03253],[-94.78477,17.03483],[-94.78782,17.03541],[-94.79123,17.03745],[-94.7945,17.03778],[-94.79704,17.0435],[-94.79949,17.04317],[-94.80344,17.04475],[-94.80502,17.04088],[-94.8067,17.03898],[-94.80904,17.04143],[-94.81142,17.04017],[-94.81089,17.03369],[-94.81188,17.02955],[-94.81517,17.02855],[-94.8211,17.02903],[-94.83042,17.03515],[-94.83385,17.03846],[-94.83595,17.03878],[-94.83613,17.04012],[-94.8347,17.04268],[-94.83563,17.04409],[-94.83657,17.05145],[-94.83889,17.05338],[-94.84105,17.05335],[-94.84375,17.05018],[-94.84774,17.04858],[-94.84903,17.04921],[-94.85008,17.05201],[-94.85133,17.05297],[-94.85581,17.05441],[-94.85709,17.05413],[-94.86235,17.05666],[-94.86454,17.05694],[-94.86579,17.05632],[-94.866,17.05064],[-94.87518,17.05093],[-94.87695,17.04979],[-94.8795,17.05051],[-94.88001,17.05153],[-94.87938,17.05224],[-94.87732,17.05124],[-94.87579,17.05253],[-94.87605,17.05463],[-94.87792,17.05802],[-94.8773,17.06245],[-94.87859,17.06594],[-94.88294,17.06827],[-94.88048,17.0619],[-94.8836,17.05871],[-94.88743,17.05873],[-94.89319,17.06166],[-94.89769,17.06093],[-94.89935,17.05921],[-94.89769,17.057],[-94.89376,17.05452],[-94.88875,17.04966],[-94.88877,17.04809],[-94.89314,17.0438],[-94.90173,17.04242],[-94.90549,17.04316],[-94.90933,17.04633],[-94.91373,17.04774],[-94.91671,17.04587],[-94.91633,17.04405],[-94.91563,17.04568],[-94.91208,17.04089],[-94.91032,17.03994],[-94.89801,17.03662],[-94.89671,17.03542],[-94.89044,17.0339],[-94.88341,17.03048],[-94.88185,17.02838],[-94.88073,17.02331],[-94.87906,17.02049],[-94.88269,17.01703],[-94.88343,17.01363],[-94.88419,17.01307],[-94.88277,17.0088],[-94.88142,17.00776],[-94.87856,17.00725],[-94.87582,17.0094],[-94.8718,17.00983],[-94.86536,17.00679],[-94.86349,17.00676],[-94.85479,17.01105],[-94.85046,17.0114],[-94.84366,17.01577],[-94.84324,17.01679],[-94.84074,17.01584],[-94.83948,17.01374],[-94.83974,17.01223],[-94.84824,17.00182],[-94.84835,16.99939],[-94.84428,16.99286],[-94.84396,16.9874],[-94.83409,16.98375],[-94.834,16.97874],[-94.83032,16.97794],[-94.82174,16.97409],[-94.81808,16.97595],[-94.81508,16.97462],[-94.81626,16.97055],[-94.8191,16.96906],[-94.82194,16.96603],[-94.82283,16.96376],[-94.82218,16.96243],[-94.81701,16.96131],[-94.80874,16.96215],[-94.80525,16.95982],[-94.80284,16.95456],[-94.79573,16.95041],[-94.78824,16.95371],[-94.77498,16.94898],[-94.77236,16.94286],[-94.77109,16.94194],[-94.77111,16.94059],[-94.77301,16.93876],[-94.77863,16.9384],[-94.78095,16.93353],[-94.77996,16.93211],[-94.77626,16.93129],[-94.77081,16.9283],[-94.77375,16.92132],[-94.77493,16.91238],[-94.77712,16.91124],[-94.78355,16.91081],[-94.78478,16.91107],[-94.7886,16.91454],[-94.79013,16.91003],[-94.79405,16.91046],[-94.7927,16.90698],[-94.79595,16.90348],[-94.80021,16.90433],[-94.80607,16.90712],[-94.82012,16.89991],[-94.82558,16.89996],[-94.82849,16.90118],[-94.82896,16.90011],[-94.83245,16.89892],[-94.83474,16.89531],[-94.8458,16.89549],[-94.85375,16.89321],[-94.85653,16.89465],[-94.8578,16.89761],[-94.85982,16.89907],[-94.86123,16.90221],[-94.86324,16.90344],[-94.8677,16.90963],[-94.87182,16.91023],[-94.87642,16.90826],[-94.88102,16.90957],[-94.88147,16.90495],[-94.88407,16.90082],[-94.88616,16.90046],[-94.88991,16.89803],[-94.89183,16.89435],[-94.89671,16.89769],[-94.90067,16.89823],[-94.9034,16.89724],[-94.91207,16.88726],[-94.9159,16.88009],[-94.91772,16.87876],[-94.91938,16.87929],[-94.92095,16.88469],[-94.92292,16.88661],[-94.92831,16.88707],[-94.93436,16.88985],[-94.93723,16.88962],[-94.93532,16.88522],[-94.93485,16.88168],[-94.93249,16.87733],[-94.94173,16.87842],[-94.94786,16.87695],[-94.95067,16.87504],[-94.95165,16.87292],[-94.9549,16.87024],[-94.95562,16.86808],[-94.95765,16.8675],[-94.95901,16.86795],[-94.96237,16.86691],[-94.96422,16.86873],[-94.96508,16.8709],[-94.9722,16.87032],[-94.97368,16.86856],[-94.97032,16.86251],[-94.97136,16.85996],[-94.97384,16.85984],[-94.97544,16.85873],[-94.97651,16.85931],[-94.98251,16.85744],[-94.98289,16.85969],[-94.98526,16.86112],[-94.98933,16.85849],[-94.98865,16.85443],[-94.99388,16.85311],[-94.9948,16.84994],[-94.99862,16.85031],[-95.00018,16.85124],[-95.00498,16.84836],[-95.01723,16.84805],[-95.02565,16.85711],[-95.02477,16.8544],[-95.02874,16.85027],[-95.03124,16.8508],[-95.033,16.84919],[-95.03524,16.84966],[-95.03859,16.84869],[-95.03946,16.84713],[-95.04441,16.84416],[-95.04471,16.84143],[-95.04688,16.83943],[-95.0476,16.83665],[-95.05024,16.83306],[-95.05212,16.83532],[-95.05943,16.83646],[-95.06383,16.83537],[-95.06412,16.83705],[-95.0626,16.84271],[-95.0635,16.84454],[-95.06274,16.84896],[-95.05993,16.85172],[-95.06004,16.85338],[-95.06187,16.85639],[-95.06025,16.86129],[-95.0565,16.86235],[-95.05584,16.86048],[-95.05385,16.8605],[-95.05278,16.85849],[-95.05064,16.85975],[-95.05069,16.86156],[-95.05182,16.86169],[-95.05142,16.86494],[-95.05262,16.86516],[-95.05213,16.8683],[-95.0498,16.86803],[-95.04915,16.87214],[-95.051,16.87243],[-95.05049,16.87606],[-95.05104,16.87613],[-95.04998,16.88317],[-95.04956,16.88421],[-95.04824,16.8839],[-95.04793,16.88453],[-95.04932,16.88531],[-95.04878,16.88601],[-95.04968,16.88661],[-95.04896,16.8898],[-95.03181,16.88169],[-95.0282,16.88107],[-95.02855,16.87848],[-95.02635,16.87821],[-95.02079,16.87943],[-95.01602,16.87889],[-95.01532,16.88168],[-95.01688,16.88184],[-95.01812,16.8849],[-95.01427,16.88742],[-95.01759,16.88764],[-95.02575,16.88593],[-95.0223,16.88806],[-95.02481,16.88936],[-95.02814,16.8892],[-95.02977,16.89119],[-95.0351,16.89311],[-95.03553,16.89496],[-95.03297,16.89711],[-95.03299,16.89928],[-95.03374,16.89965],[-95.0332,16.90056],[-95.03733,16.89925],[-95.046,16.89909],[-95.04622,16.90312],[-95.03635,16.90556],[-95.03042,16.90363],[-95.02779,16.90589],[-95.02218,16.90783],[-95.01864,16.90789],[-95.01599,16.91003],[-95.01438,16.91311],[-95.01122,16.91243],[-95.01196,16.91708],[-95.01137,16.91852],[-95.00264,16.92282],[-95.00065,16.92681],[-94.99766,16.92691],[-94.99694,16.92951],[-94.99299,16.93156],[-94.99116,16.93165],[-94.98799,16.93039],[-94.98612,16.92807],[-94.98535,16.92461],[-94.98366,16.92259],[-94.98092,16.92101],[-94.97106,16.92794],[-94.96906,16.92736],[-94.96546,16.92355],[-94.96119,16.92392],[-94.9552,16.92614],[-94.95358,16.92761],[-94.95408,16.92971],[-94.9557,16.93179],[-94.95569,16.93435],[-94.95245,16.93555],[-94.94887,16.93462],[-94.94784,16.93604],[-94.9438,16.93774],[-94.94306,16.93998],[-94.94849,16.94357],[-94.95085,16.94945],[-94.9498,16.95099],[-94.94681,16.95279],[-94.94614,16.95569],[-94.94552,16.95609],[-94.94417,16.95487],[-94.943,16.95503],[-94.9409,16.95754],[-94.94143,16.95957],[-94.94435,16.9606],[-94.94471,16.96139],[-94.94431,16.96394],[-94.94714,16.97119],[-94.94713,16.97683],[-94.94838,16.97756],[-94.94931,16.97697],[-94.95076,16.97342],[-94.9542,16.97],[-94.95506,16.97095],[-94.95445,16.9733],[-94.95768,16.97835],[-94.95637,16.97934],[-94.94937,16.97983],[-94.94778,16.98208],[-94.94453,16.98243],[-94.9445,16.98775],[-94.94639,16.98981],[-94.9544,16.99518],[-94.95666,16.99606],[-94.96046,16.99568],[-94.96421,16.99445],[-94.96453,16.99322],[-94.96673,16.99226],[-94.96637,16.98385],[-94.96484,16.98233],[-94.96311,16.98262],[-94.96425,16.98008],[-94.96238,16.97846],[-94.96229,16.97643],[-94.96602,16.97419],[-94.96721,16.97158],[-94.96633,16.9712],[-94.96658,16.9698],[-94.96877,16.96948],[-94.96803,16.96835],[-94.96868,16.96552],[-94.97002,16.96445],[-94.96901,16.96284],[-94.96965,16.96164],[-94.96888,16.95993],[-94.97016,16.95908],[-94.97023,16.95769],[-94.97237,16.956],[-94.97418,16.95295],[-94.97768,16.95232],[-94.98082,16.95588],[-94.98289,16.95627],[-94.98383,16.95559],[-94.9856,16.95655],[-94.98733,16.95609],[-94.98928,16.95714],[-94.98897,16.9593],[-94.99076,16.96012],[-95.00758,16.94623],[-95.01272,16.94726],[-95.01056,16.94563],[-95.01008,16.94409],[-95.01763,16.93825],[-95.01843,16.93417],[-95.0214,16.9343],[-95.02635,16.93813],[-95.02815,16.94072],[-95.03148,16.94043],[-95.03741,16.94493],[-95.03797,16.94385],[-95.03962,16.94356],[-95.04012,16.94034],[-95.038,16.93682],[-95.03565,16.93595],[-95.03256,16.9326],[-95.03322,16.92449],[-95.04786,16.91866],[-95.05193,16.9192],[-95.0555,16.91708],[-95.05565,16.91127],[-95.05373,16.90985],[-95.056,16.90628],[-95.05805,16.90721],[-95.05939,16.90988],[-95.06011,16.90979],[-95.06091,16.90697],[-95.06352,16.90533],[-95.0675,16.90665],[-95.07254,16.90715],[-95.07442,16.90378],[-95.07941,16.90365],[-95.08057,16.9013],[-95.08223,16.9005],[-95.08354,16.89766],[-95.08455,16.89823],[-95.08508,16.90132],[-95.08647,16.90125],[-95.09152,16.89713],[-95.09394,16.89704],[-95.09598,16.89792],[-95.09823,16.89729],[-95.09751,16.90079],[-95.09869,16.90219],[-95.10362,16.90309],[-95.10543,16.90465],[-95.11382,16.90328],[-95.12096,16.90535],[-95.16608,16.92714],[-95.15416,16.92485],[-95.15353,16.92696],[-95.16371,16.93656],[-95.16999,16.92763],[-95.21772,16.93352],[-95.24131,16.98571],[-95.24296,16.9809],[-95.24414,16.98174],[-95.2459,16.98157],[-95.24808,16.98343],[-95.25201,16.98458],[-95.25564,16.98405],[-95.2586,16.98514],[-95.26003,16.98747],[-95.26367,16.98896],[-95.26456,16.9916],[-95.26643,16.9911],[-95.26771,16.99189],[-95.27243,16.98878],[-95.28349,16.99108],[-95.28636,16.98729],[-95.28823,16.98607],[-95.28966,16.98618],[-95.29402,16.98359],[-95.29632,16.98564],[-95.30079,16.9855],[-95.3017,16.98503],[-95.30214,16.9832],[-95.30601,16.98106],[-95.30932,16.9837],[-95.31198,16.98317],[-95.31652,16.97735],[-95.31464,16.97494],[-95.31541,16.97411],[-95.31503,16.97167],[-95.3162,16.97015],[-95.31619,16.96611],[-95.31603,16.96344],[-95.31494,16.96166],[-95.3158,16.95902],[-95.31358,16.95735],[-95.31423,16.95607],[-95.31559,16.95558],[-95.31749,16.95612],[-95.31741,16.9584],[-95.31851,16.95974],[-95.31972,16.95842],[-95.32205,16.95847],[-95.32215,16.95766],[-95.32091,16.95662],[-95.32248,16.95499],[-95.32061,16.95371],[-95.32315,16.95189],[-95.32109,16.9511],[-95.32195,16.94974],[-95.32403,16.9491],[-95.33352,16.95565],[-95.33683,16.95346],[-95.34143,16.9449],[-95.34841,16.93552],[-95.34586,16.93298],[-95.34411,16.93266],[-95.34376,16.93145],[-95.34116,16.93033],[-95.33948,16.92563],[-95.33993,16.9249],[-95.34386,16.9249],[-95.34696,16.92719],[-95.34867,16.92684],[-95.35062,16.92337],[-95.35388,16.92381],[-95.35504,16.92471],[-95.35614,16.92782],[-95.35989,16.9283],[-95.36239,16.92541],[-95.36279,16.92349],[-95.36593,16.92175],[-95.36863,16.92244],[-95.37169,16.92556],[-95.37605,16.92657],[-95.37757,16.92833],[-95.37879,16.9285],[-95.38161,16.9329],[-95.38166,16.93792],[-95.38288,16.9411],[-95.38626,16.9433],[-95.39026,16.94346],[-95.39208,16.94558],[-95.39341,16.94547],[-95.39437,16.94664],[-95.40095,16.94648],[-95.40612,16.94836],[-95.40689,16.94899],[-95.40639,16.9516],[-95.40747,16.95177],[-95.40719,16.95364],[-95.40837,16.95504],[-95.41227,16.94902],[-95.41678,16.94736],[-95.41691,16.94659],[-95.43278,16.93766],[-95.44072,16.94809],[-95.44835,16.92497],[-95.49326,16.97385],[-95.49842,16.97195],[-95.4976,16.96789],[-95.50253,16.96085],[-95.50649,16.95942],[-95.51242,16.95946],[-95.51449,16.95614],[-95.51656,16.95704],[-95.52167,16.95396],[-95.52537,16.95315],[-95.52685,16.95151],[-95.5303,16.95056],[-95.53146,16.94487],[-95.52971,16.94371],[-95.52778,16.94526],[-95.52724,16.94238],[-95.52534,16.9425],[-95.52342,16.9391],[-95.51977,16.93978],[-95.51923,16.93786],[-95.51703,16.93878],[-95.51675,16.9359],[-95.51271,16.93702],[-95.51033,16.93348],[-95.50853,16.93342],[-95.50554,16.93077],[-95.50273,16.92989],[-95.50572,16.92603],[-95.50589,16.92478],[-95.50411,16.92583],[-95.50311,16.92475],[-95.50092,16.92496],[-95.49514,16.92034],[-95.49412,16.91791],[-95.49528,16.91542],[-95.4948,16.91279],[-95.49545,16.91014],[-95.49685,16.90951],[-95.49983,16.90988],[-95.50413,16.90653],[-95.5059,16.90337],[-95.50856,16.90183],[-95.50941,16.89835],[-95.51796,16.89861],[-95.54907,16.90202],[-95.58036,16.88236],[-95.58086,16.8753],[-95.57727,16.86545],[-95.57862,16.86546],[-95.58046,16.86708],[-95.58819,16.86873],[-95.59109,16.87135],[-95.5918,16.87403],[-95.59042,16.87625],[-95.58993,16.88066],[-95.60967,16.8775],[-95.61361,16.8887],[-95.6366,16.8994],[-95.65842,16.90763],[-95.69442,16.87291],[-95.71701,16.88961],[-95.77764,16.88637],[-95.79295,16.85522],[-95.8095,16.83174],[-95.83733,16.79973],[-95.84209,16.77844],[-95.84283,16.77763],[-95.84511,16.77928],[-95.84829,16.7782],[-95.85366,16.7788],[-95.85631,16.77751],[-95.85867,16.77882],[-95.88154,16.76464],[-95.87737,16.74777],[-95.88215,16.74909],[-95.8833,16.7476],[-95.88712,16.74537],[-95.88925,16.74259],[-95.89647,16.74312],[-95.90746,16.73762],[-95.91278,16.76788],[-95.90734,16.79271],[-95.91542,16.79981],[-95.92475,16.80396],[-95.93592,16.81161],[-95.94051,16.81593],[-95.9419,16.81625],[-95.9445,16.81942],[-95.95091,16.82437],[-95.95208,16.82732],[-95.95337,16.82797],[-95.95689,16.8329],[-95.97154,16.84466],[-95.97649,16.85961],[-95.97161,16.86654],[-95.9669,16.87552],[-95.9644,16.87681],[-95.96493,16.87752],[-95.96721,16.87895],[-95.96902,16.87795],[-95.97161,16.87927],[-95.9758,16.88599],[-95.97931,16.88838],[-95.98021,16.89012],[-95.9814,16.89],[-95.98237,16.89154],[-95.9877,16.88859],[-95.98905,16.88647],[-96.01707,16.87994],[-96.05249,16.88984],[-96.05412,16.8893],[-96.05558,16.88975],[-96.05683,16.89129],[-96.0594,16.8909],[-96.06102,16.88975],[-96.06366,16.89145],[-96.06623,16.89113],[-96.06774,16.89197],[-96.07203,16.88957],[-96.07644,16.8929],[-96.08062,16.8947],[-96.08199,16.8976],[-96.08442,16.89825],[-96.08613,16.89736],[-96.08997,16.89829],[-96.09467,16.90223],[-96.09721,16.9019],[-96.09948,16.90295],[-96.10441,16.90822],[-96.11171,16.90756],[-96.1136,16.909],[-96.11424,16.9112],[-96.11794,16.91506],[-96.12153,16.91659],[-96.12465,16.91923],[-96.13025,16.91885],[-96.14028,16.92046],[-96.14184,16.92146],[-96.1443,16.92453],[-96.15347,16.93194],[-96.1552,16.93603],[-96.15651,16.93723],[-96.15714,16.94034],[-96.1593,16.94191],[-96.16213,16.94567],[-96.16301,16.9503],[-96.167,16.95484],[-96.16855,16.95781],[-96.16999,16.95791],[-96.17123,16.9593],[-96.1706,16.96341],[-96.17344,16.96484],[-96.17553,16.96736],[-96.18155,16.96936],[-96.1831,16.96847],[-96.1861,16.97092],[-96.18974,16.97996],[-96.19202,16.98198],[-96.19338,16.98523],[-96.19351,16.98801],[-96.19598,16.99189],[-96.19891,16.99256],[-96.20087,16.99452],[-96.20384,17.00699],[-96.20571,17.00863],[-96.20775,17.01218],[-96.20736,17.02481],[-96.20907,17.03016],[-96.20638,17.03653],[-96.20647,17.04008],[-96.20577,17.0413],[-96.20083,17.04398],[-96.19843,17.05148],[-96.19362,17.05186],[-96.18025,17.06068],[-96.17736,17.06429],[-96.17838,17.07148],[-96.17764,17.07629],[-96.17925,17.08533],[-96.18192,17.09276],[-96.18295,17.10279],[-96.17992,17.10736],[-96.1801,17.10938],[-96.18171,17.11149],[-96.18517,17.11305],[-96.1886,17.11576],[-96.18159,17.11963],[-96.17428,17.12637],[-96.16887,17.12672],[-96.16529,17.12516],[-96.16484,17.12422],[-96.16184,17.12447],[-96.16006,17.12873],[-96.16184,17.13222],[-96.15851,17.13167],[-96.15737,17.13415],[-96.15382,17.13505],[-96.14924,17.14232],[-96.14574,17.14515],[-96.14497,17.14724],[-96.1425,17.1496],[-96.14081,17.14898],[-96.13852,17.15058],[-96.13806,17.15262],[-96.13641,17.15273],[-96.13477,17.15437],[-96.13297,17.15203],[-96.13034,17.15172],[-96.12784,17.15597],[-96.12803,17.15893],[-96.12629,17.16248],[-96.12223,17.16351],[-96.12039,17.16501],[-96.1182,17.16477],[-96.11663,17.16586],[-96.11897,17.16917],[-96.11963,17.17546],[-96.11804,17.17732],[-96.11803,17.17954],[-96.11611,17.1795],[-96.11617,17.18098],[-96.11359,17.18231],[-96.11381,17.18425],[-96.11576,17.18609],[-96.11653,17.18814],[-96.11606,17.19223],[-96.12182,17.19528],[-96.12199,17.19622],[-96.12413,17.19781],[-96.12918,17.19888],[-96.13128,17.20219],[-96.13147,17.20397],[-96.13668,17.20699],[-96.13867,17.20731],[-96.13806,17.20992],[-96.1392,17.21257],[-96.13979,17.21734],[-96.13883,17.22416],[-96.13949,17.22667],[-96.13804,17.22633],[-96.14163,17.22964],[-96.14468,17.22949],[-96.1461,17.23118],[-96.13919,17.23328],[-96.13919,17.23454],[-96.13784,17.23416],[-96.13809,17.23654],[-96.13674,17.23797],[-96.13618,17.23752],[-96.13514,17.23818],[-96.13385,17.23732],[-96.13292,17.2387],[-96.13242,17.23787],[-96.13018,17.23775],[-96.12935,17.24004],[-96.12627,17.24256],[-96.12553,17.24503],[-96.11597,17.25507],[-96.11544,17.25753],[-96.11284,17.2604],[-96.1053,17.26136],[-96.10321,17.26472],[-96.10323,17.26743],[-96.10031,17.27267],[-96.09631,17.27496],[-96.0927,17.2792],[-96.08535,17.28068],[-96.08313,17.28362],[-96.0812,17.28709],[-96.08109,17.2908],[-96.08801,17.29532],[-96.08055,17.30155],[-96.08524,17.30375],[-96.08139,17.31091],[-96.08224,17.32299],[-96.07758,17.32319],[-96.07649,17.32397],[-96.07405,17.32295],[-96.07206,17.32282],[-96.0712,17.32413],[-96.06962,17.32345],[-96.06775,17.32488],[-96.0681,17.32601],[-96.06697,17.32685],[-96.06701,17.32825],[-96.06476,17.32377],[-96.06495,17.31775],[-96.04675,17.31715],[-96.0436,17.32147],[-96.04235,17.32089],[-96.03856,17.32296],[-96.03508,17.32078],[-96.02906,17.32183],[-96.0215,17.3157],[-96.01813,17.31571],[-96.01073,17.31775],[-96.00476,17.31724],[-96,17.31946],[-95.99151,17.32043],[-95.98948,17.31992],[-95.9964,17.31672],[-95.98656,17.30998],[-95.98232,17.313],[-95.97807,17.31292],[-95.96768,17.30186],[-95.97275,17.29418],[-95.96961,17.2866],[-95.96276,17.28691],[-95.94983,17.29124],[-95.94453,17.28563],[-95.93948,17.28231],[-95.94125,17.27846],[-95.93842,17.27647],[-95.93527,17.27954],[-95.9246,17.27252],[-95.91874,17.27487],[-95.90593,17.27174],[-95.90309,17.27377],[-95.90243,17.27239],[-95.89955,17.27297],[-95.89814,17.27723],[-95.89609,17.27914],[-95.88796,17.2788],[-95.88143,17.28194],[-95.8771,17.27837],[-95.87585,17.27342],[-95.85475,17.26028],[-95.84855,17.26368],[-95.83428,17.25844],[-95.82452,17.25625],[-95.80575,17.23503],[-95.80443,17.23714],[-95.7978,17.24225],[-95.79359,17.24901],[-95.79035,17.25179],[-95.78868,17.25455],[-95.7825,17.25743],[-95.77309,17.26459],[-95.76834,17.26236],[-95.76411,17.2643],[-95.7633,17.26348],[-95.76143,17.26355],[-95.7559,17.26579],[-95.7531,17.26507],[-95.75054,17.26575],[-95.74897,17.26746],[-95.74837,17.27514],[-95.74596,17.27513],[-95.74659,17.27882],[-95.74249,17.27978],[-95.7421,17.28114],[-95.74316,17.2835],[-95.74023,17.28317],[-95.73975,17.28417],[-95.73841,17.28192],[-95.73958,17.27894],[-95.73779,17.2795],[-95.73583,17.2822],[-95.73286,17.28259],[-95.73024,17.28176],[-95.72932,17.27859],[-95.73067,17.27778],[-95.72995,17.2752],[-95.72854,17.27491],[-95.72702,17.27667],[-95.7256,17.27663],[-95.72442,17.27478],[-95.72213,17.27435],[-95.72119,17.27297],[-95.717,17.27191],[-95.71516,17.27034],[-95.71248,17.26363],[-95.71482,17.26137],[-95.7164,17.25676],[-95.71533,17.25404],[-95.71197,17.25051],[-95.70956,17.2499],[-95.70836,17.24757],[-95.70673,17.24665],[-95.70513,17.24823],[-95.70347,17.24766],[-95.70294,17.24635],[-95.70096,17.24621],[-95.69911,17.24372],[-95.69592,17.24204],[-95.69458,17.2403],[-95.69507,17.23615],[-95.69009,17.23448],[-95.68692,17.23539],[-95.68303,17.23423],[-95.68112,17.23475],[-95.6784,17.23888],[-95.67384,17.24133],[-95.67444,17.24268],[-95.67788,17.24437],[-95.67871,17.24923],[-95.67541,17.25189],[-95.67484,17.25077],[-95.67567,17.24871],[-95.67216,17.24732],[-95.67211,17.2515],[-95.6707,17.25295],[-95.66864,17.25331],[-95.66766,17.25483],[-95.66845,17.2625],[-95.66488,17.27027],[-95.66499,17.27184],[-95.66579,17.2727],[-95.66746,17.27172],[-95.66937,17.27294],[-95.67141,17.27262],[-95.67202,17.27344],[-95.67243,17.27758],[-95.67007,17.27847],[-95.66691,17.27664],[-95.66566,17.27745],[-95.67047,17.28402],[-95.66723,17.28552],[-95.66777,17.28842],[-95.66341,17.28882],[-95.65999,17.29059],[-95.65873,17.29724],[-95.65996,17.29775],[-95.66157,17.29633],[-95.66288,17.29759],[-95.66252,17.29908],[-95.65481,17.3013],[-95.64948,17.30589],[-95.6489,17.30841],[-95.64707,17.30876],[-95.64678,17.30997],[-95.64799,17.31133],[-95.65074,17.31121],[-95.65203,17.31238],[-95.64872,17.3159],[-95.64833,17.31902],[-95.64715,17.31957],[-95.64519,17.31787],[-95.64408,17.31803],[-95.63855,17.32259],[-95.63601,17.32094],[-95.63244,17.3218],[-95.63059,17.32569],[-95.62637,17.32804],[-95.6193,17.33459],[-95.61564,17.34067],[-95.61274,17.34014],[-95.61035,17.34196],[-95.60956,17.34569],[-95.60575,17.34792],[-95.60374,17.3509],[-95.60338,17.35346],[-95.60461,17.356],[-95.60167,17.35944],[-95.60369,17.36335],[-95.59856,17.36747],[-95.59544,17.36673],[-95.59294,17.36845],[-95.59304,17.36928],[-95.59728,17.37216],[-95.5978,17.37446],[-95.59042,17.37295],[-95.58454,17.37537],[-95.579,17.37516],[-95.57821,17.3765],[-95.57828,17.38328],[-95.57361,17.38462],[-95.57213,17.38588],[-95.57112,17.39284],[-95.5693,17.39672],[-95.56586,17.39385],[-95.55737,17.39717],[-95.55434,17.39566],[-95.55107,17.39534],[-95.55093,17.39896],[-95.56312,17.40756],[-95.56354,17.41259],[-95.56204,17.41986],[-95.56029,17.42272],[-95.55714,17.42365],[-95.55406,17.42235],[-95.55332,17.42278],[-95.55285,17.42804],[-95.5513,17.42948],[-95.54809,17.42785],[-95.54747,17.42616],[-95.54776,17.42273],[-95.54571,17.42119],[-95.53944,17.42086],[-95.5357,17.42235],[-95.5353,17.42524],[-95.53007,17.42831],[-95.52864,17.43306],[-95.52955,17.43317],[-95.5286,17.43347],[-95.52762,17.43542],[-95.52354,17.43781],[-95.52313,17.43888],[-95.51879,17.44064],[-95.51534,17.44414],[-95.51381,17.44757],[-95.51436,17.44965],[-95.51397,17.45297],[-95.51325,17.45363],[-95.51109,17.45329],[-95.50904,17.45061],[-95.51012,17.4463],[-95.50892,17.44277],[-95.50671,17.44106],[-95.50418,17.44071],[-95.50132,17.44218],[-95.49983,17.44665],[-95.49853,17.44687],[-95.49606,17.44568],[-95.4935,17.44176],[-95.48997,17.44179],[-95.48712,17.44549],[-95.48198,17.44737],[-95.47857,17.45218],[-95.47689,17.4529],[-95.46795,17.44857],[-95.46572,17.44892],[-95.46172,17.45147],[-95.45663,17.45096],[-95.45097,17.44788],[-95.44694,17.44242],[-95.44481,17.44233],[-95.44597,17.44145],[-95.44418,17.44213],[-95.44392,17.44654],[-95.44296,17.44841],[-95.44161,17.44839],[-95.43876,17.45041],[-95.43314,17.45081],[-95.43098,17.45247],[-95.43061,17.45355],[-95.43336,17.45681],[-95.43418,17.4591],[-95.43415,17.46222],[-95.43192,17.46171],[-95.43002,17.45937],[-95.42705,17.45794],[-95.4227,17.45856],[-95.42116,17.46132],[-95.41974,17.46198],[-95.41936,17.45946],[-95.41812,17.4585],[-95.41185,17.45694],[-95.4087,17.45393],[-95.40669,17.45392],[-95.40682,17.45616],[-95.41052,17.4623],[-95.41194,17.46866],[-95.41192,17.46956],[-95.41043,17.47061],[-95.4075,17.47043],[-95.39702,17.46194],[-95.39606,17.46207],[-95.39235,17.46398],[-95.39304,17.46991],[-95.39235,17.47076],[-95.38925,17.47115],[-95.3866,17.47308],[-95.3865,17.47563],[-95.38728,17.47691],[-95.39047,17.47817],[-95.38927,17.47981],[-95.38691,17.47994],[-95.38248,17.47606],[-95.38013,17.47609],[-95.3764,17.47923],[-95.37157,17.48149],[-95.37253,17.48644],[-95.37006,17.48819],[-95.36467,17.48902],[-95.3605,17.49174],[-95.35831,17.49185],[-95.3566,17.49101],[-95.35372,17.48756],[-95.35091,17.48983],[-95.35253,17.49155],[-95.35599,17.49293],[-95.35558,17.49365],[-95.35286,17.49351],[-95.3519,17.49271],[-95.34981,17.49333],[-95.34848,17.50102],[-95.34205,17.50295],[-95.34365,17.50709],[-95.34763,17.51158],[-95.34515,17.51721],[-95.34254,17.51777],[-95.33458,17.51273],[-95.32984,17.5107],[-95.3281,17.50929],[-95.32689,17.50495],[-95.32567,17.50431],[-95.32198,17.50505],[-95.31896,17.50865],[-95.31456,17.50842],[-95.31417,17.51147],[-95.3127,17.51333],[-95.31276,17.51566],[-95.31697,17.51785],[-95.31968,17.52248],[-95.32345,17.52122],[-95.32707,17.52403],[-95.32765,17.52549],[-95.3254,17.52829],[-95.32558,17.52975],[-95.32695,17.53096],[-95.31956,17.53588],[-95.31587,17.53696],[-95.31571,17.53829],[-95.31449,17.53944],[-95.30794,17.53849],[-95.30377,17.54021],[-95.30162,17.54022],[-95.29432,17.5345],[-95.29124,17.53417],[-95.28838,17.53697],[-95.28603,17.54583],[-95.28503,17.54636],[-95.27924,17.54588],[-95.27483,17.54695],[-95.26905,17.54525],[-95.26618,17.54626],[-95.26543,17.54837],[-95.26752,17.55206],[-95.26938,17.55313],[-95.27502,17.55186],[-95.27785,17.55375],[-95.27782,17.55515],[-95.27519,17.55743],[-95.27122,17.55582],[-95.2687,17.55579],[-95.26422,17.55986],[-95.26388,17.56196],[-95.26488,17.56324],[-95.27012,17.56641],[-95.27085,17.5709],[-95.26375,17.57244],[-95.26405,17.5752],[-95.26587,17.57924],[-95.26422,17.58167],[-95.26194,17.5825],[-95.25671,17.5815],[-95.25578,17.58365],[-95.25558,17.5897],[-95.25898,17.59147],[-95.26015,17.594],[-95.25767,17.59751],[-95.25325,17.60154]]]]}},{"type":"Feature","properties":{"nombre":"Mixteca"},"geometry":{"type":"MultiPolygon","coordinates":[[[[-97.82627,17.97268],[-97.82684,17.97334],[-97.82804,17.97478],[-97.82627,17.97268]]],[[[-97.82627,17.97268],[-97.82484,17.97675],[-97.82601,17.97284],[-97.82627,17.97268]]],[[[-97.82804,17.97478],[-97.82983,17.97678],[-97.83291,17.98032],[-97.82804,17.97478]]],[[[-98.11556,17.97976],[-98.11303,17.97843],[-98.11103,17.98176],[-98.10921,17.98145],[-98.10779,17.98285],[-98.1044,17.98175],[-98.10074,17.98226],[-98.09887,17.98168],[-98.09473,17.9853],[-98.09268,17.98362],[-98.08988,17.98456],[-98.08919,17.98274],[-98.08777,17.9831],[-98.08541,17.98232],[-98.08453,17.98298],[-98.08187,17.98134],[-98.07939,17.98145],[-98.07978,17.98197],[-98.07919,17.98212],[-98.0752,17.98062],[-98.07178,17.98252],[-98.06996,17.98261],[-98.06546,17.98557],[-98.06084,17.9845],[-98.05918,17.98194],[-98.05727,17.98179],[-98.05423,17.98293],[-98.05162,17.98219],[-98.05229,17.9766],[-98.05088,17.95375],[-98.05165,17.92745],[-98.04436,17.93016],[-98.03216,17.93186],[-98.01017,17.93332],[-97.99263,17.92869],[-97.9833,17.92442],[-97.98609,17.91258],[-97.98912,17.90648],[-97.98326,17.89134],[-97.98274,17.88589],[-97.97413,17.87926],[-97.96773,17.87747],[-97.96453,17.87548],[-97.95283,17.87123],[-97.90851,17.84895],[-97.90662,17.85983],[-97.90692,17.89936],[-97.90308,17.90748],[-97.90311,17.90922],[-97.89918,17.91087],[-97.89777,17.91251],[-97.89143,17.91309],[-97.88938,17.91242],[-97.88582,17.91418],[-97.88467,17.91374],[-97.88293,17.91479],[-97.88119,17.91743],[-97.87911,17.91791],[-97.87006,17.91717],[-97.85939,17.91405],[-97.85401,17.91157],[-97.83236,17.90853],[-97.83084,17.9137],[-97.82697,17.91457],[-97.81929,17.91474],[-97.81121,17.93813],[-97.81302,17.94133],[-97.81276,17.94646],[-97.8094,17.95114],[-97.80747,17.95119],[-97.80346,17.95378],[-97.80323,17.95594],[-97.80428,17.95778],[-97.80337,17.96046],[-97.80176,17.9593],[-97.79955,17.95982],[-97.79862,17.96135],[-97.79629,17.9609],[-97.7961,17.96206],[-97.79518,17.96145],[-97.79439,17.96212],[-97.78956,17.9618],[-97.78347,17.9663],[-97.78002,17.96645],[-97.77812,17.9689],[-97.7762,17.96878],[-97.77503,17.97072],[-97.77266,17.97058],[-97.77439,17.97466],[-97.77381,17.97711],[-97.76794,17.97665],[-97.75203,17.97287],[-97.74455,17.95624],[-97.74526,17.95619],[-97.74499,17.94802],[-97.72995,17.93009],[-97.72174,17.91904],[-97.71291,17.91042],[-97.7188,17.90482],[-97.72111,17.89754],[-97.72123,17.8947],[-97.71527,17.88626],[-97.71711,17.87593],[-97.71339,17.87522],[-97.71846,17.8729],[-97.73021,17.86074],[-97.72758,17.8581],[-97.73091,17.85772],[-97.73408,17.85404],[-97.73622,17.84075],[-97.7404,17.83825],[-97.74177,17.83633],[-97.73966,17.83081],[-97.74152,17.82818],[-97.7429,17.82193],[-97.74468,17.8198],[-97.74521,17.82209],[-97.74678,17.82249],[-97.74983,17.8185],[-97.74801,17.81739],[-97.74625,17.81949],[-97.74317,17.8179],[-97.74109,17.81958],[-97.73553,17.81693],[-97.73413,17.81189],[-97.74523,17.80562],[-97.74531,17.80337],[-97.73923,17.80556],[-97.73642,17.80368],[-97.73033,17.80306],[-97.72733,17.79812],[-97.72975,17.79278],[-97.73389,17.79005],[-97.72571,17.7874],[-97.73207,17.78374],[-97.72747,17.77377],[-97.72327,17.76942],[-97.71873,17.76223],[-97.69954,17.7489],[-97.69331,17.74647],[-97.68974,17.74233],[-97.68868,17.72382],[-97.70245,17.73014],[-97.7078,17.73137],[-97.71907,17.71467],[-97.7345,17.70726],[-97.74895,17.70254],[-97.7615,17.69679],[-97.77055,17.69472],[-97.77079,17.68029],[-97.75729,17.66044],[-97.74835,17.66309],[-97.73197,17.67473],[-97.72874,17.66986],[-97.72442,17.66593],[-97.72145,17.6597],[-97.71604,17.6591],[-97.71559,17.65236],[-97.72286,17.64621],[-97.7271,17.64499],[-97.73124,17.63967],[-97.73131,17.63844],[-97.73702,17.63327],[-97.73925,17.63008],[-97.74211,17.62558],[-97.74347,17.6214],[-97.74123,17.61382],[-97.74438,17.60288],[-97.74396,17.60125],[-97.73823,17.5954],[-97.73498,17.58748],[-97.73564,17.58387],[-97.73403,17.5813],[-97.73371,17.57806],[-97.73128,17.57313],[-97.70245,17.55193],[-97.69711,17.54973],[-97.68215,17.56266],[-97.67684,17.56433],[-97.67196,17.56707],[-97.66473,17.56814],[-97.66416,17.56526],[-97.66479,17.56339],[-97.66371,17.56318],[-97.66279,17.5618],[-97.6633,17.56009],[-97.66183,17.55737],[-97.65928,17.55454],[-97.65575,17.55252],[-97.6552,17.55033],[-97.65419,17.54957],[-97.655,17.54579],[-97.65044,17.5349],[-97.64477,17.51489],[-97.6398,17.50163],[-97.68563,17.47711],[-97.6989,17.46884],[-97.69992,17.46729],[-97.70222,17.45109],[-97.69818,17.44522],[-97.68664,17.43387],[-97.66698,17.4181],[-97.66405,17.41308],[-97.66237,17.40822],[-97.66004,17.40565],[-97.65759,17.40499],[-97.65494,17.40307],[-97.65523,17.39939],[-97.65597,17.39844],[-97.65518,17.39752],[-97.65524,17.39324],[-97.65627,17.39071],[-97.65348,17.38791],[-97.65029,17.3796],[-97.62592,17.36898],[-97.62603,17.36543],[-97.63214,17.34741],[-97.63143,17.34151],[-97.63206,17.3391],[-97.62876,17.33078],[-97.62747,17.33063],[-97.62442,17.3326],[-97.62178,17.33162],[-97.61711,17.32425],[-97.61541,17.32362],[-97.61456,17.31979],[-97.61656,17.31249],[-97.61133,17.31197],[-97.60648,17.3167],[-97.5854,17.31962],[-97.57784,17.31232],[-97.55494,17.30101],[-97.54857,17.29524],[-97.54635,17.29579],[-97.54563,17.29717],[-97.54463,17.29418],[-97.53849,17.29471],[-97.54025,17.29034],[-97.52859,17.28963],[-97.52533,17.28754],[-97.52137,17.29048],[-97.5011,17.26999],[-97.49785,17.27001],[-97.44808,17.28201],[-97.41489,17.29194],[-97.4188,17.30265],[-97.42062,17.31564],[-97.43171,17.32567],[-97.44192,17.34231],[-97.44307,17.34844],[-97.44062,17.34847],[-97.42726,17.35302],[-97.40332,17.35969],[-97.39323,17.36372],[-97.36016,17.36521],[-97.35861,17.36148],[-97.35717,17.35307],[-97.35499,17.35045],[-97.35461,17.34856],[-97.34793,17.34351],[-97.33886,17.33352],[-97.31646,17.34121],[-97.30596,17.33644],[-97.30262,17.34252],[-97.30161,17.34625],[-97.30233,17.3476],[-97.30176,17.35217],[-97.3,17.35461],[-97.2992,17.3582],[-97.29458,17.36346],[-97.29471,17.3655],[-97.28902,17.37324],[-97.2892,17.37995],[-97.27319,17.3889],[-97.26647,17.38995],[-97.25612,17.39297],[-97.2495,17.3932],[-97.24706,17.3861],[-97.24541,17.38535],[-97.24317,17.36448],[-97.2091,17.36616],[-97.19928,17.37563],[-97.20238,17.38957],[-97.20489,17.39399],[-97.20407,17.39939],[-97.2087,17.40536],[-97.212,17.4169],[-97.2119,17.41935],[-97.22529,17.42016],[-97.2303,17.42447],[-97.2286,17.4277],[-97.23285,17.42791],[-97.23331,17.43001],[-97.23628,17.43088],[-97.23654,17.42999],[-97.23362,17.42738],[-97.23398,17.42655],[-97.25681,17.4491],[-97.25986,17.46675],[-97.25794,17.48069],[-97.25723,17.48079],[-97.26019,17.49894],[-97.25564,17.50037],[-97.25448,17.50531],[-97.24992,17.50781],[-97.25602,17.51098],[-97.25564,17.517],[-97.25641,17.52389],[-97.25569,17.5291],[-97.25158,17.53095],[-97.24059,17.53961],[-97.23245,17.54464],[-97.211,17.56787],[-97.19977,17.57884],[-97.1976,17.5849],[-97.19842,17.59158],[-97.20968,17.59691],[-97.24471,17.60218],[-97.26527,17.58352],[-97.27544,17.57323],[-97.28092,17.57601],[-97.2843,17.58028],[-97.28604,17.58027],[-97.27726,17.59834],[-97.27832,17.59933],[-97.27793,17.60466],[-97.28039,17.60726],[-97.28024,17.60971],[-97.27938,17.61179],[-97.27374,17.61611],[-97.27795,17.6243],[-97.28036,17.62527],[-97.28055,17.63107],[-97.28413,17.63237],[-97.28889,17.63782],[-97.29211,17.63413],[-97.29125,17.62806],[-97.29168,17.62529],[-97.28955,17.62103],[-97.2838,17.6147],[-97.28852,17.61513],[-97.29009,17.61422],[-97.29065,17.61247],[-97.287,17.6082],[-97.28739,17.60304],[-97.28519,17.59894],[-97.28233,17.59687],[-97.28203,17.59247],[-97.28726,17.58304],[-97.29374,17.5781],[-97.29422,17.57696],[-97.29482,17.57326],[-97.29171,17.56565],[-97.29385,17.566],[-97.29709,17.56417],[-97.2995,17.56648],[-97.30278,17.56705],[-97.30251,17.56266],[-97.30329,17.56052],[-97.29991,17.55664],[-97.30334,17.55897],[-97.30675,17.56265],[-97.31038,17.56385],[-97.3094,17.5652],[-97.31189,17.56738],[-97.32608,17.57462],[-97.33115,17.57803],[-97.32704,17.57423],[-97.33878,17.57227],[-97.34312,17.57742],[-97.35442,17.57722],[-97.38329,17.57125],[-97.39247,17.56755],[-97.39513,17.55313],[-97.40036,17.54168],[-97.39745,17.54345],[-97.38601,17.54248],[-97.37659,17.53652],[-97.36294,17.53029],[-97.35602,17.52448],[-97.35551,17.5209],[-97.35735,17.51952],[-97.35554,17.51532],[-97.35729,17.51261],[-97.35949,17.5122],[-97.35989,17.50931],[-97.36427,17.50352],[-97.36946,17.49946],[-97.37468,17.5006],[-97.38997,17.50109],[-97.39894,17.52166],[-97.40034,17.52773],[-97.40325,17.53278],[-97.40523,17.54189],[-97.40148,17.54507],[-97.40246,17.54927],[-97.40156,17.55108],[-97.40582,17.55627],[-97.404,17.55897],[-97.40193,17.55984],[-97.40325,17.56073],[-97.40025,17.56493],[-97.39943,17.57279],[-97.39407,17.57468],[-97.39326,17.57338],[-97.39054,17.57358],[-97.39039,17.57443],[-97.3857,17.57476],[-97.37735,17.5777],[-97.36981,17.57668],[-97.37336,17.5892],[-97.38123,17.59628],[-97.37749,17.59906],[-97.37457,17.60406],[-97.37431,17.6079],[-97.37142,17.60955],[-97.37109,17.61046],[-97.37243,17.61967],[-97.37152,17.62274],[-97.37274,17.62754],[-97.37166,17.63141],[-97.37263,17.63284],[-97.36913,17.63584],[-97.36902,17.63797],[-97.37051,17.6401],[-97.37299,17.63986],[-97.3777,17.64225],[-97.38462,17.65691],[-97.40935,17.64814],[-97.42312,17.62102],[-97.4205,17.6188],[-97.43131,17.61778],[-97.44108,17.61009],[-97.44526,17.60489],[-97.45953,17.59788],[-97.46881,17.60561],[-97.50168,17.61461],[-97.51065,17.62463],[-97.51343,17.62906],[-97.5137,17.63308],[-97.52156,17.66241],[-97.52507,17.66764],[-97.52348,17.70274],[-97.54448,17.71127],[-97.54807,17.71519],[-97.56241,17.73168],[-97.56481,17.74826],[-97.56625,17.75288],[-97.56759,17.75337],[-97.56806,17.7571],[-97.57203,17.75818],[-97.57514,17.76116],[-97.57206,17.76506],[-97.57157,17.7672],[-97.57394,17.77338],[-97.5746,17.7781],[-97.5736,17.77967],[-97.56939,17.78185],[-97.56889,17.78426],[-97.56623,17.78883],[-97.56316,17.78578],[-97.5532,17.78031],[-97.52848,17.78521],[-97.52078,17.78695],[-97.51921,17.79895],[-97.51012,17.79641],[-97.48689,17.77774],[-97.4808,17.78583],[-97.47832,17.78082],[-97.46397,17.78954],[-97.45625,17.79129],[-97.44825,17.78553],[-97.43679,17.78198],[-97.42308,17.77931],[-97.41922,17.77373],[-97.4154,17.77105],[-97.41684,17.76924],[-97.40859,17.75578],[-97.4051,17.75418],[-97.40232,17.74575],[-97.38463,17.75528],[-97.38129,17.75964],[-97.37376,17.76591],[-97.36887,17.76787],[-97.36968,17.76851],[-97.3681,17.7693],[-97.35375,17.76599],[-97.34492,17.7653],[-97.34507,17.7638],[-97.30224,17.76933],[-97.25309,17.81613],[-97.19866,17.79659],[-97.19525,17.7843],[-97.19069,17.78477],[-97.18503,17.78673],[-97.17963,17.79098],[-97.17236,17.79393],[-97.17131,17.79569],[-97.1686,17.79682],[-97.16506,17.79974],[-97.1588,17.80321],[-97.15608,17.80306],[-97.15386,17.80426],[-97.15106,17.80288],[-97.14969,17.80104],[-97.14554,17.80066],[-97.14303,17.7989],[-97.13916,17.79827],[-97.13623,17.79985],[-97.13623,17.78949],[-97.1198,17.7847],[-97.1147,17.77903],[-97.10592,17.79519],[-97.10464,17.79256],[-97.10003,17.79152],[-97.09691,17.78344],[-97.0936,17.77966],[-97.09389,17.78239],[-97.09127,17.78384],[-97.09101,17.78472],[-97.09145,17.78777],[-97.09273,17.78901],[-97.09228,17.79228],[-97.09143,17.794],[-97.08982,17.79464],[-97.07769,17.79641],[-97.07488,17.79852],[-97.07334,17.79852],[-97.0702,17.79501],[-97.07046,17.79065],[-97.06052,17.79106],[-97.05955,17.79225],[-97.05536,17.79032],[-97.05413,17.79102],[-97.05258,17.79024],[-97.04842,17.79413],[-97.0426,17.79584],[-97.03906,17.7946],[-97.02774,17.79409],[-97.02737,17.79844],[-97.02897,17.80184],[-97.02775,17.80244],[-97.01558,17.77869],[-97.01342,17.76943],[-97.00952,17.75962],[-97.008,17.74499],[-97.00842,17.74051],[-97.01382,17.72112],[-96.98512,17.72195],[-96.98179,17.72031],[-96.97959,17.722],[-96.97648,17.72258],[-96.97414,17.72164],[-96.97176,17.72276],[-96.96899,17.72202],[-96.98121,17.71745],[-97.01276,17.64934],[-97.02641,17.64359],[-97.04272,17.64413],[-97.04326,17.64316],[-97.04103,17.63719],[-97.04094,17.60429],[-97.03827,17.59027],[-97.0415,17.58696],[-97.04756,17.58851],[-97.06862,17.58248],[-97.06905,17.57612],[-97.08811,17.52471],[-97.10954,17.52459],[-97.1213,17.53562],[-97.13339,17.55191],[-97.13474,17.54726],[-97.13667,17.54631],[-97.14353,17.54849],[-97.14613,17.55077],[-97.14924,17.55078],[-97.15547,17.54706],[-97.15927,17.54358],[-97.16375,17.54143],[-97.16696,17.53837],[-97.1695,17.53997],[-97.18177,17.51361],[-97.18302,17.50802],[-97.17772,17.50645],[-97.17541,17.49305],[-97.17048,17.48264],[-97.17043,17.47868],[-97.16551,17.48107],[-97.15722,17.48216],[-97.14681,17.48068],[-97.143,17.47273],[-97.13022,17.47211],[-97.12793,17.46841],[-97.1208,17.46062],[-97.11198,17.45346],[-97.1097,17.44528],[-97.10427,17.43885],[-97.10365,17.43506],[-97.08389,17.43074],[-97.07981,17.4321],[-97.07619,17.42952],[-97.07149,17.42753],[-97.06979,17.42794],[-97.06859,17.42692],[-97.06026,17.42806],[-97.05738,17.42656],[-97.05578,17.42385],[-97.05146,17.42864],[-97.04906,17.43368],[-97.02983,17.44653],[-97.02711,17.44935],[-97.02665,17.45102],[-97.02211,17.45282],[-97.02508,17.45488],[-97.02457,17.45971],[-97.02704,17.46129],[-97.02914,17.46628],[-97.03068,17.46751],[-97.03376,17.46738],[-97.03076,17.47617],[-97.03227,17.48097],[-97.02954,17.48136],[-97.019,17.48018],[-97.00532,17.48391],[-97.00248,17.4758],[-96.99875,17.44396],[-97.021,17.44937],[-97.02019,17.44635],[-97.01872,17.44578],[-97.02101,17.44125],[-97.03796,17.42449],[-97.0438,17.42006],[-97.05873,17.42023],[-97.07643,17.41781],[-97.08287,17.42049],[-97.09064,17.41977],[-97.09513,17.42178],[-97.10544,17.43183],[-97.12403,17.41952],[-97.14431,17.4014],[-97.12707,17.38908],[-97.09026,17.37602],[-97.08811,17.37548],[-97.0857,17.37721],[-97.08301,17.3769],[-97.08592,17.37101],[-97.08492,17.36895],[-97.08589,17.36797],[-97.08521,17.36711],[-97.08578,17.36659],[-97.08551,17.36421],[-97.08681,17.36225],[-97.08579,17.36197],[-97.08655,17.36041],[-97.08868,17.36011],[-97.08937,17.35819],[-97.08884,17.35762],[-97.09061,17.35568],[-97.09184,17.35549],[-97.09205,17.35481],[-97.09067,17.35425],[-97.09134,17.35312],[-97.09343,17.35262],[-97.09442,17.35137],[-97.09328,17.3509],[-97.09437,17.35031],[-97.09286,17.34757],[-97.09169,17.34755],[-97.09214,17.34572],[-97.09495,17.34402],[-97.09428,17.34252],[-97.09603,17.34004],[-97.09578,17.33818],[-97.09716,17.33733],[-97.09911,17.33314],[-97.09973,17.33319],[-97.10074,17.32975],[-97.1024,17.32989],[-97.10524,17.32733],[-97.10454,17.32212],[-97.10571,17.31311],[-97.10461,17.31184],[-97.10194,17.31191],[-97.09616,17.3056],[-97.08184,17.2875],[-97.07667,17.27953],[-97.0556,17.26437],[-97.04363,17.25322],[-97.04784,17.2489],[-97.04512,17.24695],[-97.03188,17.23164],[-96.99594,17.20768],[-96.99229,17.2028],[-96.98393,17.19554],[-96.98363,17.17798],[-96.9827,17.17776],[-96.98347,17.15176],[-96.96365,17.15125],[-96.93078,17.10597],[-96.93067,17.10371],[-96.934,17.0996],[-96.93294,17.09791],[-96.92478,17.09641],[-96.92713,17.09305],[-96.92588,17.0816],[-96.94684,17.06178],[-96.94527,17.05977],[-96.93604,17.05929],[-96.93811,17.05693],[-96.93694,17.05477],[-96.93676,17.04444],[-96.93588,17.04416],[-96.93742,17.04138],[-96.93553,17.03847],[-96.93636,17.03454],[-96.92969,17.02645],[-96.93222,17.02001],[-96.93201,17.01827],[-96.92946,17.01624],[-96.92708,17.01275],[-96.92687,17.0106],[-96.92395,17.00767],[-96.92505,17.00119],[-96.92288,16.99144],[-96.92704,16.98584],[-96.92675,16.98185],[-96.92534,16.97886],[-96.92492,16.97435],[-96.92022,16.96906],[-96.91743,16.96841],[-96.91727,16.96574],[-96.91967,16.96417],[-96.92029,16.96209],[-96.9174,16.95803],[-96.91977,16.95555],[-96.92757,16.95029],[-96.92893,16.95108],[-96.93255,16.95108],[-96.93641,16.94921],[-96.9389,16.94568],[-96.94292,16.94547],[-96.94593,16.94426],[-96.95122,16.93682],[-96.95322,16.93086],[-96.95652,16.93021],[-96.96058,16.92703],[-96.96287,16.92688],[-96.96282,16.92183],[-96.96326,16.9199],[-96.96441,16.91913],[-96.96454,16.91564],[-96.97281,16.91166],[-96.97663,16.90675],[-96.97793,16.90856],[-96.97884,16.91552],[-96.98069,16.91929],[-96.98157,16.91966],[-96.988,16.9132],[-96.99093,16.91541],[-97.00254,16.91467],[-97.00296,16.91659],[-97.00518,16.91708],[-97.01559,16.91356],[-97.02635,16.91761],[-97.02936,16.92085],[-97.0307,16.91918],[-97.03805,16.91684],[-97.04158,16.91161],[-97.04258,16.9082],[-97.04436,16.90642],[-97.04665,16.90553],[-97.04921,16.90624],[-97.05133,16.90793],[-97.05401,16.91239],[-97.0598,16.91489],[-97.06152,16.91284],[-97.06194,16.91022],[-97.0655,16.90542],[-97.06866,16.8957],[-97.06842,16.8902],[-97.06652,16.8877],[-97.06726,16.88521],[-97.06977,16.88212],[-97.07132,16.87756],[-97.07581,16.87433],[-97.07728,16.86739],[-97.14293,16.85593],[-97.14606,16.85286],[-97.15758,16.8529],[-97.15797,16.85081],[-97.16003,16.84849],[-97.16831,16.84821],[-97.16845,16.85192],[-97.17042,16.85312],[-97.17872,16.85511],[-97.19038,16.85412],[-97.19619,16.85528],[-97.20296,16.85804],[-97.20667,16.86293],[-97.20823,16.86134],[-97.20743,16.85951],[-97.20665,16.85974],[-97.20608,16.85895],[-97.20867,16.85773],[-97.20853,16.85597],[-97.21019,16.85557],[-97.2103,16.85796],[-97.21175,16.85771],[-97.21101,16.8585],[-97.22203,16.84915],[-97.22661,16.85341],[-97.22662,16.85441],[-97.22499,16.85448],[-97.2236,16.85633],[-97.22223,16.85668],[-97.22148,16.86497],[-97.22232,16.86687],[-97.22196,16.86803],[-97.21791,16.86761],[-97.21388,16.87276],[-97.20709,16.89837],[-97.20879,16.91872],[-97.22173,16.90614],[-97.22995,16.90065],[-97.23939,16.90086],[-97.24423,16.90245],[-97.24987,16.90037],[-97.26347,16.89916],[-97.2659,16.89633],[-97.2692,16.89805],[-97.28073,16.89625],[-97.2839,16.89208],[-97.28203,16.88385],[-97.282,16.87766],[-97.29134,16.86556],[-97.28979,16.86358],[-97.28933,16.86119],[-97.29152,16.85469],[-97.29382,16.85245],[-97.29502,16.84943],[-97.29912,16.85117],[-97.30018,16.85059],[-97.3004,16.84675],[-97.30428,16.84206],[-97.30648,16.83799],[-97.30625,16.83682],[-97.31013,16.83227],[-97.32009,16.82423],[-97.32055,16.82061],[-97.32322,16.81856],[-97.32448,16.81531],[-97.33201,16.81382],[-97.33356,16.81031],[-97.3356,16.81292],[-97.33893,16.81122],[-97.34278,16.81351],[-97.34203,16.81526],[-97.34025,16.81473],[-97.34064,16.81693],[-97.3437,16.81896],[-97.34612,16.81912],[-97.3471,16.81637],[-97.35476,16.80873],[-97.35598,16.80156],[-97.38539,16.80359],[-97.41438,16.74939],[-97.42378,16.73725],[-97.44991,16.70934],[-97.44824,16.71341],[-97.45401,16.72646],[-97.45844,16.74067],[-97.4644,16.7515],[-97.48364,16.75623],[-97.49994,16.76304],[-97.50508,16.76919],[-97.50995,16.77948],[-97.51469,16.78325],[-97.51929,16.78071],[-97.51999,16.77843],[-97.51831,16.77491],[-97.5192,16.77319],[-97.52152,16.77176],[-97.51994,16.76836],[-97.52503,16.76676],[-97.52707,16.76408],[-97.52954,16.76245],[-97.52735,16.75456],[-97.52774,16.75178],[-97.53273,16.74927],[-97.53585,16.74399],[-97.53967,16.74402],[-97.5422,16.74311],[-97.54642,16.7366],[-97.54631,16.73522],[-97.54932,16.73396],[-97.55039,16.73136],[-97.55231,16.72985],[-97.55354,16.7245],[-97.55679,16.72092],[-97.55464,16.71798],[-97.55476,16.71627],[-97.55696,16.71379],[-97.5551,16.70948],[-97.55629,16.70506],[-97.55544,16.70162],[-97.56112,16.69669],[-97.56001,16.69446],[-97.55962,16.69081],[-97.56037,16.68983],[-97.5625,16.68959],[-97.56421,16.68709],[-97.56426,16.68573],[-97.55758,16.68116],[-97.55858,16.6793],[-97.55484,16.67712],[-97.55294,16.67959],[-97.54828,16.68105],[-97.54253,16.68009],[-97.54114,16.68061],[-97.54371,16.68738],[-97.54373,16.68959],[-97.54519,16.69319],[-97.54495,16.69553],[-97.54324,16.69589],[-97.54152,16.69307],[-97.53652,16.69135],[-97.53424,16.68891],[-97.53056,16.68983],[-97.5296,16.69178],[-97.53131,16.69604],[-97.52663,16.6996],[-97.52441,16.70564],[-97.52483,16.71942],[-97.52398,16.72288],[-97.52318,16.72359],[-97.51623,16.72329],[-97.51091,16.7246],[-97.4996,16.72506],[-97.49898,16.72164],[-97.49979,16.71893],[-97.50233,16.71558],[-97.50439,16.71483],[-97.51144,16.70736],[-97.49635,16.69126],[-97.4848,16.6966],[-97.47723,16.67993],[-97.47503,16.67957],[-97.4737,16.67842],[-97.46918,16.67929],[-97.46563,16.67845],[-97.46081,16.67979],[-97.46017,16.67809],[-97.45835,16.6773],[-97.45606,16.67219],[-97.45448,16.6736],[-97.45317,16.67369],[-97.45373,16.66984],[-97.45255,16.66989],[-97.45175,16.66883],[-97.45276,16.66706],[-97.4509,16.66648],[-97.45043,16.66366],[-97.42859,16.61843],[-97.42405,16.61319],[-97.41673,16.60827],[-97.4126,16.6044],[-97.40789,16.59915],[-97.4074,16.59645],[-97.412,16.59327],[-97.41988,16.59401],[-97.42333,16.59591],[-97.42906,16.59695],[-97.4294,16.59347],[-97.43227,16.59386],[-97.43291,16.59263],[-97.43931,16.59558],[-97.44377,16.59442],[-97.44725,16.5962],[-97.44861,16.59843],[-97.45236,16.60072],[-97.45509,16.60185],[-97.45754,16.60187],[-97.45871,16.59842],[-97.4655,16.59268],[-97.46561,16.58783],[-97.46784,16.5844],[-97.46721,16.58026],[-97.46995,16.57843],[-97.47312,16.57882],[-97.47445,16.57826],[-97.48901,16.57993],[-97.49571,16.57469],[-97.49722,16.57745],[-97.49702,16.57951],[-97.50406,16.57801],[-97.53037,16.58074],[-97.53994,16.57988],[-97.54276,16.57861],[-97.54825,16.5796],[-97.54853,16.58321],[-97.57489,16.57325],[-97.57354,16.57314],[-97.57094,16.57119],[-97.56986,16.56867],[-97.57023,16.56434],[-97.56889,16.56065],[-97.56982,16.55623],[-97.56608,16.552],[-97.5644,16.54714],[-97.56177,16.54343],[-97.5604,16.53754],[-97.55698,16.53485],[-97.55466,16.53037],[-97.55141,16.52751],[-97.54882,16.52263],[-97.54832,16.51767],[-97.54688,16.51595],[-97.54669,16.51448],[-97.54783,16.51322],[-97.55044,16.51394],[-97.55446,16.5133],[-97.55567,16.51049],[-97.55734,16.50887],[-97.56154,16.50835],[-97.56475,16.50551],[-97.56546,16.50297],[-97.55912,16.50356],[-97.55594,16.50161],[-97.54651,16.50522],[-97.54411,16.50515],[-97.54142,16.5036],[-97.53944,16.50401],[-97.53854,16.49678],[-97.54064,16.49125],[-97.5406,16.48027],[-97.54131,16.47907],[-97.54764,16.47977],[-97.55206,16.47899],[-97.55355,16.47792],[-97.55437,16.47645],[-97.55427,16.47214],[-97.5609,16.46815],[-97.56307,16.46453],[-97.56403,16.46014],[-97.56517,16.45909],[-97.56679,16.45887],[-97.56812,16.45985],[-97.57098,16.46712],[-97.57251,16.46772],[-97.57773,16.46226],[-97.58298,16.46145],[-97.58783,16.45923],[-97.59404,16.44783],[-97.60207,16.44594],[-97.60635,16.44107],[-97.60831,16.43597],[-97.61045,16.436],[-97.61376,16.43965],[-97.61727,16.43887],[-97.61829,16.43778],[-97.61914,16.43299],[-97.61704,16.42784],[-97.61209,16.42327],[-97.60432,16.42645],[-97.59336,16.41893],[-97.61039,16.41297],[-97.60806,16.41188],[-97.61098,16.40892],[-97.61254,16.40319],[-97.61255,16.39777],[-97.61004,16.39144],[-97.60594,16.38785],[-97.60612,16.37972],[-97.60737,16.3755],[-97.61071,16.37066],[-97.61057,16.36342],[-97.61169,16.3623],[-97.61533,16.36192],[-97.61742,16.35968],[-97.61813,16.35752],[-97.61765,16.35569],[-97.61569,16.3533],[-97.61215,16.35059],[-97.61112,16.348],[-97.61246,16.34657],[-97.61285,16.34165],[-97.61465,16.33936],[-97.62053,16.33853],[-97.62599,16.33951],[-97.62849,16.33877],[-97.62945,16.33643],[-97.62904,16.33356],[-97.62786,16.33163],[-97.62339,16.32898],[-97.61194,16.31903],[-97.60901,16.31772],[-97.60418,16.31886],[-97.60108,16.31722],[-97.59988,16.31544],[-97.60018,16.31435],[-97.60172,16.31429],[-97.60321,16.31218],[-97.60464,16.31155],[-97.60816,16.3068],[-97.61318,16.30188],[-97.61503,16.2984],[-97.60772,16.29516],[-97.6054,16.2933],[-97.60535,16.28842],[-97.6087,16.28128],[-97.60566,16.26862],[-97.60172,16.26188],[-97.59703,16.25753],[-97.59314,16.25512],[-97.59182,16.25341],[-97.59176,16.25204],[-97.59557,16.24889],[-97.59605,16.24585],[-97.60098,16.24222],[-97.6074,16.23343],[-97.60669,16.22676],[-97.60773,16.2243],[-97.60919,16.22349],[-97.61189,16.22467],[-97.61601,16.2346],[-97.62157,16.23659],[-97.62414,16.2359],[-97.6251,16.22783],[-97.62291,16.21981],[-97.62317,16.21364],[-97.62437,16.20955],[-97.63029,16.20575],[-97.63394,16.20512],[-97.64009,16.2062],[-97.64212,16.20904],[-97.64719,16.22101],[-97.65335,16.22929],[-97.66186,16.23645],[-97.66945,16.23864],[-97.67872,16.23456],[-97.68027,16.23494],[-97.68332,16.23077],[-97.69651,16.22428],[-97.7038,16.21722],[-97.70877,16.21528],[-97.71111,16.21497],[-97.71144,16.21593],[-97.7126,16.21597],[-97.7144,16.21542],[-97.7212,16.20942],[-97.72162,16.20576],[-97.72315,16.20252],[-97.72087,16.19637],[-97.71701,16.19343],[-97.71723,16.18993],[-97.72624,16.18305],[-97.72864,16.17781],[-97.72915,16.17423],[-97.73713,16.16495],[-97.73868,16.16435],[-97.74264,16.16613],[-97.74418,16.14609],[-97.73977,16.14095],[-97.73865,16.13792],[-97.73476,16.13312],[-97.73756,16.12505],[-97.73694,16.12123],[-97.73103,16.10282],[-97.7308,16.09559],[-97.7284,16.09264],[-97.72638,16.0917],[-97.7265,16.09023],[-97.72875,16.0876],[-97.73393,16.08629],[-97.73589,16.08501],[-97.73635,16.07991],[-97.73253,16.07585],[-97.73194,16.07419],[-97.73565,16.06869],[-97.73587,16.06457],[-97.74082,16.05776],[-97.74261,16.0527],[-97.74911,16.04485],[-97.75141,16.04316],[-97.75083,16.0406],[-97.75257,16.03726],[-97.75878,16.03149],[-97.7607,16.02793],[-97.76383,16.02605],[-97.76627,16.0256],[-97.76788,16.02621],[-97.76961,16.02824],[-97.76987,16.02995],[-97.77302,16.03095],[-97.77539,16.03018],[-97.78007,16.02635],[-97.78018,16.02252],[-97.78239,16.02174],[-97.78443,16.01985],[-97.78711,16.01952],[-97.78947,16.0165],[-97.79128,16.01256],[-97.78988,16.01082],[-97.78944,16.00834],[-97.79147,16.0002],[-97.7901,15.9983],[-97.78487,15.99764],[-97.78252,15.9952],[-97.78264,15.99284],[-97.78461,15.99012],[-97.79054,15.98573],[-97.7936,15.98979],[-97.8062,15.99847],[-97.82749,16.00884],[-97.85719,16.02728],[-97.88222,16.04463],[-97.89134,16.05212],[-97.91766,16.07107],[-97.96116,16.10055],[-97.9935,16.1174],[-98.03983,16.144],[-98.09643,16.17394],[-98.14025,16.19451],[-98.16668,16.20461],[-98.17679,16.2093],[-98.18623,16.21224],[-98.18622,16.21486],[-98.19166,16.22117],[-98.19496,16.22345],[-98.20427,16.22854],[-98.22561,16.2367],[-98.24604,16.24211],[-98.2711,16.247],[-98.28877,16.25148],[-98.32832,16.25813],[-98.32719,16.27689],[-98.32511,16.29126],[-98.32539,16.3008],[-98.32422,16.3089],[-98.31411,16.33936],[-98.31263,16.3402],[-98.31329,16.34167],[-98.30945,16.3528],[-98.29575,16.35737],[-98.26905,16.3487],[-98.23817,16.34065],[-98.23758,16.34742],[-98.23339,16.34789],[-98.23223,16.34928],[-98.23269,16.34973],[-98.20084,16.37302],[-98.19783,16.3874],[-98.21239,16.40458],[-98.22033,16.40573],[-98.21662,16.43656],[-98.2069,16.4393],[-98.20671,16.4528],[-98.21047,16.45501],[-98.21256,16.45909],[-98.21024,16.46943],[-98.20794,16.47587],[-98.19853,16.47619],[-98.19649,16.4773],[-98.19056,16.47268],[-98.18792,16.47187],[-98.18843,16.47268],[-98.17691,16.47535],[-98.1748,16.47764],[-98.16797,16.47962],[-98.16373,16.47899],[-98.16097,16.48077],[-98.15678,16.48057],[-98.1503,16.48444],[-98.14789,16.48499],[-98.14514,16.48756],[-98.14253,16.48753],[-98.13499,16.4922],[-98.13222,16.492],[-98.13224,16.49274],[-98.1267,16.4954],[-98.12225,16.4959],[-98.11444,16.49473],[-98.10893,16.49482],[-98.10846,16.49554],[-98.10901,16.49625],[-98.09227,16.5145],[-98.10156,16.52046],[-98.09915,16.52545],[-98.10064,16.52715],[-98.09886,16.52896],[-98.09511,16.53025],[-98.0949,16.53245],[-98.0956,16.53931],[-98.09895,16.5463],[-98.09927,16.55133],[-98.10093,16.55414],[-98.10147,16.55808],[-98.10332,16.56034],[-98.10105,16.56142],[-98.09033,16.56221],[-98.08848,16.56333],[-98.08846,16.56495],[-98.09021,16.56861],[-98.08802,16.57053],[-98.08916,16.5737],[-98.09177,16.57692],[-98.09139,16.5777],[-98.08869,16.57801],[-98.08842,16.57918],[-98.0941,16.58225],[-98.09476,16.5839],[-98.09408,16.58551],[-98.09461,16.58793],[-98.08822,16.59287],[-98.08119,16.59315],[-98.07885,16.59244],[-98.0764,16.59282],[-98.07508,16.59399],[-98.07028,16.59318],[-98.07044,16.59415],[-98.07359,16.59618],[-98.06798,16.59626],[-98.06773,16.59923],[-98.0663,16.60104],[-98.06624,16.60247],[-98.06785,16.60364],[-98.06718,16.60508],[-98.06811,16.60581],[-98.07106,16.60544],[-98.07214,16.60837],[-98.07332,16.60932],[-98.06631,16.61288],[-98.06836,16.61302],[-98.07407,16.61761],[-98.07594,16.62345],[-98.08284,16.62616],[-98.09378,16.62474],[-98.09698,16.6292],[-98.11431,16.63443],[-98.11939,16.63886],[-98.12465,16.64088],[-98.1262,16.64316],[-98.13785,16.64105],[-98.14346,16.64121],[-98.14475,16.6494],[-98.14992,16.65411],[-98.15476,16.65637],[-98.15171,16.66524],[-98.15157,16.66722],[-98.15248,16.66762],[-98.15256,16.66893],[-98.15157,16.67068],[-98.15212,16.67394],[-98.15152,16.67459],[-98.14765,16.67561],[-98.14667,16.67682],[-98.1449,16.67689],[-98.14448,16.67855],[-98.14277,16.67946],[-98.1311,16.67936],[-98.1201,16.70584],[-98.1085,16.74162],[-98.12639,16.75544],[-98.12988,16.75555],[-98.13538,16.75739],[-98.13518,16.75839],[-98.13199,16.759],[-98.12873,16.76116],[-98.12461,16.7593],[-98.12367,16.75567],[-98.1205,16.75473],[-98.1174,16.7571],[-98.11444,16.75718],[-98.10816,16.76095],[-98.10719,16.76464],[-98.10741,16.7695],[-98.10444,16.77523],[-98.10393,16.7813],[-98.10457,16.78522],[-98.10292,16.78709],[-98.10235,16.78911],[-98.09788,16.79293],[-98.09756,16.79498],[-98.10005,16.79926],[-98.09276,16.80646],[-98.09239,16.80822],[-98.09399,16.81047],[-98.09382,16.812],[-98.09192,16.81357],[-98.08835,16.81398],[-98.08638,16.81631],[-98.0877,16.82168],[-98.08545,16.8243],[-98.08498,16.82916],[-98.08202,16.83109],[-98.08109,16.8334],[-98.084,16.84093],[-98.08272,16.84314],[-98.07647,16.84915],[-98.07618,16.85214],[-98.07464,16.85446],[-98.07604,16.85858],[-98.07372,16.86306],[-98.07418,16.8651],[-98.07596,16.8675],[-98.07251,16.87349],[-98.07257,16.87539],[-98.07436,16.87688],[-98.07558,16.88076],[-98.07928,16.88031],[-98.08031,16.88204],[-98.08106,16.88376],[-98.08057,16.89055],[-98.08254,16.89277],[-98.08287,16.89973],[-98.08376,16.90274],[-98.08671,16.90706],[-98.08762,16.91131],[-98.08711,16.91396],[-98.08897,16.91602],[-98.08932,16.91795],[-98.09262,16.9201],[-98.09347,16.92253],[-98.09564,16.92374],[-98.09891,16.93385],[-98.10004,16.93455],[-98.09921,16.93759],[-98.10049,16.94067],[-98.10178,16.94191],[-98.10746,16.94203],[-98.10766,16.94357],[-98.10646,16.94609],[-98.10678,16.94933],[-98.1056,16.95127],[-98.10641,16.95207],[-98.10574,16.95302],[-98.10648,16.95672],[-98.11126,16.95887],[-98.09711,16.96888],[-98.07523,17.00722],[-98.05749,17.02378],[-98.03516,17.02112],[-98.03016,17.01576],[-98.02519,17.01922],[-98.00728,17.04014],[-98.04571,17.05726],[-98.08091,17.06658],[-98.09878,17.08385],[-98.10851,17.08838],[-98.11801,17.09552],[-98.13001,17.09548],[-98.14681,17.10195],[-98.15001,17.10243],[-98.15185,17.10458],[-98.15256,17.10932],[-98.15342,17.1104],[-98.16264,17.11051],[-98.16552,17.11492],[-98.17356,17.11575],[-98.17826,17.11459],[-98.18401,17.1182],[-98.18719,17.11648],[-98.19026,17.1196],[-98.19642,17.11609],[-98.19881,17.11778],[-98.20164,17.118],[-98.20357,17.11923],[-98.20561,17.11849],[-98.21266,17.11872],[-98.21348,17.11975],[-98.21251,17.1217],[-98.21479,17.12232],[-98.21533,17.12453],[-98.2226,17.12215],[-98.22259,17.12505],[-98.2204,17.12656],[-98.22154,17.12764],[-98.22173,17.12913],[-98.22051,17.13069],[-98.22091,17.13271],[-98.22014,17.13317],[-98.22193,17.13518],[-98.22146,17.1359],[-98.22214,17.13671],[-98.22129,17.13957],[-98.2203,17.14036],[-98.22186,17.14153],[-98.2199,17.14505],[-98.22109,17.14467],[-98.22118,17.14586],[-98.22266,17.14662],[-98.22355,17.14829],[-98.2228,17.15029],[-98.22512,17.15113],[-98.22505,17.15228],[-98.22179,17.15239],[-98.22081,17.15879],[-98.21861,17.16029],[-98.2199,17.16152],[-98.22059,17.16423],[-98.2192,17.16454],[-98.21672,17.16923],[-98.21762,17.17154],[-98.21631,17.17295],[-98.21688,17.1746],[-98.21517,17.1774],[-98.21641,17.17848],[-98.21484,17.181],[-98.21519,17.18284],[-98.21443,17.18451],[-98.21469,17.18533],[-98.21716,17.18603],[-98.21768,17.18686],[-98.21641,17.18894],[-98.21506,17.18899],[-98.21457,17.19005],[-98.21286,17.19065],[-98.21244,17.18972],[-98.21181,17.19039],[-98.20988,17.19018],[-98.20792,17.19192],[-98.20512,17.19102],[-98.20528,17.19378],[-98.20449,17.19487],[-98.20567,17.19604],[-98.20519,17.1991],[-98.20338,17.1991],[-98.20377,17.20095],[-98.2004,17.20381],[-98.20186,17.20632],[-98.20161,17.20811],[-98.2032,17.20841],[-98.20321,17.21172],[-98.20237,17.21251],[-98.20314,17.21629],[-98.20793,17.22075],[-98.2076,17.22221],[-98.20995,17.22244],[-98.21013,17.22416],[-98.2138,17.22491],[-98.21442,17.22584],[-98.21375,17.22815],[-98.21504,17.22764],[-98.21599,17.22815],[-98.21796,17.23213],[-98.21967,17.23295],[-98.22035,17.23433],[-98.21943,17.23547],[-98.21967,17.23632],[-98.22127,17.23617],[-98.22255,17.23863],[-98.22619,17.24189],[-98.22794,17.24169],[-98.22884,17.24317],[-98.23477,17.24724],[-98.23999,17.24851],[-98.24434,17.25147],[-98.24508,17.25048],[-98.25586,17.2505],[-98.26481,17.24636],[-98.27719,17.25008],[-98.28848,17.23822],[-98.30214,17.24629],[-98.3235,17.27594],[-98.31784,17.30239],[-98.30481,17.32752],[-98.28737,17.32901],[-98.30491,17.3943],[-98.33585,17.4563],[-98.33576,17.46024],[-98.33238,17.47198],[-98.32901,17.47873],[-98.31188,17.47749],[-98.3203,17.50688],[-98.33083,17.51176],[-98.32956,17.51549],[-98.33037,17.51859],[-98.33164,17.51947],[-98.33116,17.52013],[-98.33199,17.52089],[-98.3321,17.52414],[-98.33364,17.52551],[-98.33192,17.52641],[-98.33286,17.52772],[-98.32919,17.53121],[-98.32945,17.53298],[-98.33082,17.53495],[-98.34116,17.54192],[-98.34332,17.54589],[-98.34297,17.54734],[-98.34479,17.54838],[-98.34395,17.55659],[-98.34519,17.55975],[-98.3453,17.56259],[-98.34869,17.5648],[-98.35348,17.56486],[-98.35192,17.56602],[-98.35099,17.57138],[-98.35245,17.57409],[-98.3547,17.57562],[-98.35459,17.57898],[-98.3557,17.58031],[-98.35882,17.57921],[-98.3614,17.57928],[-98.36107,17.58218],[-98.35919,17.5841],[-98.36473,17.58262],[-98.37697,17.60535],[-98.37476,17.60543],[-98.37138,17.61565],[-98.36915,17.62947],[-98.37123,17.63001],[-98.36868,17.63303],[-98.36798,17.63581],[-98.36619,17.63843],[-98.36789,17.63959],[-98.36968,17.64377],[-98.36798,17.64605],[-98.36956,17.64726],[-98.36864,17.65165],[-98.36897,17.65377],[-98.36719,17.65548],[-98.36628,17.65774],[-98.36756,17.65964],[-98.3767,17.66134],[-98.38163,17.6687],[-98.38411,17.67107],[-98.38669,17.68416],[-98.39637,17.68949],[-98.40219,17.69086],[-98.40349,17.69313],[-98.38139,17.70589],[-98.37664,17.70403],[-98.36608,17.70376],[-98.36046,17.71211],[-98.35633,17.71632],[-98.33096,17.72812],[-98.32087,17.72958],[-98.30608,17.71518],[-98.27192,17.70524],[-98.26683,17.70031],[-98.28617,17.67153],[-98.28726,17.66818],[-98.29693,17.65253],[-98.301,17.64995],[-98.29932,17.64141],[-98.30036,17.63316],[-98.30501,17.62582],[-98.30474,17.62265],[-98.2831,17.61903],[-98.26853,17.6178],[-98.26902,17.61525],[-98.27142,17.61396],[-98.27261,17.61453],[-98.27331,17.61402],[-98.27278,17.61179],[-98.27397,17.61],[-98.27171,17.60447],[-98.27225,17.60158],[-98.27436,17.5993],[-98.27641,17.59908],[-98.28726,17.58057],[-98.27956,17.57152],[-98.2846,17.57038],[-98.28107,17.55022],[-98.27903,17.54708],[-98.28274,17.54419],[-98.28231,17.54297],[-98.28383,17.53302],[-98.28652,17.53268],[-98.28842,17.53424],[-98.29065,17.5338],[-98.29299,17.53244],[-98.29284,17.5313],[-98.29472,17.53105],[-98.3001,17.52682],[-98.31926,17.53146],[-98.31104,17.51394],[-98.277,17.51526],[-98.26846,17.51925],[-98.23385,17.50378],[-98.21289,17.5027],[-98.20426,17.54244],[-98.1995,17.54431],[-98.18332,17.60086],[-98.1778,17.59621],[-98.17638,17.59676],[-98.18182,17.60598],[-98.18244,17.61055],[-98.18218,17.61273],[-98.18114,17.61397],[-98.1818,17.61535],[-98.18107,17.61736],[-98.18218,17.6192],[-98.18022,17.62157],[-98.17982,17.62333],[-98.17676,17.62521],[-98.17479,17.62472],[-98.17274,17.62526],[-98.17147,17.62673],[-98.16924,17.62599],[-98.16785,17.62775],[-98.16678,17.62676],[-98.16533,17.62928],[-98.16762,17.62895],[-98.16998,17.62971],[-98.17121,17.63295],[-98.17225,17.63325],[-98.1739,17.6361],[-98.17542,17.63615],[-98.1789,17.63812],[-98.18178,17.63649],[-98.18675,17.6384],[-98.18774,17.63985],[-98.19677,17.64005],[-98.197,17.64136],[-98.19859,17.64191],[-98.19935,17.64447],[-98.19364,17.6636],[-98.18214,17.67981],[-98.1815,17.71873],[-98.1822,17.7198],[-98.2014,17.71746],[-98.20149,17.72457],[-98.20317,17.73062],[-98.19912,17.73622],[-98.19805,17.74213],[-98.20072,17.74128],[-98.20239,17.73684],[-98.20643,17.73595],[-98.20755,17.73274],[-98.20934,17.73358],[-98.21141,17.73345],[-98.21122,17.73461],[-98.21282,17.73522],[-98.21509,17.73534],[-98.22044,17.73923],[-98.2204,17.74156],[-98.2221,17.74224],[-98.22675,17.74148],[-98.23805,17.76184],[-98.24456,17.75528],[-98.26475,17.76894],[-98.2655,17.76978],[-98.26479,17.77396],[-98.26844,17.77417],[-98.26967,17.77627],[-98.26935,17.77854],[-98.26726,17.77954],[-98.26803,17.78128],[-98.26759,17.78417],[-98.26355,17.78403],[-98.26339,17.78498],[-98.25874,17.78694],[-98.25749,17.78544],[-98.25621,17.79221],[-98.25252,17.79745],[-98.25127,17.79649],[-98.25139,17.79445],[-98.24796,17.78939],[-98.24293,17.78759],[-98.23934,17.78828],[-98.23743,17.78602],[-98.23847,17.78503],[-98.23763,17.78332],[-98.23375,17.78341],[-98.23213,17.78463],[-98.2297,17.78075],[-98.21909,17.77909],[-98.21398,17.77558],[-98.21695,17.77549],[-98.21795,17.77176],[-98.22171,17.77143],[-98.21989,17.76868],[-98.21118,17.76349],[-98.21364,17.76239],[-98.21361,17.76026],[-98.21469,17.75851],[-98.21403,17.75483],[-98.21752,17.75439],[-98.21839,17.75206],[-98.2188,17.75043],[-98.21513,17.7482],[-98.21571,17.74636],[-98.21329,17.74733],[-98.20539,17.74657],[-98.20328,17.74329],[-98.20025,17.74374],[-98.20014,17.74675],[-98.19868,17.74729],[-98.2006,17.75943],[-98.19142,17.75887],[-98.18154,17.75569],[-98.16855,17.7469],[-98.15309,17.73374],[-98.14015,17.73109],[-98.12998,17.73012],[-98.12372,17.72845],[-98.12327,17.72717],[-98.12238,17.72703],[-98.12276,17.72602],[-98.1215,17.72642],[-98.12156,17.72389],[-98.12062,17.72288],[-98.11775,17.72384],[-98.11525,17.72337],[-98.11462,17.72438],[-98.1158,17.72476],[-98.11537,17.72557],[-98.11468,17.72564],[-98.11413,17.72449],[-98.11318,17.72536],[-98.11326,17.72653],[-98.11176,17.72618],[-98.10991,17.72455],[-98.11115,17.72363],[-98.11224,17.72419],[-98.11158,17.72245],[-98.11085,17.72302],[-98.10998,17.72196],[-98.10902,17.72255],[-98.10736,17.72106],[-98.109,17.71965],[-98.10826,17.71822],[-98.10998,17.71743],[-98.11045,17.71512],[-98.10879,17.71629],[-98.10745,17.71465],[-98.10654,17.71619],[-98.10467,17.71534],[-98.10407,17.71606],[-98.10259,17.71511],[-98.10055,17.71985],[-98.09957,17.71959],[-98.0987,17.71804],[-98.09843,17.72011],[-98.09918,17.72055],[-98.09831,17.72086],[-98.09833,17.72172],[-98.09791,17.72003],[-98.09751,17.72071],[-98.09595,17.72041],[-98.09668,17.72142],[-98.09564,17.72292],[-98.09264,17.72218],[-98.09289,17.72098],[-98.09109,17.72148],[-98.09079,17.72019],[-98.08822,17.72109],[-98.08845,17.71974],[-98.08754,17.71922],[-98.08487,17.7203],[-98.08387,17.71876],[-98.08216,17.71997],[-98.07917,17.71955],[-98.0794,17.71858],[-98.07818,17.71754],[-98.07806,17.71885],[-98.07678,17.71809],[-98.07522,17.7206],[-98.0749,17.71948],[-98.0737,17.72164],[-98.07182,17.72222],[-98.07153,17.71794],[-98.07018,17.71977],[-98.07092,17.72065],[-98.07025,17.72177],[-98.06686,17.71968],[-98.06595,17.72125],[-98.0651,17.73153],[-98.06995,17.73981],[-98.0601,17.74048],[-98.05886,17.74399],[-98.04954,17.74163],[-98.04483,17.7422],[-98.05106,17.74929],[-98.05209,17.75149],[-98.05371,17.75239],[-98.05388,17.75403],[-98.05506,17.75448],[-98.05468,17.75588],[-98.05734,17.75704],[-98.06101,17.75688],[-98.06304,17.75841],[-98.06465,17.76188],[-98.06874,17.76175],[-98.06918,17.76259],[-98.07178,17.76349],[-98.07384,17.76189],[-98.0728,17.76735],[-98.06956,17.77186],[-98.06591,17.78157],[-98.06342,17.78006],[-98.06123,17.78125],[-98.0617,17.77953],[-98.05903,17.77966],[-98.0573,17.78147],[-98.05363,17.7821],[-98.05353,17.78361],[-98.05234,17.78458],[-98.04315,17.78033],[-98.04303,17.78148],[-98.03974,17.78411],[-98.03741,17.78726],[-98.04171,17.79529],[-98.04114,17.80105],[-98.03697,17.80494],[-98.03341,17.80669],[-98.03235,17.80845],[-98.03473,17.81162],[-98.03372,17.81281],[-98.03591,17.81684],[-98.04046,17.82088],[-98.04059,17.82204],[-98.04235,17.82055],[-98.0438,17.82074],[-98.04393,17.8194],[-98.046,17.82026],[-98.04726,17.82376],[-98.0462,17.82559],[-98.04637,17.82863],[-98.04899,17.83253],[-98.05116,17.8333],[-98.05124,17.8343],[-98.05301,17.83583],[-98.05295,17.83707],[-98.05385,17.83791],[-98.0531,17.83998],[-98.05519,17.84173],[-98.05668,17.84613],[-98.05832,17.84687],[-98.06056,17.8462],[-98.06056,17.84553],[-98.06209,17.84566],[-98.06225,17.84856],[-98.0643,17.8493],[-98.06554,17.85501],[-98.0674,17.85609],[-98.06925,17.85895],[-98.06808,17.86976],[-98.07049,17.87488],[-98.06933,17.88208],[-98.09181,17.89071],[-98.10003,17.89259],[-98.09036,17.89562],[-98.07752,17.90229],[-98.08081,17.91194],[-98.08315,17.9121],[-98.09572,17.90641],[-98.09646,17.92049],[-98.09531,17.92773],[-98.10967,17.94545],[-98.10991,17.95177],[-98.11148,17.95087],[-98.11203,17.95726],[-98.11019,17.9566],[-98.11053,17.98082],[-98.11296,17.97816],[-98.11467,17.97836],[-98.11609,17.97602],[-98.11734,17.9761],[-98.11897,17.97763],[-98.12432,17.9783],[-98.12499,17.97928],[-98.12646,17.97761],[-98.12814,17.97934],[-98.1286,17.97767],[-98.12992,17.97798],[-98.13004,17.97966],[-98.13156,17.98045],[-98.1321,17.98307],[-98.13043,17.98662],[-98.13104,17.98772],[-98.12988,17.98807],[-98.12936,17.98722],[-98.12302,17.98439],[-98.11642,17.98238],[-98.11556,17.97976]]],[[[-97.81381,17.9937],[-97.81411,17.99352],[-97.81411,17.99352],[-97.81381,17.9937]]],[[[-97.81381,17.9937],[-97.8128,17.99428],[-97.81311,17.9941],[-97.81381,17.9937]]],[[[-97.81075,17.99729],[-97.81101,17.9967],[-97.81139,17.99651],[-97.81075,17.99729]]],[[[-97.81075,17.99729],[-97.81001,17.99811],[-97.81038,17.99753],[-97.81075,17.99729]]],[[[-97.80498,17.99844],[-97.80566,17.99845],[-97.80474,17.99845],[-97.80498,17.99844]]],[[[-97.80367,17.99863],[-97.80442,17.99847],[-97.80362,17.99865],[-97.80367,17.99863]]],[[[-97.80745,17.99869],[-97.80695,17.99879],[-97.80719,17.9987],[-97.80745,17.99869]]],[[[-97.8023,17.99872],[-97.80287,17.99844],[-97.80216,17.99886],[-97.8023,17.99872]]],[[[-97.80116,17.9997],[-97.801,17.99976],[-97.80123,17.99967],[-97.80116,17.9997]]],[[[-97.80116,17.9997],[-97.80135,17.99965],[-97.80094,17.99983],[-97.80116,17.9997]]],[[[-97.79884,18.0008],[-97.79993,18.0003],[-97.80041,18.00005],[-97.79884,18.0008]]],[[[-97.79884,18.0008],[-97.79691,18.0018],[-97.79777,18.00147],[-97.79884,18.0008]]],[[[-97.79628,18.00222],[-97.79636,18.00219],[-97.79607,18.00231],[-97.79628,18.00222]]],[[[-97.79446,18.00318],[-97.79464,18.00316],[-97.79432,18.00322],[-97.79446,18.00318]]],[[[-97.79207,18.00321],[-97.79272,18.00314],[-97.79341,18.00324],[-97.79207,18.00321]]],[[[-97.79207,18.00321],[-97.79126,18.00386],[-97.79199,18.00322],[-97.79207,18.00321]]],[[[-97.78901,18.00956],[-97.78903,18.00955],[-97.78906,18.01117],[-97.78901,18.00956]]],[[[-97.78997,18.01326],[-97.78954,18.01228],[-97.79089,18.01407],[-97.78997,18.01326]]],[[[-97.84268,18.01389],[-97.84271,18.01127],[-97.84272,18.01893],[-97.84268,18.01389]]],[[[-97.83868,18.02847],[-97.8398,18.02581],[-97.83927,18.02708],[-97.83868,18.02847]]],[[[-97.8369,18.03264],[-97.83696,18.03181],[-97.83694,18.03256],[-97.8369,18.03264]]],[[[-97.81264,18.03388],[-97.81261,18.03167],[-97.81265,18.03288],[-97.81264,18.03388]]],[[[-97.7979,18.03447],[-97.79776,18.03364],[-97.79773,18.03298],[-97.7979,18.03447]]],[[[-97.7979,18.03447],[-97.79854,18.0358],[-97.7981,18.03514],[-97.7979,18.03447]]],[[[-97.80825,18.03944],[-97.81108,18.03896],[-97.80888,18.03893],[-97.80825,18.03944]]],[[[-97.79854,18.0358],[-97.7981,18.03952],[-97.79817,18.03752],[-97.79854,18.0358]]],[[[-97.7981,18.03952],[-97.79819,18.04015],[-97.79816,18.04004],[-97.7981,18.03952]]],[[[-97.80484,18.04159],[-97.80563,18.04095],[-97.80631,18.04041],[-97.80484,18.04159]]],[[[-97.80484,18.04159],[-97.80422,18.04083],[-97.80426,18.04079],[-97.80484,18.04159]]],[[[-97.79918,18.04757],[-97.80002,18.04669],[-97.7993,18.04853],[-97.79918,18.04757]]]]}},{"type":"Feature","properties":{"nombre":"Montaña de Guerrero"},"geometry":{"type":"MultiPolygon","coordinates":[[[[-99.01171,18.19099],[-99.00789,18.18705],[-98.99987,18.19137],[-98.99964,18.19236],[-99.00007,18.1902],[-98.95722,18.1887],[-98.88188,18.16616],[-98.85237,18.1176],[-98.87071,18.0582],[-98.86981,18.05722],[-98.83068,18.06445],[-98.82236,18.06306],[-98.81995,18.06491],[-98.8168,18.06521],[-98.81457,18.06424],[-98.813,18.06488],[-98.81229,18.06169],[-98.8141,18.05637],[-98.81181,18.05391],[-98.81239,18.05121],[-98.8113,18.05063],[-98.80635,18.05423],[-98.80282,18.05291],[-98.80034,18.05308],[-98.7982,18.06101],[-98.79707,18.06265],[-98.79595,18.06161],[-98.79189,18.0608],[-98.79108,18.05848],[-98.78507,18.05931],[-98.78314,18.05777],[-98.77901,18.05699],[-98.77743,18.05604],[-98.77263,18.04892],[-98.76828,18.04959],[-98.76611,18.05076],[-98.76419,18.05026],[-98.76089,18.04755],[-98.75914,18.04468],[-98.75547,18.0472],[-98.75089,18.04577],[-98.74652,18.04658],[-98.74351,18.04441],[-98.73892,18.04554],[-98.7351,18.0451],[-98.73628,18.04182],[-98.7379,18.04],[-98.74019,18.04009],[-98.74129,18.03758],[-98.74402,18.03689],[-98.74414,18.03333],[-98.7451,18.03392],[-98.74777,18.03145],[-98.74988,18.03107],[-98.75014,18.02943],[-98.75124,18.0301],[-98.7517,18.02869],[-98.75574,18.02658],[-98.7588,18.02737],[-98.76235,18.02426],[-98.76426,18.02524],[-98.76599,18.02258],[-98.76419,18.0225],[-98.76423,18.0218],[-98.7671,18.01961],[-98.7695,18.0202],[-98.77171,18.01915],[-98.77303,18.02045],[-98.77784,18.01955],[-98.78189,18.02144],[-98.78305,18.02015],[-98.78415,18.02095],[-98.78571,18.02056],[-98.79407,18.02398],[-98.79914,18.02297],[-98.79904,18.02175],[-98.80126,18.02205],[-98.80277,18.01982],[-98.80494,18.01858],[-98.80473,18.0175],[-98.80663,18.0168],[-98.80588,18.01511],[-98.80869,18.01525],[-98.80911,18.01341],[-98.81122,18.0136],[-98.8113,18.01255],[-98.81324,18.01124],[-98.81284,18.00953],[-98.81588,18.00789],[-98.81649,18.00439],[-98.81494,18.0017],[-98.81362,18.00088],[-98.81101,18.00083],[-98.80802,18.00302],[-98.80455,18.0022],[-98.80169,18.003],[-98.76695,17.98927],[-98.76263,17.99092],[-98.75881,17.99083],[-98.7585,17.98959],[-98.75464,17.99073],[-98.75499,17.98949],[-98.75428,17.9898],[-98.75408,17.98841],[-98.75482,17.98705],[-98.75274,17.9875],[-98.75067,17.98676],[-98.75071,17.98478],[-98.74977,17.9835],[-98.74811,17.98408],[-98.74892,17.98567],[-98.7469,17.98511],[-98.74596,17.98606],[-98.74513,17.9853],[-98.74418,17.98596],[-98.7436,17.98495],[-98.73874,17.98377],[-98.73853,17.98315],[-98.73769,17.98362],[-98.73527,17.98177],[-98.73406,17.98185],[-98.73352,17.98292],[-98.73236,17.98207],[-98.73183,17.98255],[-98.73037,17.98086],[-98.72675,17.97971],[-98.72464,17.97725],[-98.71703,17.9736],[-98.71709,17.97235],[-98.71345,17.96663],[-98.71198,17.96921],[-98.70884,17.96754],[-98.70711,17.9656],[-98.70838,17.96408],[-98.70955,17.95953],[-98.70595,17.95561],[-98.70167,17.95414],[-98.70012,17.95448],[-98.69843,17.95606],[-98.69909,17.95727],[-98.69805,17.95661],[-98.69756,17.95806],[-98.69524,17.95939],[-98.69335,17.95921],[-98.69288,17.96091],[-98.6881,17.96194],[-98.68509,17.95589],[-98.68252,17.95628],[-98.6731,17.9503],[-98.67296,17.94885],[-98.67441,17.9459],[-98.6727,17.94309],[-98.6656,17.94482],[-98.65667,17.94029],[-98.65396,17.93645],[-98.6512,17.93617],[-98.65221,17.93412],[-98.65158,17.93328],[-98.64574,17.93497],[-98.64132,17.93121],[-98.6372,17.92552],[-98.6375,17.92425],[-98.64392,17.91929],[-98.64308,17.91581],[-98.64461,17.91434],[-98.63612,17.90646],[-98.63788,17.89548],[-98.64024,17.89167],[-98.63689,17.89023],[-98.63375,17.88518],[-98.62866,17.88585],[-98.62795,17.88723],[-98.62671,17.88731],[-98.62602,17.8864],[-98.62677,17.88404],[-98.62434,17.88073],[-98.62406,17.87739],[-98.62078,17.87542],[-98.61798,17.88772],[-98.5932,17.89629],[-98.56791,17.89477],[-98.56394,17.8887],[-98.56304,17.88493],[-98.55959,17.88473],[-98.54624,17.88118],[-98.54145,17.87654],[-98.54208,17.87005],[-98.53671,17.86473],[-98.5345,17.8643],[-98.53477,17.86132],[-98.53254,17.8606],[-98.5349,17.8595],[-98.53429,17.85807],[-98.53318,17.85627],[-98.53001,17.85572],[-98.53063,17.85466],[-98.54828,17.84354],[-98.5625,17.83741],[-98.56748,17.82959],[-98.5769,17.8108],[-98.57427,17.79093],[-98.56758,17.76751],[-98.55433,17.73935],[-98.54419,17.7124],[-98.53589,17.7028],[-98.53244,17.69668],[-98.53329,17.69626],[-98.53277,17.69533],[-98.53372,17.69483],[-98.53493,17.69544],[-98.53614,17.69486],[-98.53576,17.69407],[-98.53804,17.69391],[-98.5371,17.69256],[-98.54243,17.68954],[-98.54479,17.6889],[-98.54842,17.68959],[-98.55414,17.68893],[-98.5618,17.68558],[-98.54607,17.64858],[-98.55456,17.6455],[-98.55364,17.64039],[-98.55415,17.63768],[-98.55328,17.63537],[-98.55917,17.6303],[-98.5524,17.61857],[-98.55181,17.61913],[-98.54974,17.61803],[-98.53713,17.60891],[-98.51538,17.60164],[-98.51736,17.59813],[-98.51726,17.59673],[-98.52238,17.59256],[-98.52071,17.58896],[-98.49413,17.56336],[-98.47906,17.5717],[-98.44938,17.56891],[-98.4458,17.56807],[-98.44293,17.55419],[-98.42779,17.55317],[-98.41043,17.55889],[-98.40535,17.56774],[-98.40963,17.57041],[-98.40843,17.57578],[-98.39151,17.58136],[-98.38674,17.58584],[-98.37636,17.58508],[-98.36542,17.58186],[-98.35919,17.5841],[-98.36107,17.58218],[-98.3614,17.57928],[-98.35882,17.57921],[-98.35606,17.58031],[-98.35502,17.57969],[-98.35432,17.57818],[-98.3547,17.57562],[-98.35245,17.57409],[-98.35102,17.57168],[-98.35192,17.56602],[-98.35348,17.56486],[-98.34869,17.5648],[-98.3453,17.56259],[-98.34519,17.55975],[-98.34395,17.55659],[-98.34479,17.54838],[-98.34297,17.54734],[-98.34332,17.54589],[-98.34116,17.54192],[-98.33082,17.53495],[-98.32945,17.53298],[-98.32919,17.53121],[-98.33286,17.52772],[-98.33192,17.52641],[-98.33364,17.52551],[-98.3321,17.52414],[-98.33199,17.52089],[-98.33116,17.52013],[-98.33164,17.51947],[-98.33037,17.51859],[-98.32956,17.51549],[-98.33083,17.51176],[-98.3203,17.50688],[-98.31188,17.47749],[-98.32901,17.47873],[-98.33238,17.47198],[-98.33576,17.46024],[-98.33585,17.4563],[-98.30491,17.3943],[-98.28737,17.32901],[-98.30481,17.32752],[-98.31784,17.30239],[-98.3235,17.27594],[-98.30214,17.24629],[-98.28848,17.23822],[-98.27719,17.25008],[-98.26481,17.24636],[-98.25586,17.2505],[-98.24508,17.25048],[-98.24434,17.25147],[-98.23999,17.24851],[-98.23477,17.24724],[-98.22884,17.24317],[-98.22794,17.24169],[-98.22619,17.24189],[-98.22255,17.23863],[-98.22127,17.23617],[-98.21967,17.23632],[-98.21943,17.23547],[-98.22035,17.23433],[-98.21967,17.23295],[-98.21796,17.23213],[-98.21599,17.22815],[-98.21504,17.22764],[-98.21375,17.22815],[-98.21442,17.22584],[-98.2138,17.22491],[-98.21013,17.22416],[-98.20995,17.22244],[-98.2076,17.22221],[-98.20793,17.22075],[-98.20314,17.21629],[-98.20237,17.21251],[-98.20321,17.21172],[-98.2032,17.20841],[-98.20161,17.20811],[-98.20186,17.20632],[-98.2004,17.20381],[-98.20377,17.20095],[-98.20338,17.1991],[-98.20519,17.1991],[-98.20567,17.19604],[-98.20449,17.19487],[-98.20528,17.19378],[-98.20512,17.19102],[-98.20792,17.19192],[-98.20988,17.19018],[-98.21181,17.19039],[-98.21244,17.18972],[-98.21286,17.19065],[-98.21457,17.19005],[-98.21506,17.18899],[-98.21641,17.18894],[-98.21768,17.18686],[-98.21716,17.18603],[-98.21469,17.18533],[-98.21443,17.18451],[-98.21519,17.18284],[-98.21484,17.181],[-98.21641,17.17848],[-98.21517,17.1774],[-98.21688,17.1746],[-98.21631,17.17295],[-98.21762,17.17154],[-98.21672,17.16923],[-98.2192,17.16454],[-98.22059,17.16423],[-98.2199,17.16152],[-98.21861,17.16029],[-98.22081,17.15879],[-98.22179,17.15239],[-98.22505,17.15228],[-98.22512,17.15113],[-98.2228,17.15029],[-98.22355,17.14829],[-98.22266,17.14662],[-98.22118,17.14586],[-98.22109,17.14467],[-98.2199,17.14505],[-98.22186,17.14153],[-98.2203,17.14036],[-98.22129,17.13957],[-98.22214,17.13671],[-98.22146,17.1359],[-98.22193,17.13518],[-98.22014,17.13317],[-98.22091,17.13271],[-98.22051,17.13069],[-98.22173,17.12913],[-98.22154,17.12764],[-98.2204,17.12656],[-98.22259,17.12505],[-98.2226,17.12215],[-98.21533,17.12453],[-98.21479,17.12232],[-98.21251,17.1217],[-98.21348,17.11975],[-98.21266,17.11872],[-98.20561,17.11849],[-98.20357,17.11923],[-98.20164,17.118],[-98.19881,17.11778],[-98.19642,17.11609],[-98.19026,17.1196],[-98.18719,17.11648],[-98.18401,17.1182],[-98.17826,17.11459],[-98.17356,17.11575],[-98.16552,17.11492],[-98.16264,17.11051],[-98.15342,17.1104],[-98.15256,17.10932],[-98.15185,17.10458],[-98.15001,17.10243],[-98.14681,17.10195],[-98.13001,17.09548],[-98.11801,17.09552],[-98.10851,17.08838],[-98.09878,17.08385],[-98.08091,17.06658],[-98.04571,17.05726],[-98.00728,17.04014],[-98.02519,17.01922],[-98.03016,17.01576],[-98.03516,17.02112],[-98.05749,17.02378],[-98.07523,17.00722],[-98.09711,16.96888],[-98.11126,16.95887],[-98.10648,16.95672],[-98.10574,16.95302],[-98.10641,16.95207],[-98.1056,16.95127],[-98.10678,16.94933],[-98.10646,16.94609],[-98.10766,16.94357],[-98.10746,16.94203],[-98.10178,16.94191],[-98.10049,16.94067],[-98.09921,16.93759],[-98.10004,16.93455],[-98.09891,16.93385],[-98.09564,16.92374],[-98.09347,16.92253],[-98.09262,16.9201],[-98.08932,16.91795],[-98.08897,16.91602],[-98.08711,16.91396],[-98.08762,16.91131],[-98.08671,16.90706],[-98.08376,16.90274],[-98.08287,16.89973],[-98.08254,16.89277],[-98.08057,16.89055],[-98.08106,16.88376],[-98.08031,16.88204],[-98.07928,16.88031],[-98.07558,16.88076],[-98.07436,16.87688],[-98.07257,16.87539],[-98.07233,16.87425],[-98.07596,16.8675],[-98.07418,16.8651],[-98.07372,16.86306],[-98.07604,16.85858],[-98.07464,16.85446],[-98.07618,16.85214],[-98.07647,16.84915],[-98.08272,16.84314],[-98.084,16.84093],[-98.08109,16.8334],[-98.08202,16.83109],[-98.08498,16.82916],[-98.08545,16.8243],[-98.0877,16.82168],[-98.08638,16.81631],[-98.08835,16.81398],[-98.09192,16.81357],[-98.09382,16.812],[-98.09399,16.81047],[-98.09239,16.80822],[-98.09276,16.80646],[-98.10005,16.79926],[-98.09756,16.79498],[-98.09788,16.79293],[-98.10235,16.78911],[-98.10292,16.78709],[-98.10457,16.78522],[-98.10393,16.7813],[-98.10444,16.77523],[-98.10741,16.7695],[-98.10719,16.76464],[-98.10848,16.76049],[-98.11444,16.75718],[-98.1174,16.7571],[-98.1205,16.75473],[-98.12367,16.75567],[-98.12461,16.7593],[-98.12873,16.76116],[-98.13199,16.759],[-98.13518,16.75839],[-98.13475,16.75151],[-98.13394,16.75094],[-98.12474,16.75138],[-98.12424,16.74964],[-98.12764,16.74649],[-98.12802,16.74524],[-98.1257,16.73908],[-98.12712,16.7374],[-98.13096,16.73656],[-98.13347,16.7334],[-98.13653,16.73189],[-98.13722,16.73018],[-98.13642,16.72672],[-98.13899,16.72378],[-98.14427,16.72261],[-98.14929,16.72295],[-98.15372,16.72528],[-98.15599,16.72136],[-98.15982,16.7195],[-98.16196,16.71972],[-98.16593,16.72171],[-98.1708,16.71954],[-98.17148,16.71808],[-98.17521,16.718],[-98.17657,16.71454],[-98.17865,16.71407],[-98.18251,16.71153],[-98.18125,16.70908],[-98.18439,16.70515],[-98.18827,16.70493],[-98.18995,16.70625],[-98.19213,16.70641],[-98.19366,16.70458],[-98.19393,16.70105],[-98.19521,16.69877],[-98.20027,16.69724],[-98.20552,16.69802],[-98.20254,16.70705],[-98.2007,16.71025],[-98.2005,16.71187],[-98.20154,16.71267],[-98.20417,16.71321],[-98.20627,16.71142],[-98.21578,16.71153],[-98.22135,16.70855],[-98.22384,16.71119],[-98.22902,16.71324],[-98.23137,16.71789],[-98.23353,16.71737],[-98.23475,16.71591],[-98.23531,16.71385],[-98.23489,16.70705],[-98.2361,16.70661],[-98.23797,16.70741],[-98.24195,16.69794],[-98.24344,16.6967],[-98.24353,16.68005],[-98.24564,16.67772],[-98.24588,16.67074],[-98.23307,16.67063],[-98.23227,16.65845],[-98.23254,16.65651],[-98.23433,16.65637],[-98.23334,16.65415],[-98.23149,16.6535],[-98.22956,16.64377],[-98.22838,16.64243],[-98.22846,16.6395],[-98.22004,16.63199],[-98.2158,16.62499],[-98.21421,16.6188],[-98.19667,16.62336],[-98.19378,16.62146],[-98.19414,16.61843],[-98.19604,16.61534],[-98.19971,16.6022],[-98.20467,16.5911],[-98.20334,16.58724],[-98.20407,16.58645],[-98.20847,16.58464],[-98.20732,16.58989],[-98.22927,16.58089],[-98.23894,16.57357],[-98.24098,16.57276],[-98.2415,16.56777],[-98.24987,16.56351],[-98.26029,16.56296],[-98.26943,16.55846],[-98.29283,16.55778],[-98.2917,16.57007],[-98.31664,16.56987],[-98.32997,16.57275],[-98.34028,16.55817],[-98.37136,16.55203],[-98.37609,16.55229],[-98.37736,16.55084],[-98.38342,16.54964],[-98.38365,16.5452],[-98.39514,16.54684],[-98.43686,16.5648],[-98.43191,16.57686],[-98.4358,16.57741],[-98.43957,16.56882],[-98.44301,16.56447],[-98.44504,16.56389],[-98.4476,16.56599],[-98.44733,16.57035],[-98.44808,16.5721],[-98.45034,16.57298],[-98.45592,16.57115],[-98.45814,16.57135],[-98.45892,16.57632],[-98.46182,16.57796],[-98.46727,16.58328],[-98.47366,16.58524],[-98.47886,16.59293],[-98.48315,16.59381],[-98.48688,16.59086],[-98.4873,16.58868],[-98.49087,16.5923],[-98.49458,16.59146],[-98.49733,16.59206],[-98.49909,16.59423],[-98.49897,16.59721],[-98.4973,16.60271],[-98.49573,16.60435],[-98.49377,16.60499],[-98.49573,16.60898],[-98.50154,16.61281],[-98.50308,16.61678],[-98.50181,16.62139],[-98.498,16.62121],[-98.49518,16.62246],[-98.49381,16.62774],[-98.49561,16.63349],[-98.49736,16.64423],[-98.50178,16.64901],[-98.50407,16.65018],[-98.50505,16.65434],[-98.50129,16.66055],[-98.5008,16.66337],[-98.49675,16.66481],[-98.49275,16.66419],[-98.49223,16.66893],[-98.49468,16.6731],[-98.50593,16.67388],[-98.50563,16.6691],[-98.50645,16.66726],[-98.50746,16.6665],[-98.51197,16.66712],[-98.51515,16.67051],[-98.51657,16.67694],[-98.51818,16.67891],[-98.51564,16.68362],[-98.51373,16.68455],[-98.51182,16.68501],[-98.51172,16.68437],[-98.50899,16.68468],[-98.50753,16.68366],[-98.50404,16.68374],[-98.50219,16.69081],[-98.50271,16.6927],[-98.50142,16.69445],[-98.50116,16.69712],[-98.49983,16.69776],[-98.49799,16.70144],[-98.49799,16.70476],[-98.49444,16.70698],[-98.49322,16.71016],[-98.48939,16.71211],[-98.48922,16.71284],[-98.49143,16.71445],[-98.49118,16.71615],[-98.49225,16.71827],[-98.49517,16.71924],[-98.48217,16.73435],[-98.48337,16.74097],[-98.48277,16.74237],[-98.48132,16.74257],[-98.48381,16.7438],[-98.48309,16.74527],[-98.48371,16.74655],[-98.48811,16.74722],[-98.49548,16.75134],[-98.4939,16.75205],[-98.4945,16.75335],[-98.49779,16.75526],[-98.49641,16.75642],[-98.49714,16.75872],[-98.50043,16.75852],[-98.50998,16.75241],[-98.50966,16.75421],[-98.50729,16.75568],[-98.50898,16.75747],[-98.50672,16.76088],[-98.50736,16.76252],[-98.49682,16.76357],[-98.49602,16.76535],[-98.49451,16.76624],[-98.49491,16.76697],[-98.49311,16.76997],[-98.49182,16.77051],[-98.49186,16.77168],[-98.49037,16.77307],[-98.49327,16.77383],[-98.49321,16.77521],[-98.49539,16.77654],[-98.49442,16.77762],[-98.49578,16.77927],[-98.49505,16.78157],[-98.49672,16.78092],[-98.4995,16.78213],[-98.49893,16.78635],[-98.49985,16.78658],[-98.4996,16.78757],[-98.50224,16.78765],[-98.50138,16.78936],[-98.5031,16.78938],[-98.50309,16.79026],[-98.50443,16.79118],[-98.50717,16.79199],[-98.50839,16.79216],[-98.50877,16.79114],[-98.51041,16.79222],[-98.50881,16.7903],[-98.51036,16.78748],[-98.51189,16.78865],[-98.5137,16.78831],[-98.51532,16.79003],[-98.51767,16.78959],[-98.51848,16.78897],[-98.5174,16.78704],[-98.51804,16.7861],[-98.52452,16.78457],[-98.52638,16.78266],[-98.53048,16.7851],[-98.52828,16.78811],[-98.5286,16.79085],[-98.53082,16.79067],[-98.53276,16.78888],[-98.53478,16.7886],[-98.53483,16.79031],[-98.53716,16.7905],[-98.54021,16.78463],[-98.54198,16.78402],[-98.54416,16.78432],[-98.54402,16.78865],[-98.54855,16.7932],[-98.5491,16.79591],[-98.56478,16.79557],[-98.57355,16.7926],[-98.57598,16.79411],[-98.57807,16.79764],[-98.57895,16.79593],[-98.58457,16.7967],[-98.59503,16.79431],[-98.5943,16.7968],[-98.59438,16.8021],[-98.59589,16.80392],[-98.59963,16.8043],[-98.60197,16.80287],[-98.61434,16.80323],[-98.61611,16.79673],[-98.62682,16.7949],[-98.63429,16.7947],[-98.63455,16.79038],[-98.63278,16.78672],[-98.62937,16.78244],[-98.63214,16.77425],[-98.6334,16.76296],[-98.64991,16.76662],[-98.67836,16.76087],[-98.67673,16.74915],[-98.67864,16.74828],[-98.67906,16.7468],[-98.68031,16.7464],[-98.68446,16.75235],[-98.77728,16.71851],[-98.76528,16.70542],[-98.76184,16.69392],[-98.76285,16.69333],[-98.77312,16.69615],[-98.77681,16.69423],[-98.77665,16.69284],[-98.78389,16.68618],[-98.79113,16.68095],[-98.79478,16.67289],[-98.82327,16.65439],[-98.83961,16.64797],[-98.84865,16.64539],[-98.85411,16.64808],[-98.85804,16.64716],[-98.8592,16.64771],[-98.85855,16.64918],[-98.84834,16.65799],[-98.84816,16.65922],[-98.84881,16.66227],[-98.84816,16.66537],[-98.85123,16.67112],[-98.85295,16.67172],[-98.85526,16.67418],[-98.85073,16.67663],[-98.84581,16.67766],[-98.84421,16.68129],[-98.84288,16.68222],[-98.8374,16.68229],[-98.83546,16.68493],[-98.83306,16.68605],[-98.82997,16.69016],[-98.82895,16.69544],[-98.8312,16.69684],[-98.83622,16.69579],[-98.83718,16.69675],[-98.83902,16.69652],[-98.83971,16.69683],[-98.84069,16.70056],[-98.83763,16.70221],[-98.83546,16.70565],[-98.83565,16.70707],[-98.83386,16.70867],[-98.83234,16.71459],[-98.82863,16.71973],[-98.82932,16.72244],[-98.82571,16.73347],[-98.84727,16.73937],[-98.8619,16.74532],[-98.86589,16.76875],[-98.86788,16.76867],[-98.86913,16.76941],[-98.86887,16.7704],[-98.87501,16.76941],[-98.88018,16.77131],[-98.88209,16.76857],[-98.88373,16.77037],[-98.8861,16.76937],[-98.88706,16.77066],[-98.8905,16.77125],[-98.89336,16.76964],[-98.89545,16.77162],[-98.89631,16.77023],[-98.89732,16.7712],[-98.90446,16.77196],[-98.90731,16.7734],[-98.90746,16.77273],[-98.91089,16.77249],[-98.9113,16.77337],[-98.91384,16.77142],[-98.91695,16.77257],[-98.91948,16.77178],[-98.92117,16.77368],[-98.92274,16.77406],[-98.92641,16.77322],[-98.92748,16.77515],[-98.92554,16.77971],[-98.92813,16.78276],[-98.92761,16.78561],[-98.92811,16.78648],[-98.93371,16.78972],[-98.93417,16.79101],[-98.93337,16.79736],[-98.93479,16.80358],[-98.93747,16.80684],[-98.9397,16.80491],[-98.94016,16.80332],[-98.94451,16.80366],[-98.94535,16.803],[-98.94525,16.80028],[-98.94834,16.79954],[-98.95116,16.79635],[-98.95329,16.79662],[-98.95508,16.79559],[-98.95622,16.7963],[-98.97007,16.77705],[-98.97893,16.79696],[-98.98011,16.79893],[-98.98188,16.79917],[-98.98197,16.8011],[-98.98395,16.80109],[-98.98503,16.79962],[-98.98536,16.80115],[-98.99096,16.80131],[-98.99395,16.80252],[-98.99461,16.80168],[-98.99288,16.79959],[-98.99528,16.80002],[-98.99655,16.79923],[-98.99787,16.79788],[-98.99741,16.79663],[-98.9995,16.7943],[-98.99982,16.79279],[-98.99462,16.78188],[-99.01467,16.78067],[-99.06818,16.77071],[-99.07405,16.77349],[-99.10086,16.78091],[-99.11988,16.77968],[-99.1324,16.77659],[-99.13091,16.78666],[-99.16624,16.78457],[-99.1696,16.79242],[-99.16854,16.79263],[-99.1683,16.79641],[-99.17033,16.7998],[-99.16669,16.80379],[-99.16091,16.80616],[-99.16541,16.80859],[-99.16776,16.80506],[-99.17098,16.80431],[-99.17319,16.8052],[-99.17409,16.80793],[-99.17137,16.81171],[-99.16938,16.81644],[-99.16293,16.82003],[-99.16653,16.82115],[-99.16813,16.82324],[-99.16952,16.82324],[-99.17002,16.82567],[-99.17257,16.82665],[-99.17387,16.82574],[-99.17417,16.8242],[-99.17748,16.82471],[-99.17595,16.83813],[-99.17183,16.85564],[-99.16504,16.86405],[-99.16551,16.86903],[-99.16271,16.87168],[-99.16447,16.87383],[-99.16537,16.88258],[-99.15625,16.8803],[-99.15533,16.88121],[-99.14626,16.88143],[-99.14931,16.88699],[-99.15125,16.88747],[-99.15599,16.88682],[-99.15911,16.89079],[-99.16003,16.89341],[-99.16132,16.89426],[-99.16468,16.90195],[-99.16288,16.91252],[-99.16014,16.91724],[-99.16184,16.91753],[-99.16561,16.92153],[-99.16139,16.93331],[-99.1593,16.9338],[-99.15852,16.93305],[-99.15528,16.93473],[-99.14984,16.93256],[-99.14803,16.93383],[-99.14776,16.93598],[-99.14478,16.93768],[-99.14622,16.94175],[-99.14745,16.94193],[-99.14733,16.94353],[-99.14525,16.94478],[-99.14446,16.94651],[-99.14311,16.94672],[-99.1557,16.94976],[-99.15982,16.95004],[-99.16122,16.94943],[-99.16334,16.95636],[-99.16232,16.95803],[-99.16311,16.96048],[-99.16124,16.96486],[-99.16406,16.97011],[-99.15981,16.97087],[-99.15932,16.97143],[-99.16003,16.97273],[-99.15713,16.97367],[-99.15756,16.97563],[-99.1589,16.97601],[-99.16767,16.99087],[-99.16017,17.00173],[-99.16332,17.00666],[-99.16495,17.01113],[-99.16682,17.00987],[-99.16876,17.01905],[-99.17232,17.02441],[-99.17392,17.03044],[-99.17809,17.03495],[-99.21274,17.023],[-99.22423,17.02241],[-99.23025,17.02358],[-99.23994,17.02712],[-99.24549,17.02791],[-99.25422,17.0319],[-99.25706,17.03789],[-99.26661,17.04535],[-99.26772,17.04541],[-99.26543,17.05816],[-99.25798,17.06658],[-99.25233,17.0753],[-99.25308,17.08494],[-99.25245,17.09655],[-99.25366,17.10732],[-99.25613,17.11279],[-99.25913,17.11683],[-99.2562,17.11969],[-99.25609,17.12329],[-99.25879,17.13212],[-99.25946,17.14082],[-99.26158,17.14381],[-99.25702,17.14637],[-99.25358,17.14608],[-99.25262,17.14712],[-99.25209,17.15077],[-99.25114,17.15115],[-99.24806,17.15074],[-99.242,17.14729],[-99.24075,17.14744],[-99.23787,17.15221],[-99.23754,17.15474],[-99.23865,17.16014],[-99.23785,17.1612],[-99.23663,17.16073],[-99.23625,17.15753],[-99.23493,17.15598],[-99.23341,17.15621],[-99.23249,17.15779],[-99.23239,17.16196],[-99.22998,17.16244],[-99.22853,17.16214],[-99.2258,17.15821],[-99.22288,17.15672],[-99.22031,17.16045],[-99.22191,17.16405],[-99.22153,17.16467],[-99.22055,17.16524],[-99.21753,17.16474],[-99.20993,17.16693],[-99.20831,17.16861],[-99.2109,17.18021],[-99.2138,17.18621],[-99.22169,17.19525],[-99.22627,17.20294],[-99.22049,17.21245],[-99.21058,17.21913],[-99.19874,17.23278],[-99.18633,17.25558],[-99.17759,17.27804],[-99.17557,17.2996],[-99.16445,17.31587],[-99.1597,17.32749],[-99.15408,17.33685],[-99.14177,17.34115],[-99.1363,17.34792],[-99.13099,17.35282],[-99.11655,17.35992],[-99.10309,17.37212],[-99.08391,17.3781],[-99.06728,17.37971],[-99.06651,17.38142],[-99.06777,17.38231],[-99.06746,17.38648],[-99.06912,17.39174],[-99.06785,17.39319],[-99.06746,17.39597],[-99.06539,17.39714],[-99.06641,17.40146],[-99.07379,17.40794],[-99.0786,17.42115],[-99.0798,17.43087],[-99.08722,17.42992],[-99.08992,17.42722],[-99.09127,17.42438],[-99.09474,17.42278],[-99.10602,17.42408],[-99.10911,17.42335],[-99.1208,17.42398],[-99.12751,17.43778],[-99.13695,17.43753],[-99.13947,17.45391],[-99.1454,17.45258],[-99.16121,17.44509],[-99.16192,17.44339],[-99.1689,17.44263],[-99.17597,17.43961],[-99.17707,17.44643],[-99.17945,17.44841],[-99.19907,17.44446],[-99.20396,17.44746],[-99.21022,17.45359],[-99.20933,17.44834],[-99.22478,17.46365],[-99.22923,17.46466],[-99.22752,17.46915],[-99.22401,17.47219],[-99.22369,17.47578],[-99.22725,17.48497],[-99.226,17.48574],[-99.23188,17.49323],[-99.24272,17.49717],[-99.25721,17.50102],[-99.26004,17.50103],[-99.26303,17.4957],[-99.26325,17.49246],[-99.2622,17.48967],[-99.26284,17.48654],[-99.2643,17.48528],[-99.26673,17.48604],[-99.26822,17.48951],[-99.27071,17.48957],[-99.27943,17.48691],[-99.28455,17.48709],[-99.28623,17.48947],[-99.28306,17.49112],[-99.28465,17.49331],[-99.28072,17.49925],[-99.28337,17.50296],[-99.28427,17.51613],[-99.28559,17.51916],[-99.28534,17.52069],[-99.28235,17.52146],[-99.28149,17.52248],[-99.27992,17.52739],[-99.27724,17.53044],[-99.27142,17.53321],[-99.2659,17.54279],[-99.26111,17.54348],[-99.25812,17.54578],[-99.26206,17.5475],[-99.26337,17.55039],[-99.26579,17.54932],[-99.26644,17.54803],[-99.27222,17.54567],[-99.2728,17.54764],[-99.27272,17.55148],[-99.2681,17.57368],[-99.26667,17.57511],[-99.26935,17.57654],[-99.27067,17.5811],[-99.27249,17.58373],[-99.27532,17.59322],[-99.27433,17.59694],[-99.27562,17.60198],[-99.27032,17.62459],[-99.27664,17.63767],[-99.28119,17.65243],[-99.30073,17.65659],[-99.30259,17.65452],[-99.31158,17.6579],[-99.32536,17.66503],[-99.32604,17.67409],[-99.32794,17.67965],[-99.33375,17.68719],[-99.33797,17.68748],[-99.34472,17.68658],[-99.34826,17.68487],[-99.35568,17.68557],[-99.356,17.68708],[-99.35017,17.70131],[-99.35238,17.70226],[-99.35578,17.701],[-99.35858,17.69822],[-99.36416,17.68523],[-99.36326,17.68173],[-99.3694,17.6795],[-99.38066,17.68995],[-99.38768,17.70323],[-99.38935,17.70454],[-99.39508,17.71505],[-99.39599,17.72033],[-99.39544,17.72145],[-99.40368,17.7392],[-99.39081,17.74302],[-99.38921,17.74438],[-99.3907,17.74756],[-99.38996,17.74869],[-99.39189,17.74909],[-99.39116,17.74981],[-99.39338,17.7606],[-99.3945,17.76126],[-99.39677,17.76572],[-99.40242,17.78299],[-99.40202,17.80979],[-99.40319,17.81371],[-99.41482,17.83272],[-99.43009,17.85176],[-99.43187,17.85568],[-99.44547,17.85321],[-99.45275,17.85433],[-99.47208,17.85933],[-99.48382,17.8659],[-99.48474,17.87103],[-99.5,17.86655],[-99.51483,17.85796],[-99.54151,17.85256],[-99.56177,17.85944],[-99.56373,17.86719],[-99.55987,17.87635],[-99.56022,17.89855],[-99.55839,17.91227],[-99.55251,17.91192],[-99.53618,17.91634],[-99.53404,17.91915],[-99.53433,17.92206],[-99.53361,17.92497],[-99.53181,17.92641],[-99.52875,17.92657],[-99.52573,17.92893],[-99.52472,17.92872],[-99.5242,17.92738],[-99.52421,17.91951],[-99.52357,17.91845],[-99.52096,17.91752],[-99.5184,17.91836],[-99.51464,17.9225],[-99.51055,17.92263],[-99.50834,17.92363],[-99.50508,17.93133],[-99.5034,17.93318],[-99.50008,17.95527],[-99.48279,17.94311],[-99.47818,17.94386],[-99.47802,17.93751],[-99.47195,17.9392],[-99.46983,17.94205],[-99.46817,17.94259],[-99.46647,17.93876],[-99.46566,17.93329],[-99.46258,17.9313],[-99.45906,17.93107],[-99.45565,17.9322],[-99.45439,17.93344],[-99.45285,17.93848],[-99.4572,17.94165],[-99.45857,17.94358],[-99.45828,17.94971],[-99.46035,17.95484],[-99.45953,17.95742],[-99.45771,17.95952],[-99.45348,17.95843],[-99.45146,17.95615],[-99.44595,17.95787],[-99.44434,17.95763],[-99.44048,17.95211],[-99.43701,17.94292],[-99.43554,17.94066],[-99.43399,17.94009],[-99.43023,17.9441],[-99.42326,17.94742],[-99.42172,17.95095],[-99.41215,17.95976],[-99.40926,17.96134],[-99.40398,17.96241],[-99.40293,17.96187],[-99.40318,17.95934],[-99.40619,17.95472],[-99.40608,17.9531],[-99.40071,17.94502],[-99.39389,17.93964],[-99.38735,17.93616],[-99.38206,17.93493],[-99.37712,17.9402],[-99.37574,17.94043],[-99.36831,17.93609],[-99.36489,17.92963],[-99.36266,17.92857],[-99.36031,17.92897],[-99.35619,17.92433],[-99.35364,17.92369],[-99.34952,17.92583],[-99.34469,17.92622],[-99.34154,17.91873],[-99.33652,17.91677],[-99.33325,17.91578],[-99.33135,17.91776],[-99.30902,17.92783],[-99.29439,17.93164],[-99.28836,17.92929],[-99.2557,17.92269],[-99.23052,17.90759],[-99.19023,17.9568],[-99.21281,18.00695],[-99.18516,18.01258],[-99.18698,18.0148],[-99.18757,18.01881],[-99.18514,18.0279],[-99.18361,18.02862],[-99.18491,18.03064],[-99.18582,18.03766],[-99.18495,18.03749],[-99.17194,18.04751],[-99.1703,18.05231],[-99.16247,18.06036],[-99.15738,18.06772],[-99.15667,18.07727],[-99.14849,18.07711],[-99.14377,18.08547],[-99.14041,18.09696],[-99.11901,18.13233],[-99.11364,18.13446],[-99.11039,18.14061],[-99.1039,18.14011],[-99.09476,18.14838],[-99.09155,18.15888],[-99.0858,18.15442],[-99.08442,18.15812],[-99.08757,18.16887],[-99.08362,18.17128],[-99.07468,18.16974],[-99.06571,18.18211],[-99.05408,18.19095],[-99.04084,18.19032],[-99.03264,18.18637],[-99.02563,18.19039],[-99.01526,18.19466],[-99.01171,18.19099]]]]}},{"type":"Feature","properties":{"nombre":"Norte de Chiapas"},"geometry":{"type":"MultiPolygon","coordinates":[[[[-93.00274,17.55405],[-93.00095,17.55349],[-93.00006,17.55193],[-92.99896,17.55268],[-92.99765,17.55152],[-92.9938,17.55057],[-92.99058,17.55118],[-92.98834,17.55001],[-92.98794,17.54893],[-92.98938,17.54401],[-92.98837,17.54135],[-92.98735,17.54014],[-92.98049,17.53756],[-92.97979,17.53613],[-92.98219,17.53344],[-92.99085,17.53194],[-92.99265,17.53002],[-92.9883,17.5235],[-92.983,17.51891],[-92.98563,17.51517],[-92.98487,17.51131],[-92.97866,17.51259],[-92.97839,17.51481],[-92.97489,17.51695],[-92.97506,17.51864],[-92.96804,17.51797],[-92.96664,17.51539],[-92.9657,17.5104],[-92.96269,17.50718],[-92.96258,17.50327],[-92.95901,17.4974],[-92.95807,17.49197],[-92.9559,17.49077],[-92.95568,17.48866],[-92.95485,17.48788],[-92.94692,17.48213],[-92.94466,17.48331],[-92.94473,17.48534],[-92.94366,17.48614],[-92.94448,17.48727],[-92.94349,17.48816],[-92.94335,17.48964],[-92.94155,17.49078],[-92.94229,17.49289],[-92.94093,17.49483],[-92.9418,17.49663],[-92.93969,17.49836],[-92.9403,17.49994],[-92.9385,17.49981],[-92.93945,17.5014],[-92.9392,17.50245],[-92.92046,17.50268],[-92.91629,17.4989],[-92.91294,17.49821],[-92.91035,17.49948],[-92.91066,17.50237],[-92.90912,17.50286],[-92.90729,17.5052],[-92.90455,17.50327],[-92.89806,17.503],[-92.88736,17.51046],[-92.86619,17.50433],[-92.85981,17.50028],[-92.85569,17.47897],[-92.85134,17.4704],[-92.84988,17.46898],[-92.84703,17.46958],[-92.8361,17.47487],[-92.83429,17.47743],[-92.83585,17.48052],[-92.8339,17.48219],[-92.83155,17.48086],[-92.83063,17.4796],[-92.82832,17.4705],[-92.82793,17.45971],[-92.82691,17.45363],[-92.82226,17.4522],[-92.82238,17.44786],[-92.81964,17.4371],[-92.81963,17.43275],[-92.82228,17.42711],[-92.82582,17.42378],[-92.83397,17.42172],[-92.84454,17.42132],[-92.85619,17.41888],[-92.85426,17.4112],[-92.84965,17.408],[-92.83807,17.40353],[-92.83116,17.39912],[-92.82922,17.3963],[-92.82758,17.39895],[-92.82904,17.39976],[-92.82949,17.40352],[-92.83064,17.40501],[-92.8294,17.4086],[-92.82079,17.40906],[-92.81102,17.41099],[-92.81027,17.41033],[-92.80628,17.41056],[-92.80016,17.41384],[-92.7984,17.41317],[-92.79105,17.41501],[-92.78579,17.41753],[-92.78519,17.41666],[-92.78565,17.41459],[-92.78687,17.4141],[-92.78622,17.41317],[-92.78701,17.4124],[-92.78754,17.41278],[-92.78825,17.41154],[-92.79079,17.40499],[-92.77437,17.39225],[-92.77311,17.38949],[-92.77095,17.38884],[-92.7703,17.38711],[-92.76831,17.3855],[-92.76706,17.38124],[-92.77002,17.36805],[-92.76925,17.36718],[-92.76927,17.36514],[-92.77066,17.3604],[-92.76358,17.35856],[-92.75874,17.3582],[-92.75761,17.35035],[-92.75833,17.34911],[-92.75602,17.3471],[-92.75561,17.34378],[-92.75176,17.34366],[-92.73988,17.34654],[-92.72971,17.34748],[-92.72408,17.34878],[-92.7202,17.34221],[-92.71919,17.33588],[-92.71598,17.3327],[-92.71314,17.33204],[-92.70975,17.32968],[-92.70375,17.3318],[-92.70265,17.3294],[-92.69638,17.33095],[-92.68759,17.33535],[-92.68615,17.3332],[-92.68036,17.32911],[-92.67709,17.32448],[-92.66941,17.31634],[-92.66698,17.31662],[-92.66281,17.31536],[-92.66179,17.3142],[-92.66126,17.31042],[-92.65994,17.311],[-92.6534,17.31076],[-92.64832,17.31515],[-92.64852,17.31221],[-92.65061,17.30829],[-92.65242,17.30657],[-92.64809,17.30254],[-92.65602,17.29903],[-92.65215,17.29422],[-92.63815,17.28201],[-92.6353,17.27585],[-92.62612,17.28025],[-92.62117,17.27037],[-92.62533,17.26634],[-92.6192,17.25694],[-92.61126,17.2641],[-92.60752,17.25892],[-92.59312,17.26963],[-92.57915,17.27083],[-92.57613,17.26927],[-92.57777,17.26606],[-92.58117,17.2649],[-92.58239,17.25997],[-92.58431,17.25734],[-92.58655,17.25584],[-92.58681,17.25425],[-92.58532,17.2517],[-92.58506,17.24816],[-92.59069,17.24217],[-92.59387,17.24226],[-92.59161,17.22917],[-92.58981,17.2043],[-92.58297,17.20217],[-92.53063,17.19321],[-92.52302,17.19093],[-92.48482,17.17865],[-92.47514,17.17159],[-92.47394,17.16856],[-92.44025,17.16565],[-92.43459,17.1625],[-92.44536,17.13322],[-92.48672,17.13253],[-92.49228,17.12787],[-92.49742,17.12805],[-92.49574,17.12544],[-92.49511,17.1224],[-92.49299,17.1204],[-92.49306,17.11772],[-92.49178,17.11712],[-92.49347,17.11409],[-92.49405,17.10733],[-92.49815,17.10353],[-92.49762,17.10245],[-92.49839,17.10093],[-92.4972,17.09891],[-92.49926,17.09652],[-92.5009,17.09054],[-92.50352,17.09002],[-92.50601,17.08817],[-92.50894,17.08907],[-92.50994,17.08854],[-92.5104,17.0862],[-92.50836,17.08041],[-92.50904,17.07596],[-92.50829,17.0737],[-92.51115,17.07031],[-92.51292,17.07042],[-92.51513,17.06879],[-92.51727,17.06909],[-92.52188,17.07201],[-92.52404,17.07513],[-92.52891,17.07755],[-92.53086,17.08169],[-92.529,17.0837],[-92.52589,17.08451],[-92.52614,17.08669],[-92.5287,17.09107],[-92.53264,17.09299],[-92.53092,17.09691],[-92.52861,17.09899],[-92.52859,17.10074],[-92.53013,17.10233],[-92.52671,17.10393],[-92.52573,17.10234],[-92.52322,17.10185],[-92.52174,17.10513],[-92.51981,17.10562],[-92.5215,17.11596],[-92.52156,17.13162],[-92.5311,17.13174],[-92.53412,17.13273],[-92.53598,17.12922],[-92.53892,17.11946],[-92.54108,17.11875],[-92.54042,17.11546],[-92.54401,17.11501],[-92.542,17.11174],[-92.54227,17.10976],[-92.54424,17.10742],[-92.54836,17.10618],[-92.55152,17.10698],[-92.55372,17.10655],[-92.55407,17.10794],[-92.55193,17.10909],[-92.55021,17.1082],[-92.54725,17.11088],[-92.54958,17.11207],[-92.55398,17.11186],[-92.56056,17.11503],[-92.56482,17.11597],[-92.56493,17.11174],[-92.56402,17.10991],[-92.56243,17.10888],[-92.55809,17.10874],[-92.55724,17.10776],[-92.5577,17.10446],[-92.56259,17.10756],[-92.56531,17.10503],[-92.56163,17.10262],[-92.56133,17.09843],[-92.56471,17.09909],[-92.56573,17.09836],[-92.56991,17.10239],[-92.57209,17.10222],[-92.57902,17.10562],[-92.57933,17.11559],[-92.58739,17.10526],[-92.60351,17.09085],[-92.60431,17.0885],[-92.60699,17.08654],[-92.60913,17.0833],[-92.61314,17.08023],[-92.61752,17.07909],[-92.62324,17.07608],[-92.62391,17.07476],[-92.6377,17.07294],[-92.64628,17.06997],[-92.66355,17.05845],[-92.66315,17.04868],[-92.66675,17.03766],[-92.67028,17.03375],[-92.67909,17.02957],[-92.68115,17.02784],[-92.70829,16.99724],[-92.71116,16.98243],[-92.71259,16.98476],[-92.71403,16.98457],[-92.71546,16.98706],[-92.71741,16.98656],[-92.7213,16.98795],[-92.72142,16.98621],[-92.72438,16.98624],[-92.72387,16.98874],[-92.72676,16.98793],[-92.72982,16.98555],[-92.73139,16.98624],[-92.73149,16.98486],[-92.73513,16.98441],[-92.73841,16.97749],[-92.73847,16.9663],[-92.74221,16.9622],[-92.74269,16.95646],[-92.74599,16.95466],[-92.74798,16.95446],[-92.75024,16.95589],[-92.76003,16.95383],[-92.77173,16.97226],[-92.76299,16.97622],[-92.76094,16.98267],[-92.76791,16.98869],[-92.7788,16.98633],[-92.77988,16.98132],[-92.77934,16.97769],[-92.78217,16.97122],[-92.7852,16.96723],[-92.78533,16.96501],[-92.79128,16.96614],[-92.7939,16.97143],[-92.7993,16.97815],[-92.80076,16.98136],[-92.80436,16.98488],[-92.81564,16.98568],[-92.80881,16.99082],[-92.81977,16.99614],[-92.81887,16.99811],[-92.82193,16.99891],[-92.82524,16.99826],[-92.83741,16.99231],[-92.83736,16.98816],[-92.83893,16.98479],[-92.84195,16.98343],[-92.84541,16.98344],[-92.84465,16.97866],[-92.84754,16.97456],[-92.84943,16.97415],[-92.84971,16.97039],[-92.84464,16.96992],[-92.84304,16.9686],[-92.84263,16.96602],[-92.84038,16.96492],[-92.83779,16.96133],[-92.83976,16.95829],[-92.84071,16.954],[-92.84502,16.94693],[-92.84789,16.93408],[-92.85134,16.93071],[-92.85925,16.92633],[-92.86747,16.91687],[-92.89373,16.90918],[-92.89889,16.9063],[-92.90176,16.90616],[-92.90631,16.90768],[-92.90954,16.9073],[-92.91613,16.90405],[-92.9176,16.9073],[-92.9188,16.908],[-92.92083,16.90731],[-92.92091,16.9048],[-92.92284,16.90416],[-92.92824,16.90526],[-92.93062,16.90902],[-92.932,16.90977],[-92.93314,16.90692],[-92.93978,16.9076],[-92.93914,16.91327],[-92.94228,16.91713],[-92.94343,16.92345],[-92.94752,16.92888],[-92.95441,16.92902],[-92.94413,16.94276],[-92.95908,16.95278],[-92.96325,16.95362],[-92.97527,16.95967],[-92.99018,16.96453],[-93.0065,16.96844],[-93.00877,16.97008],[-93.03089,16.96933],[-93.05206,16.97765],[-93.05562,16.9782],[-93.05737,16.98136],[-93.0567,16.98185],[-93.05835,16.98784],[-93.05847,16.9924],[-93.05984,16.99265],[-93.05897,16.99475],[-93.06944,17.00051],[-93.0642,17.00245],[-93.06482,17.00649],[-93.06594,17.006],[-93.06781,17.03926],[-93.07466,17.04035],[-93.07481,17.04116],[-93.07747,17.04077],[-93.08206,17.04167],[-93.08447,17.04534],[-93.08657,17.04546],[-93.08818,17.04864],[-93.09448,17.04611],[-93.10671,17.04529],[-93.10989,17.04587],[-93.11293,17.04802],[-93.1144,17.0548],[-93.12288,17.05437],[-93.12713,17.05293],[-93.13207,17.04981],[-93.13335,17.05322],[-93.13911,17.05258],[-93.13813,17.04893],[-93.13508,17.04928],[-93.13545,17.0451],[-93.13807,17.04397],[-93.13996,17.04433],[-93.14777,17.04087],[-93.14315,17.03548],[-93.14253,17.03262],[-93.14881,17.02577],[-93.15164,17.02644],[-93.14892,17.02275],[-93.14924,17.0221],[-93.16927,17.01143],[-93.17164,17.01395],[-93.17587,17.00788],[-93.18484,17.00275],[-93.18821,17.01172],[-93.19865,17.02617],[-93.20148,17.02889],[-93.20668,17.0303],[-93.20751,17.03128],[-93.21011,17.03021],[-93.22224,17.03007],[-93.22901,17.02868],[-93.24307,17.02257],[-93.25039,17.02128],[-93.25669,17.01764],[-93.26636,17.01624],[-93.26997,17.01396],[-93.27312,17.00976],[-93.27744,17.00613],[-93.28309,17.00329],[-93.2858,17.00278],[-93.28897,17.00311],[-93.29428,17.00952],[-93.29722,17.01143],[-93.3021,17.01199],[-93.31416,17.01098],[-93.32806,17.01997],[-93.33022,17.01585],[-93.33306,17.01672],[-93.32936,17.01993],[-93.33463,17.0212],[-93.33819,17.02092],[-93.34901,17.02638],[-93.36116,17.02652],[-93.36184,17.02306],[-93.36698,17.02424],[-93.36694,17.02273],[-93.36402,17.02207],[-93.36519,17.02172],[-93.36694,17.02192],[-93.36853,17.02388],[-93.37202,17.02301],[-93.37245,17.0278],[-93.37315,17.02831],[-93.37202,17.0288],[-93.37371,17.0332],[-93.37244,17.03383],[-93.37251,17.03867],[-93.369,17.0416],[-93.37045,17.04335],[-93.36907,17.04549],[-93.36788,17.0447],[-93.36739,17.0464],[-93.37013,17.04927],[-93.37096,17.04879],[-93.37294,17.05169],[-93.37217,17.05217],[-93.37295,17.05286],[-93.37212,17.05371],[-93.37422,17.05538],[-93.37699,17.05438],[-93.37782,17.05684],[-93.37634,17.05715],[-93.37503,17.06043],[-93.37483,17.06484],[-93.38034,17.06746],[-93.37878,17.07707],[-93.37512,17.07981],[-93.3689,17.07908],[-93.36622,17.08275],[-93.36654,17.08329],[-93.3642,17.08537],[-93.36365,17.08501],[-93.36402,17.08344],[-93.35062,17.08093],[-93.34942,17.07957],[-93.34978,17.08157],[-93.34589,17.0864],[-93.34562,17.08952],[-93.33456,17.09387],[-93.33298,17.09118],[-93.32992,17.09129],[-93.32628,17.09535],[-93.32139,17.09538],[-93.31776,17.11082],[-93.31498,17.1108],[-93.31422,17.11547],[-93.31153,17.11704],[-93.30879,17.11407],[-93.30502,17.11681],[-93.30973,17.12211],[-93.30975,17.12401],[-93.30097,17.13036],[-93.30003,17.12874],[-93.29659,17.13194],[-93.29527,17.13581],[-93.29588,17.13687],[-93.2949,17.13753],[-93.2986,17.13837],[-93.29807,17.1455],[-93.29602,17.14618],[-93.29872,17.15328],[-93.29571,17.15542],[-93.29427,17.15547],[-93.29375,17.15859],[-93.28888,17.15841],[-93.28886,17.1713],[-93.294,17.17157],[-93.29243,17.17336],[-93.29298,17.1776],[-93.29034,17.17882],[-93.27812,17.19195],[-93.28419,17.19783],[-93.29064,17.20238],[-93.2873,17.20391],[-93.29207,17.20362],[-93.29999,17.21027],[-93.30021,17.21525],[-93.29783,17.21651],[-93.29829,17.21788],[-93.29628,17.21946],[-93.29159,17.21936],[-93.28966,17.22093],[-93.28613,17.22139],[-93.28416,17.21623],[-93.27725,17.20921],[-93.27422,17.20972],[-93.27261,17.21157],[-93.26618,17.21465],[-93.26421,17.21905],[-93.26272,17.22035],[-93.26433,17.22406],[-93.2503,17.22211],[-93.25046,17.2284],[-93.24623,17.22853],[-93.24454,17.24004],[-93.24731,17.24471],[-93.25214,17.24168],[-93.25645,17.24302],[-93.25925,17.24028],[-93.26222,17.24062],[-93.26588,17.2332],[-93.26766,17.23263],[-93.26909,17.23054],[-93.27075,17.23009],[-93.27113,17.22918],[-93.27004,17.22838],[-93.27024,17.22762],[-93.27425,17.22749],[-93.27551,17.22904],[-93.27876,17.22567],[-93.27832,17.22464],[-93.28085,17.22478],[-93.28273,17.22328],[-93.28365,17.22131],[-93.28675,17.23025],[-93.29634,17.2318],[-93.29201,17.24594],[-93.28313,17.2447],[-93.28199,17.24723],[-93.28268,17.25611],[-93.28178,17.25836],[-93.28248,17.26062],[-93.2821,17.26295],[-93.28826,17.27035],[-93.29801,17.2631],[-93.3011,17.2631],[-93.29909,17.26547],[-93.30576,17.26502],[-93.30876,17.26625],[-93.32161,17.26754],[-93.32287,17.26652],[-93.32561,17.26795],[-93.33727,17.26963],[-93.34451,17.26667],[-93.34942,17.26574],[-93.35174,17.26787],[-93.35692,17.26808],[-93.36373,17.26719],[-93.36425,17.26593],[-93.36654,17.26521],[-93.37446,17.26768],[-93.3762,17.26759],[-93.37824,17.26921],[-93.38061,17.26953],[-93.37894,17.26964],[-93.37899,17.27081],[-93.38399,17.28855],[-93.3828,17.29791],[-93.38387,17.30264],[-93.38317,17.30637],[-93.3842,17.31876],[-93.37749,17.32183],[-93.36402,17.32494],[-93.35702,17.32802],[-93.34538,17.33148],[-93.33893,17.33041],[-93.33376,17.33142],[-93.33226,17.33318],[-93.3255,17.34724],[-93.32254,17.35076],[-93.32035,17.35184],[-93.29681,17.35374],[-93.27654,17.35392],[-93.27158,17.35256],[-93.265,17.35997],[-93.2489,17.36613],[-93.242,17.36777],[-93.22604,17.35286],[-93.2301,17.34827],[-93.2262,17.34423],[-93.22354,17.33688],[-93.22048,17.33294],[-93.21839,17.33183],[-93.21581,17.33162],[-93.21602,17.33367],[-93.2123,17.33377],[-93.21114,17.33553],[-93.20775,17.33749],[-93.20539,17.33847],[-93.2038,17.3381],[-93.19562,17.34421],[-93.19441,17.34263],[-93.18916,17.34424],[-93.18636,17.34319],[-93.17921,17.33633],[-93.17423,17.34332],[-93.17722,17.3443],[-93.17721,17.35045],[-93.17182,17.3492],[-93.17136,17.35543],[-93.17554,17.35672],[-93.1753,17.36218],[-93.18264,17.36193],[-93.19957,17.36617],[-93.1983,17.36915],[-93.20001,17.37409],[-93.19978,17.38565],[-93.20765,17.38188],[-93.20742,17.38304],[-93.21017,17.39169],[-93.20798,17.40452],[-93.20483,17.40936],[-93.19116,17.40803],[-93.19107,17.40162],[-93.1894,17.40146],[-93.1892,17.39802],[-93.18829,17.39742],[-93.18509,17.3976],[-93.18469,17.39823],[-93.18258,17.39787],[-93.18227,17.39845],[-93.17665,17.39754],[-93.17477,17.39651],[-93.17095,17.39653],[-93.16926,17.3978],[-93.17384,17.40281],[-93.1693,17.41538],[-93.16665,17.41533],[-93.16021,17.41925],[-93.1583,17.42188],[-93.15566,17.42345],[-93.15608,17.42467],[-93.15494,17.42535],[-93.15194,17.4259],[-93.14816,17.4253],[-93.1456,17.42834],[-93.14345,17.42754],[-93.14165,17.42894],[-93.13957,17.4285],[-93.13844,17.43066],[-93.13383,17.43485],[-93.13234,17.438],[-93.13122,17.44707],[-93.13015,17.44828],[-93.12622,17.44962],[-93.12399,17.45302],[-93.12011,17.45506],[-93.12085,17.4643],[-93.119,17.4658],[-93.11766,17.46502],[-93.11461,17.46724],[-93.11127,17.47003],[-93.10986,17.47168],[-93.11028,17.47295],[-93.10827,17.47456],[-93.10555,17.47582],[-93.10199,17.47511],[-93.10139,17.47579],[-93.10123,17.47862],[-93.10247,17.4845],[-93.10195,17.48537],[-93.10042,17.48599],[-93.09695,17.48565],[-93.0956,17.48643],[-93.09279,17.48174],[-93.08707,17.4793],[-93.08652,17.49174],[-93.07739,17.4919],[-93.07631,17.4882],[-93.07904,17.48822],[-93.07952,17.48291],[-93.07771,17.4832],[-93.0738,17.48513],[-93.07303,17.49069],[-93.07362,17.49575],[-93.06996,17.4958],[-93.06364,17.49386],[-93.06212,17.49236],[-93.06003,17.4925],[-93.05504,17.49104],[-93.05385,17.49194],[-93.05311,17.4953],[-93.05096,17.49502],[-93.05227,17.49648],[-93.0519,17.49764],[-93.0496,17.49556],[-93.02745,17.4952],[-93.02657,17.49693],[-93.03006,17.50081],[-93.03032,17.50273],[-93.02791,17.50675],[-93.02748,17.50912],[-93.02831,17.51026],[-93.02705,17.51166],[-93.02788,17.51462],[-93.02522,17.51874],[-93.02065,17.51933],[-93.01704,17.52177],[-93.01876,17.52795],[-93.01654,17.52761],[-93.01697,17.53403],[-93.01543,17.53356],[-93.01438,17.53059],[-93.01232,17.52996],[-93.00467,17.53133],[-93.0024,17.54018],[-93.00456,17.54812],[-93.00431,17.5552],[-93.00274,17.55405]]]]}},{"type":"Feature","properties":{"nombre":"Otomí de Hidalgo y Querétaro"},"geometry":{"type":"MultiPolygon","coordinates":[[[[-99.93981,21.07105],[-99.9388,21.06383],[-99.93657,21.06113],[-99.93527,21.04668],[-99.9251,21.05148],[-99.92411,21.05397],[-99.92124,21.05693],[-99.92036,21.06339],[-99.9225,21.06919],[-99.91742,21.06705],[-99.91564,21.06243],[-99.9114,21.05989],[-99.91125,21.05522],[-99.90942,21.05484],[-99.90739,21.05287],[-99.90805,21.05042],[-99.90181,21.0529],[-99.9028,21.05677],[-99.9001,21.05609],[-99.89646,21.05298],[-99.89482,21.04991],[-99.89186,21.04829],[-99.8905,21.04609],[-99.88366,21.04422],[-99.87965,21.04455],[-99.87849,21.04365],[-99.87793,21.04123],[-99.87888,21.04032],[-99.87985,21.04077],[-99.87984,21.03905],[-99.88128,21.03873],[-99.88078,21.03625],[-99.88247,21.03579],[-99.87787,21.03175],[-99.87189,21.02997],[-99.87113,21.0316],[-99.86998,21.03188],[-99.86874,21.03351],[-99.86346,21.03589],[-99.86281,21.03973],[-99.86204,21.04041],[-99.85715,21.02553],[-99.84891,21.01563],[-99.84245,21.01273],[-99.83391,21.0008],[-99.81757,21.02811],[-99.81802,21.02359],[-99.78909,20.95474],[-99.72212,20.9443],[-99.71173,20.96617],[-99.69872,20.96681],[-99.6938,20.98216],[-99.69217,20.99027],[-99.6869,20.9892],[-99.68113,20.98502],[-99.66695,21.00262],[-99.65783,20.99425],[-99.6446,20.97797],[-99.65183,20.97922],[-99.68584,20.96849],[-99.68502,20.96389],[-99.68083,20.95581],[-99.68207,20.94971],[-99.68129,20.94133],[-99.67075,20.94087],[-99.66244,20.92989],[-99.651,20.90915],[-99.64867,20.90706],[-99.63978,20.91042],[-99.60839,20.90805],[-99.60114,20.90474],[-99.59487,20.90334],[-99.59275,20.90471],[-99.58797,20.90482],[-99.58478,20.90334],[-99.58585,20.9007],[-99.58482,20.89968],[-99.58577,20.88669],[-99.58531,20.88502],[-99.58319,20.88338],[-99.58029,20.88359],[-99.57432,20.88191],[-99.56746,20.88483],[-99.56623,20.88335],[-99.55854,20.882],[-99.5566,20.88552],[-99.55301,20.88716],[-99.55183,20.89152],[-99.54952,20.89514],[-99.54464,20.8974],[-99.54463,20.89944],[-99.54396,20.89968],[-99.5446,20.90121],[-99.54387,20.90215],[-99.54227,20.90214],[-99.53699,20.89945],[-99.53643,20.89798],[-99.53719,20.89736],[-99.5362,20.89628],[-99.53519,20.89841],[-99.53308,20.89958],[-99.52171,20.90297],[-99.52355,20.90714],[-99.52736,20.90955],[-99.52683,20.91169],[-99.52522,20.91228],[-99.5267,20.91413],[-99.52623,20.91632],[-99.52856,20.91805],[-99.52764,20.9215],[-99.52377,20.92384],[-99.52242,20.92633],[-99.52084,20.92672],[-99.5155,20.93128],[-99.51192,20.93231],[-99.50739,20.93507],[-99.5044,20.93486],[-99.50379,20.93417],[-99.50086,20.93504],[-99.5001,20.93367],[-99.49134,20.93335],[-99.49141,20.93234],[-99.48999,20.93231],[-99.48934,20.93135],[-99.48344,20.93027],[-99.47527,20.93302],[-99.47421,20.93538],[-99.47469,20.93655],[-99.47307,20.93908],[-99.47247,20.94198],[-99.47139,20.94261],[-99.47139,20.94858],[-99.47046,20.94867],[-99.47056,20.95021],[-99.46973,20.95048],[-99.47014,20.95135],[-99.46908,20.95186],[-99.46947,20.95445],[-99.46882,20.95473],[-99.47018,20.95825],[-99.4712,20.95843],[-99.46998,20.95933],[-99.47075,20.95982],[-99.47033,20.96069],[-99.47123,20.96123],[-99.47133,20.96267],[-99.47039,20.96448],[-99.46778,20.96641],[-99.46741,20.96832],[-99.46967,20.96783],[-99.46716,20.97145],[-99.46617,20.97172],[-99.46704,20.97229],[-99.46646,20.97318],[-99.4684,20.97289],[-99.46637,20.97719],[-99.46723,20.97759],[-99.46612,20.9785],[-99.46737,20.97976],[-99.46678,20.98129],[-99.469,20.98348],[-99.46881,20.98459],[-99.4705,20.98671],[-99.47166,20.98725],[-99.47089,20.98942],[-99.47181,20.98981],[-99.46677,20.99621],[-99.46717,20.99738],[-99.46605,20.99792],[-99.46579,20.99946],[-99.46633,21.00063],[-99.46533,21.00162],[-99.46587,21.00259],[-99.46457,21.00403],[-99.46236,21.00372],[-99.46293,21.00546],[-99.46228,21.00615],[-99.46117,21.00562],[-99.4613,21.00839],[-99.45853,21.01155],[-99.45927,21.01291],[-99.45845,21.01388],[-99.45968,21.01443],[-99.46025,21.01592],[-99.46188,21.0161],[-99.46076,21.01857],[-99.44148,21.01608],[-99.39986,21.01423],[-99.38395,21.00972],[-99.3848,21.00647],[-99.38995,21.00414],[-99.38965,21.00038],[-99.39189,20.99747],[-99.39218,20.99297],[-99.39366,20.99036],[-99.39126,20.98668],[-99.39344,20.9827],[-99.39633,20.98109],[-99.39612,20.97689],[-99.39474,20.97308],[-99.38828,20.9662],[-99.38901,20.96466],[-99.39125,20.96351],[-99.39171,20.95995],[-99.39275,20.95827],[-99.39063,20.95434],[-99.39063,20.95227],[-99.3977,20.94314],[-99.40088,20.94205],[-99.4016,20.93969],[-99.40425,20.93919],[-99.40747,20.93661],[-99.40752,20.93512],[-99.40663,20.93411],[-99.40478,20.93422],[-99.40396,20.93585],[-99.40252,20.93453],[-99.40239,20.93113],[-99.40436,20.92915],[-99.40237,20.92675],[-99.4008,20.92687],[-99.40012,20.92513],[-99.40146,20.92083],[-99.40387,20.91984],[-99.40382,20.91865],[-99.40144,20.91895],[-99.39796,20.91769],[-99.39806,20.91649],[-99.39624,20.91654],[-99.39623,20.91271],[-99.39426,20.91021],[-99.39157,20.91174],[-99.3824,20.88998],[-99.37912,20.88947],[-99.3777,20.8885],[-99.3783,20.88697],[-99.37503,20.88516],[-99.37565,20.88409],[-99.37248,20.88285],[-99.37251,20.88118],[-99.3706,20.88116],[-99.3652,20.88633],[-99.36047,20.88596],[-99.35993,20.88856],[-99.3628,20.89058],[-99.36374,20.89298],[-99.36051,20.89467],[-99.35672,20.89504],[-99.35777,20.89588],[-99.35488,20.89629],[-99.35369,20.89733],[-99.34912,20.89744],[-99.34449,20.89409],[-99.34185,20.89442],[-99.34164,20.89291],[-99.34015,20.89179],[-99.33801,20.89224],[-99.33588,20.89011],[-99.33385,20.88977],[-99.33376,20.88498],[-99.33751,20.8819],[-99.33789,20.88056],[-99.33429,20.87666],[-99.33475,20.87226],[-99.33656,20.87102],[-99.33604,20.86854],[-99.33448,20.86799],[-99.33466,20.86352],[-99.33359,20.8636],[-99.33308,20.86466],[-99.33037,20.86472],[-99.32732,20.86661],[-99.32616,20.86793],[-99.32599,20.86949],[-99.32435,20.86881],[-99.32209,20.86956],[-99.31936,20.86666],[-99.31673,20.86101],[-99.31174,20.85853],[-99.31073,20.86067],[-99.30857,20.86217],[-99.30884,20.86337],[-99.30591,20.86521],[-99.30693,20.8665],[-99.30545,20.86753],[-99.30576,20.87069],[-99.30271,20.87561],[-99.30299,20.87699],[-99.30159,20.87669],[-99.3007,20.87826],[-99.30067,20.88104],[-99.29588,20.88225],[-99.29547,20.88342],[-99.29613,20.88485],[-99.293,20.885],[-99.29302,20.88744],[-99.29092,20.88939],[-99.28985,20.88939],[-99.28353,20.88484],[-99.27896,20.88849],[-99.27296,20.8907],[-99.26875,20.89384],[-99.26222,20.89573],[-99.25508,20.89947],[-99.26299,20.90979],[-99.26465,20.91991],[-99.26776,20.92531],[-99.26681,20.92724],[-99.25362,20.9205],[-99.25057,20.91556],[-99.248,20.91425],[-99.24642,20.91211],[-99.24449,20.91192],[-99.23869,20.91674],[-99.2385,20.91836],[-99.23338,20.9255],[-99.23608,20.92982],[-99.23183,20.93232],[-99.23209,20.93312],[-99.23055,20.93626],[-99.2261,20.93947],[-99.22338,20.94274],[-99.22451,20.94369],[-99.22493,20.94559],[-99.22787,20.94798],[-99.2208,20.95412],[-99.219,20.95027],[-99.21257,20.94656],[-99.21094,20.94416],[-99.21076,20.94071],[-99.20872,20.939],[-99.20919,20.93585],[-99.20759,20.93629],[-99.20634,20.93548],[-99.2057,20.93226],[-99.2072,20.93141],[-99.20705,20.92993],[-99.20936,20.9269],[-99.20796,20.92408],[-99.21048,20.92262],[-99.20943,20.91902],[-99.2034,20.9124],[-99.20438,20.90871],[-99.20378,20.90822],[-99.20385,20.90533],[-99.20166,20.9003],[-99.19931,20.89763],[-99.19863,20.89449],[-99.19074,20.89052],[-99.19086,20.89314],[-99.18875,20.89526],[-99.18019,20.89203],[-99.17518,20.89352],[-99.17549,20.89513],[-99.17197,20.8988],[-99.17011,20.89874],[-99.16806,20.89477],[-99.16593,20.89435],[-99.16019,20.8955],[-99.1582,20.89719],[-99.15431,20.89318],[-99.15622,20.8891],[-99.15913,20.887],[-99.14021,20.88842],[-99.13297,20.8859],[-99.12916,20.8799],[-99.13259,20.87747],[-99.13392,20.87492],[-99.13609,20.87418],[-99.13112,20.87014],[-99.12377,20.8742],[-99.11903,20.87807],[-99.1182,20.87976],[-99.1147,20.88114],[-99.11348,20.87962],[-99.11365,20.87654],[-99.11211,20.87205],[-99.11346,20.87098],[-99.11395,20.86933],[-99.11709,20.8697],[-99.11954,20.86754],[-99.12376,20.86638],[-99.12905,20.86343],[-99.12973,20.86114],[-99.1316,20.85963],[-99.13239,20.85769],[-99.13576,20.85552],[-99.13555,20.85229],[-99.14349,20.84869],[-99.1439,20.84598],[-99.14212,20.84299],[-99.14342,20.84098],[-99.14342,20.83913],[-99.14044,20.83448],[-99.14055,20.83106],[-99.138,20.82938],[-99.13669,20.83202],[-99.13542,20.83256],[-99.13459,20.83499],[-99.13272,20.83514],[-99.1317,20.83689],[-99.12758,20.83874],[-99.12368,20.83537],[-99.12276,20.82935],[-99.11437,20.82417],[-99.11249,20.82365],[-99.10982,20.82455],[-99.10762,20.82813],[-99.10658,20.82858],[-99.10532,20.82779],[-99.10674,20.82244],[-99.10247,20.81814],[-99.10012,20.81384],[-99.10014,20.81175],[-99.09891,20.80898],[-99.10002,20.80641],[-99.10174,20.80493],[-99.10476,20.80458],[-99.10441,20.80313],[-99.09392,20.80411],[-99.09222,20.80511],[-99.09255,20.8036],[-99.0952,20.80126],[-99.0979,20.79713],[-99.09787,20.79566],[-99.0964,20.79432],[-99.09663,20.79311],[-99.09785,20.7919],[-99.09932,20.79242],[-99.10131,20.79163],[-99.10125,20.78859],[-99.10304,20.78667],[-99.10346,20.78224],[-99.10103,20.77997],[-99.09982,20.77675],[-99.09611,20.7814],[-99.09609,20.78278],[-99.08843,20.78148],[-99.08554,20.78238],[-99.08326,20.77987],[-99.08149,20.77915],[-99.08077,20.77958],[-99.08111,20.77776],[-99.08033,20.77648],[-99.08115,20.77197],[-99.07976,20.76641],[-99.0806,20.76522],[-99.08064,20.76208],[-99.08279,20.76088],[-99.0847,20.75465],[-99.0846,20.75203],[-99.0834,20.7509],[-99.07155,20.7547],[-99.06739,20.75511],[-99.06419,20.75845],[-99.06044,20.75964],[-99.05998,20.7658],[-99.05016,20.76552],[-99.04396,20.76955],[-99.04077,20.7704],[-99.03642,20.77576],[-99.03403,20.77414],[-99.03369,20.77306],[-99.03203,20.77288],[-99.02882,20.77088],[-99.02316,20.77005],[-99.02116,20.76765],[-99.01279,20.76267],[-99.01342,20.76085],[-99.01318,20.75609],[-99.012,20.75027],[-99.00776,20.74614],[-99.00463,20.73754],[-99.00689,20.7323],[-99.00957,20.73376],[-99.01371,20.72986],[-99.01582,20.72943],[-99.01922,20.72161],[-99.02261,20.72248],[-99.02385,20.72126],[-99.02395,20.7198],[-99.02144,20.71762],[-99.02065,20.71414],[-99.0191,20.71322],[-99.02161,20.7117],[-99.02162,20.7108],[-99.02012,20.70818],[-99.01614,20.70481],[-99.01623,20.70153],[-99.01756,20.70081],[-99.01816,20.69891],[-99.01748,20.69689],[-99.01454,20.69309],[-99.0127,20.69217],[-99.01142,20.68993],[-99.00985,20.68939],[-99.00909,20.68679],[-99.00521,20.68341],[-99.00423,20.68094],[-99.00575,20.67936],[-99.00605,20.67781],[-99.00895,20.67539],[-99.00805,20.66899],[-99.00976,20.66459],[-99.00866,20.66197],[-99.00552,20.65854],[-99.00533,20.65143],[-99.00397,20.65103],[-99.0023,20.65266],[-98.99872,20.65184],[-98.99703,20.65064],[-98.99549,20.65143],[-98.99389,20.65115],[-98.99363,20.64911],[-98.99014,20.64689],[-98.98963,20.64739],[-98.98772,20.64565],[-98.98477,20.64527],[-98.98284,20.64622],[-98.98045,20.64218],[-98.97837,20.6408],[-98.97589,20.64065],[-98.97339,20.64315],[-98.96918,20.64415],[-98.96441,20.63947],[-98.9641,20.63432],[-98.96502,20.63184],[-98.96432,20.63058],[-98.9595,20.63062],[-98.95935,20.63167],[-98.95763,20.63263],[-98.95721,20.63476],[-98.95616,20.63468],[-98.95632,20.63566],[-98.9554,20.63607],[-98.95312,20.63648],[-98.94795,20.6351],[-98.94679,20.63687],[-98.94898,20.63835],[-98.94625,20.63783],[-98.94771,20.6391],[-98.94654,20.63884],[-98.94532,20.64269],[-98.94442,20.64224],[-98.94429,20.64294],[-98.94385,20.64137],[-98.94402,20.64472],[-98.94316,20.64217],[-98.94314,20.64564],[-98.94242,20.64681],[-98.94296,20.64741],[-98.94387,20.647],[-98.94262,20.6477],[-98.94076,20.6467],[-98.93871,20.64942],[-98.93356,20.65224],[-98.9318,20.65292],[-98.93143,20.64963],[-98.92816,20.6457],[-98.9283,20.63973],[-98.93191,20.6368],[-98.93148,20.63473],[-98.93303,20.63231],[-98.93493,20.63109],[-98.93348,20.62959],[-98.93979,20.62541],[-98.93996,20.62329],[-98.94188,20.61935],[-98.94538,20.61812],[-98.94787,20.61469],[-98.94826,20.60923],[-98.94782,20.6073],[-98.94567,20.6043],[-98.95266,20.60364],[-98.94912,20.5982],[-98.94847,20.59592],[-98.94527,20.59456],[-98.94481,20.59192],[-98.94603,20.59021],[-98.94594,20.58842],[-98.94036,20.58836],[-98.9319,20.58986],[-98.92706,20.59706],[-98.92304,20.60038],[-98.91262,20.60359],[-98.90867,20.60632],[-98.90324,20.61187],[-98.89803,20.61425],[-98.89246,20.61863],[-98.88513,20.61986],[-98.87726,20.61898],[-98.87508,20.62039],[-98.86941,20.6216],[-98.86144,20.62152],[-98.8567,20.62033],[-98.85367,20.61507],[-98.84704,20.61167],[-98.84651,20.61598],[-98.84406,20.61744],[-98.83617,20.61112],[-98.83464,20.60682],[-98.82831,20.6039],[-98.82349,20.59905],[-98.81888,20.59842],[-98.8074,20.59059],[-98.80154,20.58312],[-98.79529,20.56868],[-98.78988,20.56284],[-98.78002,20.5473],[-98.77625,20.5389],[-98.76607,20.53088],[-98.76504,20.52691],[-98.75691,20.52872],[-98.75529,20.53065],[-98.75117,20.53181],[-98.74684,20.53029],[-98.74433,20.52846],[-98.74395,20.52646],[-98.74638,20.52372],[-98.74968,20.52377],[-98.75059,20.52108],[-98.75369,20.51743],[-98.75362,20.51443],[-98.75227,20.5122],[-98.74794,20.51158],[-98.74361,20.51488],[-98.74182,20.5145],[-98.73757,20.50968],[-98.73584,20.50657],[-98.73626,20.49968],[-98.73982,20.49468],[-98.73864,20.49323],[-98.72853,20.49224],[-98.72706,20.48536],[-98.72435,20.47864],[-98.72411,20.47468],[-98.72211,20.47217],[-98.72263,20.46804],[-98.72421,20.468],[-98.72369,20.46615],[-98.71933,20.46606],[-98.71383,20.46753],[-98.7127,20.47141],[-98.71411,20.48036],[-98.7133,20.48265],[-98.7103,20.48444],[-98.70801,20.48227],[-98.70575,20.47816],[-98.70377,20.46344],[-98.69817,20.45163],[-98.69674,20.44689],[-98.69669,20.44299],[-98.69847,20.44648],[-98.70686,20.44682],[-98.70769,20.44546],[-98.71062,20.44722],[-98.71631,20.44759],[-98.72133,20.45036],[-98.72209,20.45164],[-98.72251,20.44986],[-98.72418,20.44861],[-98.7279,20.44696],[-98.72899,20.44752],[-98.74332,20.44193],[-98.77275,20.4366],[-98.7738,20.41091],[-98.78505,20.41448],[-98.7891,20.41271],[-98.79165,20.41068],[-98.79261,20.40845],[-98.79238,20.4051],[-98.79697,20.40331],[-98.80269,20.39461],[-98.80537,20.39288],[-98.80551,20.39166],[-98.80724,20.38995],[-98.81161,20.3883],[-98.81361,20.3896],[-98.81566,20.38951],[-98.81594,20.38823],[-98.81341,20.38627],[-98.81449,20.38466],[-98.81128,20.38187],[-98.81328,20.38014],[-98.8133,20.37915],[-98.80979,20.37862],[-98.80953,20.37731],[-98.81109,20.37572],[-98.80745,20.37403],[-98.80376,20.37108],[-98.80399,20.36863],[-98.8017,20.36754],[-98.80145,20.36567],[-98.80299,20.36467],[-98.80023,20.36362],[-98.7992,20.36223],[-98.79978,20.36045],[-98.80349,20.35854],[-98.80425,20.35458],[-98.80722,20.35177],[-98.80792,20.35003],[-98.80613,20.34597],[-98.80402,20.34468],[-98.80356,20.34349],[-98.80593,20.34037],[-98.80558,20.3359],[-98.80771,20.3319],[-98.81056,20.32937],[-98.81565,20.32913],[-98.81829,20.3302],[-98.82037,20.33003],[-98.82045,20.32565],[-98.8241,20.32472],[-98.82214,20.32219],[-98.8199,20.32172],[-98.82023,20.31838],[-98.81715,20.31724],[-98.81661,20.31554],[-98.81401,20.31383],[-98.8136,20.31303],[-98.81456,20.31112],[-98.81363,20.31028],[-98.81162,20.31115],[-98.81008,20.31305],[-98.80808,20.31347],[-98.80717,20.31084],[-98.80541,20.31194],[-98.80301,20.31153],[-98.80293,20.31375],[-98.80168,20.3141],[-98.80085,20.31317],[-98.79981,20.31327],[-98.79844,20.31499],[-98.79888,20.31631],[-98.79819,20.31728],[-98.79588,20.31586],[-98.79461,20.31593],[-98.79515,20.31743],[-98.79352,20.31879],[-98.79273,20.3157],[-98.79153,20.3153],[-98.79,20.3161],[-98.78925,20.31553],[-98.78939,20.3139],[-98.78658,20.31384],[-98.78629,20.31161],[-98.78404,20.31162],[-98.79789,20.29218],[-98.79924,20.29185],[-98.79946,20.29054],[-98.80192,20.29032],[-98.80224,20.28922],[-98.80358,20.28893],[-98.80506,20.28581],[-98.80675,20.28651],[-98.80898,20.28536],[-98.81047,20.27967],[-98.8142,20.27746],[-98.81492,20.27312],[-98.8204,20.2686],[-98.81743,20.26467],[-98.81822,20.26209],[-98.81477,20.26345],[-98.81284,20.26263],[-98.8133,20.26122],[-98.81126,20.25873],[-98.81141,20.25692],[-98.81037,20.25741],[-98.81228,20.2532],[-98.81131,20.25234],[-98.81295,20.2515],[-98.81247,20.24953],[-98.81433,20.24939],[-98.81466,20.24774],[-98.81796,20.25073],[-98.82169,20.25055],[-98.82576,20.24841],[-98.82659,20.24695],[-98.82835,20.24702],[-98.82965,20.24578],[-98.83568,20.24585],[-98.83771,20.24452],[-98.8461,20.24907],[-98.85135,20.24606],[-98.85478,20.25211],[-98.85712,20.252],[-98.85771,20.25503],[-98.86038,20.25503],[-98.86163,20.2579],[-98.87246,20.26267],[-98.8745,20.26231],[-98.88082,20.26395],[-98.88047,20.26497],[-98.88216,20.26585],[-98.87899,20.26801],[-98.87023,20.27047],[-98.8699,20.26941],[-98.86941,20.27066],[-98.86617,20.27157],[-98.86562,20.27797],[-98.86708,20.27888],[-98.86772,20.28328],[-98.86911,20.28434],[-98.86764,20.28894],[-98.86488,20.29062],[-98.86325,20.29405],[-98.86462,20.29775],[-98.86496,20.2964],[-98.86736,20.29719],[-98.87051,20.29559],[-98.87757,20.29411],[-98.88722,20.28532],[-98.90402,20.27634],[-98.90433,20.27957],[-98.91229,20.27746],[-98.91558,20.27764],[-98.91411,20.27595],[-98.91492,20.27347],[-98.91415,20.27018],[-98.92066,20.26548],[-98.92719,20.26393],[-98.92717,20.26248],[-98.9296,20.26213],[-98.92882,20.2616],[-98.92889,20.25953],[-98.9282,20.25959],[-98.92673,20.25729],[-98.92554,20.25717],[-98.9275,20.25319],[-98.93027,20.25369],[-98.93164,20.25239],[-98.93403,20.25187],[-98.9351,20.2532],[-98.93813,20.25309],[-98.93793,20.25064],[-98.9395,20.24616],[-98.93861,20.24379],[-98.94022,20.24277],[-98.93973,20.21691],[-98.94653,20.20732],[-98.94513,20.20257],[-98.94603,20.2025],[-98.94608,20.20181],[-98.94763,20.20216],[-98.94809,20.20104],[-98.94683,20.19594],[-98.94112,20.1914],[-98.94444,20.18449],[-98.94925,20.18482],[-98.94669,20.18214],[-98.9543,20.18185],[-98.96143,20.18398],[-98.96336,20.18577],[-98.96785,20.18718],[-98.96931,20.18845],[-98.97056,20.18724],[-98.97378,20.18722],[-98.97407,20.18621],[-98.97902,20.18476],[-98.97909,20.18597],[-98.98057,20.18512],[-98.98314,20.18736],[-98.98766,20.18713],[-98.9909,20.18888],[-98.99688,20.18499],[-98.99721,20.18389],[-99.00132,20.18254],[-99.00108,20.18152],[-99.00197,20.18089],[-99.00279,20.18151],[-99.00889,20.18084],[-99.01151,20.18312],[-99.01449,20.18353],[-99.01273,20.1862],[-99.01549,20.19023],[-99.02127,20.18991],[-99.02602,20.1885],[-99.03062,20.18882],[-99.03649,20.18684],[-99.04028,20.18884],[-99.03841,20.19035],[-99.03669,20.19062],[-99.03379,20.19614],[-99.03388,20.19945],[-99.03546,20.2019],[-99.03752,20.20337],[-99.03149,20.21169],[-99.03068,20.21613],[-99.03096,20.2212],[-99.02838,20.22344],[-99.02681,20.22735],[-99.02681,20.23134],[-99.02401,20.2316],[-99.02141,20.23385],[-99.01753,20.23443],[-99.02152,20.23593],[-99.01879,20.23724],[-99.01911,20.2386],[-99.01813,20.23969],[-99.01289,20.24228],[-99.01339,20.2644],[-99.0252,20.2622],[-99.04048,20.25733],[-99.04457,20.25683],[-99.04959,20.25461],[-99.05119,20.25722],[-99.05618,20.25266],[-99.06141,20.25054],[-99.06526,20.2605],[-99.06256,20.26616],[-99.06326,20.2677],[-99.06483,20.26711],[-99.06602,20.26883],[-99.06586,20.27482],[-99.06731,20.27592],[-99.08061,20.27808],[-99.08019,20.28103],[-99.08122,20.28335],[-99.08107,20.28551],[-99.08163,20.28686],[-99.08418,20.28889],[-99.08462,20.2931],[-99.08594,20.29465],[-99.08762,20.29517],[-99.08887,20.29846],[-99.09271,20.29568],[-99.09279,20.29142],[-99.09493,20.28934],[-99.09622,20.28636],[-99.09755,20.28895],[-99.10245,20.28936],[-99.10708,20.29141],[-99.11159,20.29083],[-99.11335,20.29224],[-99.11553,20.29479],[-99.11605,20.29794],[-99.11781,20.30108],[-99.11767,20.30449],[-99.11875,20.30678],[-99.119,20.31003],[-99.12046,20.31205],[-99.12523,20.3157],[-99.12113,20.31646],[-99.11878,20.31857],[-99.12312,20.33487],[-99.12519,20.33803],[-99.12489,20.33884],[-99.12708,20.34085],[-99.13424,20.34473],[-99.13503,20.34442],[-99.13629,20.34763],[-99.1379,20.34809],[-99.14049,20.3526],[-99.1432,20.35326],[-99.14281,20.35544],[-99.14397,20.35917],[-99.14495,20.37141],[-99.14608,20.37397],[-99.14873,20.37667],[-99.14849,20.37825],[-99.15118,20.37175],[-99.1623,20.36998],[-99.16329,20.37054],[-99.16348,20.37204],[-99.17121,20.36682],[-99.17612,20.36034],[-99.18756,20.35328],[-99.19335,20.35594],[-99.19758,20.35569],[-99.20083,20.35444],[-99.20187,20.35699],[-99.20098,20.35899],[-99.20289,20.36023],[-99.20382,20.35806],[-99.2063,20.35848],[-99.20759,20.3575],[-99.20848,20.35508],[-99.21132,20.35409],[-99.21522,20.35452],[-99.21836,20.3564],[-99.22163,20.35592],[-99.2233,20.35481],[-99.22687,20.35474],[-99.22817,20.35339],[-99.2307,20.35302],[-99.2296,20.3479],[-99.23131,20.34451],[-99.23195,20.34043],[-99.22628,20.34003],[-99.22422,20.33679],[-99.22237,20.33551],[-99.22203,20.3342],[-99.22422,20.33157],[-99.22289,20.3287],[-99.22321,20.32503],[-99.21875,20.31989],[-99.21915,20.31773],[-99.22184,20.31482],[-99.22238,20.31307],[-99.2251,20.31137],[-99.22516,20.31062],[-99.22402,20.30933],[-99.21912,20.30721],[-99.21785,20.30581],[-99.21681,20.30263],[-99.21484,20.30108],[-99.21399,20.29702],[-99.21619,20.29356],[-99.21544,20.2918],[-99.21185,20.29056],[-99.21044,20.28684],[-99.20531,20.286],[-99.20375,20.28453],[-99.20248,20.28107],[-99.20007,20.28077],[-99.1985,20.2818],[-99.19652,20.28079],[-99.19492,20.27715],[-99.19894,20.27383],[-99.19905,20.2713],[-99.19684,20.2704],[-99.19197,20.27137],[-99.19079,20.27098],[-99.19071,20.26694],[-99.1919,20.26277],[-99.1932,20.26232],[-99.19692,20.26389],[-99.20003,20.26322],[-99.20046,20.26203],[-99.19739,20.26095],[-99.19706,20.26008],[-99.19809,20.25887],[-99.20068,20.25875],[-99.20199,20.25747],[-99.20114,20.25639],[-99.19619,20.25541],[-99.19514,20.25384],[-99.19531,20.25197],[-99.19665,20.25129],[-99.20069,20.25248],[-99.20313,20.25162],[-99.20546,20.24433],[-99.2072,20.24223],[-99.21023,20.24197],[-99.21184,20.23981],[-99.21326,20.23921],[-99.22397,20.23909],[-99.22905,20.24051],[-99.23447,20.23977],[-99.23642,20.24037],[-99.24436,20.24588],[-99.2449,20.24303],[-99.25005,20.24485],[-99.25734,20.24321],[-99.2779,20.24376],[-99.28133,20.2492],[-99.28404,20.25077],[-99.29063,20.24619],[-99.29119,20.2448],[-99.29688,20.24831],[-99.30027,20.2484],[-99.30366,20.24971],[-99.30611,20.2496],[-99.30673,20.2489],[-99.30759,20.25001],[-99.31,20.25041],[-99.31232,20.25001],[-99.31533,20.24814],[-99.31905,20.24964],[-99.32131,20.24947],[-99.3237,20.2509],[-99.32631,20.24967],[-99.32979,20.25097],[-99.33246,20.24983],[-99.33345,20.25124],[-99.33673,20.25213],[-99.33773,20.2551],[-99.33861,20.26243],[-99.33728,20.2648],[-99.33684,20.26974],[-99.33828,20.27583],[-99.33978,20.27751],[-99.34177,20.28278],[-99.34895,20.28816],[-99.34973,20.29457],[-99.35166,20.29642],[-99.35129,20.29833],[-99.35383,20.29926],[-99.35738,20.30274],[-99.35892,20.30517],[-99.35845,20.30632],[-99.35948,20.30707],[-99.3589,20.30758],[-99.35813,20.3065],[-99.35427,20.30543],[-99.3504,20.30538],[-99.35041,20.30862],[-99.34773,20.30844],[-99.34731,20.31027],[-99.34662,20.31047],[-99.34452,20.30995],[-99.34237,20.30574],[-99.33952,20.30706],[-99.34238,20.3097],[-99.3459,20.31805],[-99.34914,20.32114],[-99.34887,20.32274],[-99.34952,20.32323],[-99.34874,20.32331],[-99.34642,20.32643],[-99.34691,20.32816],[-99.34565,20.33243],[-99.34719,20.33476],[-99.34645,20.33712],[-99.34868,20.33691],[-99.35081,20.33798],[-99.35142,20.33928],[-99.3559,20.3378],[-99.36346,20.33931],[-99.36441,20.3382],[-99.36713,20.33731],[-99.36988,20.33798],[-99.37416,20.33357],[-99.3797,20.33168],[-99.38136,20.32755],[-99.38477,20.32573],[-99.38663,20.32573],[-99.38925,20.32323],[-99.39154,20.32273],[-99.39269,20.32146],[-99.39716,20.31955],[-99.39937,20.32116],[-99.40196,20.32463],[-99.40367,20.32491],[-99.40604,20.3235],[-99.41071,20.32569],[-99.41237,20.32391],[-99.41487,20.32516],[-99.41861,20.3247],[-99.42037,20.32369],[-99.42488,20.32504],[-99.42683,20.32356],[-99.43325,20.32244],[-99.43553,20.32105],[-99.43994,20.32642],[-99.44161,20.32699],[-99.46372,20.32881],[-99.46853,20.33201],[-99.47066,20.33231],[-99.47161,20.33351],[-99.4748,20.33259],[-99.47724,20.33396],[-99.47835,20.3328],[-99.47924,20.3332],[-99.48032,20.3314],[-99.49675,20.33461],[-99.50285,20.32655],[-99.50366,20.32708],[-99.50448,20.32546],[-99.50531,20.32597],[-99.50887,20.32492],[-99.51333,20.32534],[-99.5153,20.32691],[-99.51711,20.3258],[-99.52376,20.32546],[-99.5265,20.32755],[-99.5308,20.32591],[-99.53243,20.32746],[-99.53792,20.32915],[-99.53751,20.32991],[-99.54221,20.32948],[-99.54195,20.33257],[-99.541,20.33379],[-99.54146,20.33625],[-99.54003,20.33892],[-99.53983,20.34015],[-99.54043,20.3402],[-99.53972,20.3406],[-99.54042,20.34085],[-99.53912,20.34197],[-99.53954,20.34308],[-99.53765,20.3458],[-99.53641,20.34578],[-99.53499,20.34724],[-99.53441,20.34687],[-99.53477,20.34781],[-99.53428,20.34762],[-99.53357,20.34948],[-99.53393,20.35107],[-99.53316,20.35367],[-99.53477,20.36038],[-99.53427,20.36546],[-99.53587,20.3689],[-99.53494,20.36926],[-99.53349,20.3735],[-99.51948,20.37857],[-99.5188,20.38085],[-99.52117,20.38213],[-99.51944,20.38243],[-99.5163,20.38491],[-99.51865,20.38735],[-99.51711,20.38876],[-99.51879,20.38974],[-99.51912,20.39505],[-99.52015,20.39751],[-99.51991,20.39802],[-99.51668,20.39671],[-99.51606,20.39733],[-99.51401,20.40635],[-99.51562,20.40895],[-99.51628,20.41325],[-99.51552,20.41496],[-99.51619,20.41534],[-99.51625,20.41829],[-99.51824,20.42418],[-99.51697,20.42553],[-99.51361,20.42393],[-99.50505,20.42425],[-99.49775,20.42565],[-99.49577,20.43155],[-99.49757,20.43637],[-99.49907,20.43791],[-99.50055,20.43851],[-99.50277,20.43752],[-99.50586,20.43809],[-99.50784,20.43985],[-99.50754,20.44203],[-99.50374,20.44513],[-99.50542,20.44839],[-99.50775,20.44849],[-99.5104,20.45126],[-99.5128,20.45207],[-99.51462,20.45411],[-99.51442,20.45487],[-99.51879,20.45621],[-99.51867,20.45746],[-99.51574,20.45767],[-99.51566,20.45861],[-99.5144,20.45858],[-99.51441,20.45967],[-99.51334,20.4598],[-99.51344,20.46044],[-99.51252,20.46048],[-99.5047,20.46733],[-99.50472,20.46871],[-99.50746,20.4721],[-99.50732,20.47354],[-99.5116,20.47421],[-99.51978,20.47166],[-99.52187,20.47191],[-99.52586,20.46622],[-99.52678,20.46364],[-99.52876,20.46268],[-99.5282,20.46123],[-99.53089,20.46174],[-99.53441,20.46103],[-99.53432,20.4573],[-99.53606,20.45751],[-99.53661,20.46176],[-99.5361,20.46188],[-99.53651,20.46365],[-99.53737,20.4638],[-99.53741,20.46539],[-99.54345,20.47139],[-99.54582,20.47126],[-99.54929,20.47658],[-99.54769,20.47753],[-99.54899,20.47837],[-99.54625,20.47924],[-99.54306,20.48767],[-99.54308,20.49177],[-99.5422,20.4939],[-99.54394,20.49518],[-99.54293,20.49676],[-99.53812,20.49988],[-99.5366,20.50294],[-99.535,20.50426],[-99.53585,20.50871],[-99.53999,20.50959],[-99.53958,20.5115],[-99.54046,20.51241],[-99.5456,20.51129],[-99.54826,20.50964],[-99.55533,20.50842],[-99.56162,20.50388],[-99.56426,20.50317],[-99.56863,20.5038],[-99.57537,20.50059],[-99.58772,20.50967],[-99.58924,20.50625],[-99.59444,20.50353],[-99.59506,20.50025],[-99.59427,20.49549],[-99.59681,20.49058],[-99.60032,20.48856],[-99.60307,20.48888],[-99.60729,20.48738],[-99.60801,20.48632],[-99.61075,20.48623],[-99.60822,20.48528],[-99.60873,20.48396],[-99.60721,20.48412],[-99.60605,20.48147],[-99.60374,20.48175],[-99.60398,20.47887],[-99.60475,20.47866],[-99.60556,20.47659],[-99.60926,20.47716],[-99.61226,20.47877],[-99.61723,20.47823],[-99.61628,20.47583],[-99.6182,20.47551],[-99.61859,20.47414],[-99.61362,20.46927],[-99.61909,20.46819],[-99.61902,20.46662],[-99.62004,20.46572],[-99.62059,20.46379],[-99.62009,20.45799],[-99.62089,20.4577],[-99.61874,20.45363],[-99.62303,20.45286],[-99.6247,20.45423],[-99.62654,20.45028],[-99.63005,20.45057],[-99.63302,20.45309],[-99.6377,20.45505],[-99.63856,20.45905],[-99.63706,20.46035],[-99.63733,20.46133],[-99.63848,20.46234],[-99.63913,20.46483],[-99.6411,20.46532],[-99.64175,20.4676],[-99.64472,20.47099],[-99.64799,20.46742],[-99.64864,20.46498],[-99.6506,20.4649],[-99.65218,20.46263],[-99.65194,20.46108],[-99.65695,20.45985],[-99.66074,20.47104],[-99.66151,20.47213],[-99.66333,20.47262],[-99.6623,20.47576],[-99.66439,20.47988],[-99.66734,20.47867],[-99.68042,20.4818],[-99.68804,20.47747],[-99.68688,20.47421],[-99.69725,20.4712],[-99.69718,20.47028],[-99.70111,20.46971],[-99.70335,20.47122],[-99.70481,20.47115],[-99.71278,20.46653],[-99.72921,20.46029],[-99.73216,20.46214],[-99.73505,20.46106],[-99.73755,20.46316],[-99.73851,20.46179],[-99.73831,20.46055],[-99.73268,20.46028],[-99.73331,20.45558],[-99.73107,20.45239],[-99.73307,20.45155],[-99.73451,20.45247],[-99.73529,20.45104],[-99.73199,20.4464],[-99.73848,20.44604],[-99.73779,20.44398],[-99.7393,20.44457],[-99.74238,20.44415],[-99.74328,20.43932],[-99.74257,20.43645],[-99.745,20.43113],[-99.75212,20.42643],[-99.75486,20.42264],[-99.76125,20.42023],[-99.76603,20.42429],[-99.76562,20.42789],[-99.76903,20.42968],[-99.77031,20.4329],[-99.77711,20.44139],[-99.77667,20.44357],[-99.77228,20.4445],[-99.77413,20.44791],[-99.77544,20.45413],[-99.7766,20.45572],[-99.78257,20.45694],[-99.78611,20.46047],[-99.78577,20.46208],[-99.7899,20.46223],[-99.79001,20.46126],[-99.79196,20.46008],[-99.79634,20.45896],[-99.79719,20.45809],[-99.80346,20.46009],[-99.80394,20.46234],[-99.8055,20.46344],[-99.80583,20.46531],[-99.80702,20.46575],[-99.80667,20.46719],[-99.80768,20.46906],[-99.81128,20.47381],[-99.81581,20.47553],[-99.82014,20.47544],[-99.82392,20.47801],[-99.82936,20.47783],[-99.83331,20.47915],[-99.83508,20.48104],[-99.82807,20.54301],[-99.82128,20.54061],[-99.81484,20.54176],[-99.80747,20.54471],[-99.80463,20.54476],[-99.80296,20.54548],[-99.80105,20.54772],[-99.79493,20.5511],[-99.79108,20.55228],[-99.78771,20.55229],[-99.7853,20.55341],[-99.78353,20.55471],[-99.78202,20.55779],[-99.77933,20.5593],[-99.77754,20.5585],[-99.77385,20.56002],[-99.76966,20.55755],[-99.76842,20.55981],[-99.7658,20.55969],[-99.76465,20.56063],[-99.75894,20.56191],[-99.75627,20.56136],[-99.75343,20.56304],[-99.74859,20.55998],[-99.74567,20.55927],[-99.73841,20.56065],[-99.73827,20.56191],[-99.73527,20.56486],[-99.74039,20.5639],[-99.74103,20.5667],[-99.74633,20.57045],[-99.7584,20.57257],[-99.76057,20.57189],[-99.7612,20.57297],[-99.75978,20.57943],[-99.76114,20.58582],[-99.76633,20.59276],[-99.7435,20.59793],[-99.74842,20.60173],[-99.76453,20.63915],[-99.78882,20.63855],[-99.78954,20.65012],[-99.787,20.66053],[-99.78754,20.66312],[-99.79049,20.65971],[-99.80825,20.65731],[-99.81129,20.65976],[-99.81284,20.66337],[-99.81357,20.66345],[-99.81411,20.66671],[-99.81689,20.66629],[-99.81766,20.6656],[-99.81722,20.66479],[-99.82028,20.66333],[-99.82125,20.66486],[-99.82245,20.66405],[-99.82361,20.66558],[-99.82485,20.66494],[-99.82727,20.66809],[-99.82651,20.66918],[-99.82872,20.67007],[-99.82967,20.66781],[-99.83206,20.66531],[-99.8354,20.66326],[-99.84658,20.65272],[-99.85383,20.65432],[-99.85319,20.66814],[-99.8513,20.67384],[-99.85823,20.6767],[-99.85516,20.67762],[-99.85662,20.6796],[-99.85854,20.67959],[-99.86046,20.68085],[-99.86095,20.6822],[-99.85807,20.68212],[-99.85621,20.69207],[-99.86543,20.69298],[-99.86534,20.69383],[-99.86141,20.69566],[-99.86057,20.69928],[-99.86153,20.69972],[-99.86108,20.7047],[-99.86396,20.70513],[-99.86782,20.70828],[-99.86253,20.7074],[-99.85262,20.71061],[-99.84959,20.71063],[-99.84305,20.70885],[-99.8448,20.71291],[-99.84963,20.71831],[-99.8671,20.72577],[-99.86566,20.74204],[-99.85732,20.74524],[-99.8511,20.74934],[-99.84524,20.751],[-99.8448,20.75796],[-99.84366,20.76059],[-99.8451,20.76076],[-99.84626,20.7622],[-99.84962,20.76209],[-99.85213,20.76339],[-99.86114,20.76023],[-99.86257,20.75841],[-99.86493,20.76179],[-99.86659,20.76271],[-99.87397,20.76411],[-99.87954,20.76336],[-99.89773,20.75315],[-99.8987,20.7545],[-99.89775,20.75649],[-99.90006,20.75729],[-99.90017,20.75856],[-99.89415,20.76536],[-99.89801,20.76715],[-99.89933,20.76398],[-99.91409,20.75848],[-99.92945,20.75587],[-99.94087,20.75472],[-99.95105,20.75503],[-99.96624,20.75739],[-99.96559,20.76223],[-99.96074,20.76772],[-99.95923,20.77179],[-99.961,20.77178],[-99.96197,20.77313],[-99.96318,20.77339],[-99.96434,20.77537],[-99.96417,20.77899],[-99.95226,20.79442],[-99.94649,20.79354],[-99.94752,20.8142],[-100.01589,20.82777],[-100.00678,20.84555],[-100.01101,20.84514],[-100.01256,20.84667],[-100.01227,20.84739],[-100.01352,20.84756],[-100.01589,20.84981],[-100.01709,20.84935],[-100.01758,20.85043],[-100.02084,20.84987],[-100.02287,20.85094],[-100.02477,20.8484],[-100.02963,20.85515],[-100.03155,20.85604],[-100.0316,20.86236],[-100.02873,20.86464],[-100.02683,20.86781],[-100.02783,20.87368],[-100.0307,20.87186],[-100.03646,20.87092],[-100.03734,20.87344],[-100.04188,20.8763],[-100.04218,20.87757],[-100.04411,20.87846],[-100.0444,20.87972],[-100.05143,20.88147],[-100.05283,20.88787],[-100.06098,20.89155],[-100.08147,20.88859],[-100.09001,20.90554],[-100.09234,20.93174],[-100.06417,20.93629],[-100.0669,20.9422],[-100.07206,20.94478],[-100.07372,20.94772],[-100.07793,20.94803],[-100.07913,20.94961],[-100.08074,20.94986],[-100.0688,20.95791],[-100.06981,20.96479],[-100.07804,20.97266],[-100.07643,20.97806],[-100.06985,20.98349],[-100.07318,20.98768],[-100.07376,20.99176],[-100.07281,20.9932],[-100.07142,20.99233],[-100.06426,21.00044],[-100.06075,21.00582],[-100.06242,21.00788],[-100.06261,21.01122],[-100.06454,21.01356],[-100.0648,21.0172],[-100.06924,21.02118],[-100.06824,21.02366],[-100.06426,21.02715],[-100.06123,21.02852],[-100.05448,21.02779],[-100.05402,21.02644],[-100.04849,21.02319],[-100.04843,21.02496],[-100.04063,21.02221],[-100.02906,21.01506],[-100.02256,21.01462],[-100.01863,21.01758],[-100.01656,21.02346],[-100.01107,21.0285],[-100.0122,21.03596],[-100.01111,21.03684],[-100.01127,21.04082],[-99.97669,21.04397],[-99.97477,21.04538],[-99.97074,21.04649],[-99.96988,21.04785],[-99.96709,21.04786],[-99.96303,21.0524],[-99.96134,21.05196],[-99.95702,21.05402],[-99.95655,21.05583],[-99.94871,21.064],[-99.94891,21.06513],[-99.947,21.0674],[-99.94603,21.06605],[-99.94078,21.07218],[-99.93981,21.07105]]]]}},{"type":"Feature","properties":{"nombre":"Purepecha"},"geometry":{"type":"MultiPolygon","coordinates":[[[[-102.1031,19.40489],[-102.10338,19.40491],[-102.10315,19.40491],[-102.1031,19.40489]]],[[[-102.36959,19.97906],[-102.3778,19.96848],[-102.37549,19.96763],[-102.37769,19.96423],[-102.37164,19.95312],[-102.37014,19.94667],[-102.37173,19.94108],[-102.37064,19.93184],[-102.36937,19.93096],[-102.36914,19.92938],[-102.37047,19.92577],[-102.36826,19.91957],[-102.3685,19.91726],[-102.36553,19.89997],[-102.36438,19.89863],[-102.36653,19.89606],[-102.36712,19.89334],[-102.36389,19.88994],[-102.36041,19.88898],[-102.3547,19.88901],[-102.3522,19.88663],[-102.35832,19.88201],[-102.36338,19.88164],[-102.36668,19.88035],[-102.38226,19.88188],[-102.38606,19.88041],[-102.39077,19.88093],[-102.39155,19.88024],[-102.39243,19.88061],[-102.39305,19.87969],[-102.395,19.88045],[-102.40044,19.87454],[-102.40073,19.87333],[-102.40516,19.86998],[-102.40775,19.86952],[-102.40813,19.86681],[-102.40617,19.86663],[-102.40419,19.86531],[-102.39625,19.8567],[-102.39258,19.85393],[-102.38112,19.83998],[-102.37957,19.83636],[-102.38062,19.83181],[-102.38011,19.83005],[-102.38725,19.82292],[-102.38574,19.82207],[-102.38455,19.81978],[-102.38918,19.81854],[-102.39097,19.81577],[-102.39085,19.81428],[-102.38944,19.81276],[-102.38485,19.81466],[-102.37502,19.81003],[-102.37484,19.80626],[-102.37569,19.80574],[-102.3765,19.80302],[-102.3772,19.80237],[-102.37954,19.80355],[-102.38097,19.80318],[-102.38252,19.79932],[-102.38484,19.79617],[-102.38494,19.79413],[-102.38391,19.79262],[-102.38479,19.78941],[-102.38325,19.78838],[-102.37672,19.79296],[-102.37341,19.79013],[-102.36883,19.78876],[-102.36721,19.78669],[-102.3645,19.78506],[-102.35351,19.76553],[-102.34966,19.76076],[-102.34587,19.75656],[-102.34188,19.755],[-102.33838,19.75229],[-102.33348,19.75671],[-102.33172,19.7549],[-102.32912,19.75515],[-102.32834,19.75634],[-102.3274,19.75589],[-102.32237,19.75777],[-102.31399,19.76182],[-102.30874,19.76221],[-102.30578,19.76407],[-102.30195,19.76356],[-102.29905,19.76732],[-102.29359,19.76895],[-102.29163,19.77256],[-102.29079,19.77737],[-102.28604,19.78154],[-102.28478,19.78912],[-102.28211,19.79096],[-102.28207,19.79389],[-102.28054,19.79761],[-102.27083,19.80505],[-102.26648,19.80331],[-102.26301,19.80584],[-102.26119,19.80549],[-102.25971,19.80637],[-102.25786,19.80952],[-102.25351,19.80735],[-102.24937,19.80332],[-102.24015,19.80282],[-102.23828,19.80338],[-102.23199,19.80096],[-102.2273,19.80258],[-102.22369,19.8089],[-102.22218,19.80754],[-102.21232,19.81424],[-102.19581,19.82174],[-102.19404,19.82513],[-102.19403,19.82672],[-102.19445,19.82896],[-102.19604,19.82995],[-102.19642,19.8327],[-102.1953,19.83487],[-102.19368,19.83603],[-102.19371,19.83803],[-102.19722,19.84189],[-102.19506,19.84174],[-102.1924,19.83922],[-102.19056,19.83887],[-102.18761,19.84146],[-102.18688,19.84651],[-102.18609,19.84757],[-102.18471,19.84776],[-102.18552,19.84649],[-102.18479,19.84565],[-102.18111,19.84551],[-102.17973,19.84616],[-102.17392,19.84343],[-102.17091,19.84502],[-102.16773,19.84497],[-102.16697,19.84648],[-102.16762,19.84983],[-102.16366,19.8491],[-102.16413,19.85536],[-102.16294,19.85888],[-102.16097,19.8582],[-102.16134,19.85945],[-102.16527,19.86196],[-102.17504,19.86165],[-102.18133,19.86399],[-102.18605,19.86812],[-102.18787,19.87166],[-102.18778,19.87391],[-102.18495,19.87733],[-102.17745,19.87971],[-102.17498,19.882],[-102.17358,19.88534],[-102.15717,19.87787],[-102.15584,19.88042],[-102.15433,19.87999],[-102.15128,19.88164],[-102.15099,19.88327],[-102.15206,19.88362],[-102.15212,19.88446],[-102.14994,19.88551],[-102.1483,19.88489],[-102.1479,19.88594],[-102.14458,19.88694],[-102.14246,19.88876],[-102.1413,19.88737],[-102.14046,19.88764],[-102.13853,19.88641],[-102.13873,19.8858],[-102.13666,19.88423],[-102.13739,19.88254],[-102.13594,19.88186],[-102.13589,19.88081],[-102.13355,19.87858],[-102.13202,19.87825],[-102.13188,19.87895],[-102.1299,19.87905],[-102.1266,19.88093],[-102.12307,19.87924],[-102.12173,19.87968],[-102.11266,19.87502],[-102.09529,19.89015],[-102.06297,19.89314],[-102.05916,19.89237],[-102.04921,19.89222],[-102.04397,19.89102],[-102.03648,19.89115],[-102.02059,19.88739],[-102.01105,19.88692],[-102.01128,19.86223],[-102.00182,19.84709],[-101.99594,19.84615],[-101.9941,19.84452],[-101.99759,19.83678],[-102.00024,19.83535],[-102.00036,19.83355],[-101.99609,19.83161],[-101.99437,19.83173],[-101.99069,19.82821],[-101.98938,19.82413],[-101.99077,19.82221],[-101.9904,19.81641],[-101.98666,19.81282],[-101.98643,19.81096],[-101.98178,19.80819],[-101.97627,19.80295],[-101.96203,19.80268],[-101.96086,19.80196],[-101.95862,19.79858],[-101.95818,19.79524],[-101.95638,19.79277],[-101.95523,19.79243],[-101.95459,19.78739],[-101.9324,19.79088],[-101.91837,19.78299],[-101.91992,19.78117],[-101.908,19.77686],[-101.8941,19.76294],[-101.87501,19.75791],[-101.88088,19.75414],[-101.88101,19.75233],[-101.8799,19.74975],[-101.87801,19.74801],[-101.87315,19.74826],[-101.87148,19.75],[-101.83944,19.7505],[-101.82172,19.74787],[-101.79279,19.74103],[-101.78918,19.74454],[-101.78933,19.74066],[-101.79176,19.73855],[-101.79285,19.73561],[-101.79507,19.73329],[-101.79423,19.7317],[-101.79546,19.72923],[-101.79551,19.72604],[-101.79888,19.72137],[-101.8005,19.72122],[-101.79925,19.71988],[-101.79856,19.7207],[-101.79679,19.72009],[-101.79727,19.71891],[-101.79562,19.7183],[-101.79647,19.71586],[-101.79574,19.71614],[-101.79239,19.71434],[-101.79214,19.71333],[-101.79629,19.70741],[-101.79688,19.7044],[-101.80026,19.69939],[-101.79946,19.6988],[-101.80137,19.69205],[-101.79175,19.69124],[-101.76533,19.69605],[-101.74378,19.69531],[-101.74254,19.70499],[-101.74364,19.70706],[-101.74063,19.71261],[-101.73734,19.71453],[-101.73546,19.71755],[-101.73413,19.71814],[-101.73343,19.72133],[-101.73394,19.72304],[-101.73355,19.72406],[-101.73253,19.72405],[-101.73407,19.72662],[-101.73517,19.73085],[-101.73167,19.73637],[-101.73011,19.73565],[-101.73247,19.74084],[-101.73239,19.74709],[-101.73127,19.74805],[-101.73037,19.7476],[-101.72898,19.75008],[-101.7282,19.74996],[-101.72783,19.75194],[-101.7266,19.75202],[-101.71678,19.74751],[-101.69146,19.74478],[-101.66687,19.7475],[-101.65123,19.75049],[-101.63431,19.76196],[-101.60903,19.79107],[-101.60086,19.79944],[-101.58563,19.80923],[-101.56369,19.83019],[-101.54504,19.84054],[-101.53433,19.84465],[-101.51857,19.84767],[-101.50714,19.85196],[-101.4992,19.84502],[-101.4952,19.83069],[-101.49725,19.8261],[-101.49669,19.82284],[-101.49767,19.82011],[-101.49922,19.81933],[-101.50239,19.81936],[-101.50361,19.81829],[-101.50289,19.81707],[-101.50342,19.81602],[-101.50487,19.81575],[-101.50558,19.81448],[-101.5042,19.81365],[-101.5038,19.81133],[-101.50064,19.81084],[-101.50051,19.80732],[-101.49876,19.80522],[-101.49804,19.80281],[-101.49834,19.80112],[-101.50182,19.79959],[-101.50267,19.79827],[-101.50255,19.79738],[-101.5002,19.7976],[-101.50019,19.78859],[-101.50307,19.78301],[-101.50528,19.78149],[-101.50656,19.77828],[-101.50893,19.76238],[-101.49671,19.75243],[-101.49353,19.74218],[-101.49227,19.72079],[-101.49357,19.71676],[-101.49334,19.71327],[-101.49534,19.71006],[-101.49579,19.70508],[-101.48952,19.68872],[-101.48617,19.69233],[-101.48069,19.69296],[-101.47056,19.69687],[-101.46102,19.70174],[-101.45781,19.70196],[-101.45475,19.70696],[-101.4536,19.71149],[-101.45138,19.71455],[-101.44735,19.71714],[-101.4458,19.71703],[-101.44598,19.72058],[-101.44408,19.72319],[-101.44248,19.7232],[-101.4436,19.72536],[-101.4428,19.72626],[-101.44081,19.72419],[-101.43651,19.72313],[-101.43559,19.72205],[-101.43323,19.72186],[-101.43344,19.71957],[-101.42926,19.71709],[-101.42778,19.71483],[-101.42842,19.71043],[-101.42439,19.70914],[-101.42221,19.70716],[-101.42298,19.70433],[-101.42012,19.70349],[-101.41934,19.70228],[-101.41651,19.70252],[-101.41433,19.7008],[-101.41393,19.69789],[-101.4124,19.69591],[-101.40761,19.69486],[-101.40266,19.69097],[-101.40448,19.69029],[-101.40496,19.68804],[-101.40625,19.68841],[-101.40767,19.68535],[-101.41092,19.68643],[-101.41646,19.69025],[-101.42025,19.6894],[-101.4274,19.68522],[-101.42786,19.68626],[-101.42874,19.68624],[-101.43163,19.68478],[-101.43347,19.6851],[-101.43643,19.68286],[-101.44228,19.68226],[-101.44361,19.68142],[-101.44136,19.67982],[-101.43961,19.67722],[-101.44298,19.67572],[-101.44229,19.67401],[-101.44484,19.67169],[-101.44473,19.66901],[-101.44686,19.66652],[-101.44805,19.66635],[-101.44583,19.65875],[-101.44228,19.65827],[-101.44283,19.64973],[-101.44924,19.64328],[-101.45245,19.63823],[-101.45298,19.63573],[-101.45671,19.63364],[-101.46265,19.63222],[-101.46635,19.6303],[-101.46422,19.62809],[-101.46114,19.62236],[-101.4613,19.62148],[-101.46294,19.62072],[-101.46285,19.613],[-101.46482,19.61149],[-101.4654,19.60913],[-101.46542,19.60426],[-101.46635,19.60176],[-101.46536,19.59653],[-101.46927,19.5895],[-101.46943,19.58735],[-101.47104,19.58552],[-101.46577,19.58313],[-101.46939,19.58042],[-101.47029,19.57718],[-101.47855,19.57318],[-101.48618,19.57036],[-101.50849,19.56522],[-101.50628,19.56207],[-101.50414,19.56209],[-101.5023,19.55798],[-101.50011,19.55673],[-101.49977,19.55506],[-101.50129,19.55298],[-101.4984,19.54964],[-101.49641,19.54861],[-101.49746,19.54619],[-101.49944,19.54491],[-101.48343,19.53089],[-101.48343,19.51823],[-101.48475,19.51121],[-101.48965,19.51247],[-101.49313,19.51434],[-101.5101,19.51608],[-101.51297,19.51195],[-101.5146,19.51153],[-101.51621,19.50838],[-101.51614,19.50165],[-101.51686,19.50015],[-101.5148,19.49792],[-101.51187,19.49734],[-101.50806,19.49927],[-101.50605,19.49824],[-101.50357,19.49858],[-101.50023,19.49669],[-101.49939,19.49757],[-101.49649,19.4981],[-101.49475,19.49595],[-101.49097,19.49452],[-101.49083,19.49363],[-101.48922,19.49485],[-101.48543,19.48991],[-101.47644,19.4855],[-101.47314,19.4822],[-101.46933,19.48319],[-101.46387,19.48247],[-101.45847,19.47818],[-101.45829,19.4763],[-101.46071,19.47406],[-101.45739,19.47333],[-101.45584,19.47419],[-101.45614,19.4758],[-101.45483,19.47613],[-101.45525,19.47659],[-101.45294,19.47875],[-101.4537,19.4787],[-101.4536,19.47992],[-101.44878,19.48442],[-101.43825,19.48216],[-101.43708,19.47958],[-101.43131,19.47613],[-101.42985,19.47712],[-101.42777,19.47656],[-101.4261,19.47775],[-101.42445,19.47764],[-101.42326,19.47736],[-101.42225,19.47535],[-101.41893,19.47528],[-101.4296,19.4643],[-101.43055,19.46192],[-101.42815,19.45972],[-101.4262,19.45435],[-101.42788,19.45152],[-101.42819,19.44861],[-101.42716,19.44767],[-101.42617,19.4442],[-101.43098,19.43182],[-101.43186,19.43143],[-101.43562,19.42484],[-101.44126,19.41346],[-101.45413,19.41362],[-101.45772,19.40478],[-101.45869,19.40604],[-101.46573,19.40707],[-101.47339,19.40263],[-101.47715,19.40406],[-101.47957,19.40635],[-101.48183,19.4065],[-101.48817,19.40222],[-101.48942,19.40058],[-101.49084,19.40056],[-101.49381,19.40754],[-101.4983,19.40666],[-101.50916,19.41017],[-101.51251,19.40924],[-101.51624,19.41423],[-101.51972,19.42446],[-101.53089,19.41167],[-101.54743,19.42446],[-101.55131,19.42427],[-101.5529,19.42514],[-101.56056,19.42629],[-101.56105,19.42536],[-101.56199,19.42563],[-101.56508,19.42869],[-101.56463,19.42924],[-101.5678,19.43145],[-101.56607,19.43176],[-101.56548,19.43242],[-101.56605,19.43266],[-101.56788,19.43184],[-101.56902,19.43259],[-101.57786,19.43117],[-101.58255,19.43184],[-101.59303,19.43167],[-101.59478,19.42974],[-101.59541,19.42993],[-101.60361,19.43432],[-101.60292,19.43707],[-101.60539,19.44409],[-101.60995,19.45055],[-101.63658,19.45015],[-101.63726,19.44727],[-101.66047,19.44192],[-101.67403,19.44567],[-101.67688,19.44803],[-101.68058,19.45334],[-101.67975,19.45576],[-101.70508,19.45611],[-101.71669,19.45806],[-101.72793,19.46459],[-101.73099,19.46451],[-101.73462,19.46601],[-101.73625,19.46809],[-101.74149,19.46941],[-101.74326,19.4714],[-101.74443,19.47596],[-101.75179,19.4763],[-101.75043,19.48103],[-101.75375,19.48178],[-101.75822,19.48436],[-101.76622,19.48437],[-101.76832,19.48325],[-101.76874,19.48431],[-101.77071,19.48497],[-101.77114,19.48399],[-101.77511,19.48319],[-101.77618,19.48605],[-101.77594,19.48989],[-101.7778,19.492],[-101.77609,19.49652],[-101.77931,19.49642],[-101.78163,19.491],[-101.78361,19.48967],[-101.79587,19.49004],[-101.80513,19.48862],[-101.80616,19.49206],[-101.80936,19.49364],[-101.80853,19.49451],[-101.80891,19.49539],[-101.81225,19.49814],[-101.81022,19.4991],[-101.80975,19.50041],[-101.80467,19.50157],[-101.80221,19.50436],[-101.79562,19.50524],[-101.79449,19.50944],[-101.78167,19.51563],[-101.77975,19.51586],[-101.77875,19.51699],[-101.775,19.5163],[-101.77454,19.51759],[-101.77757,19.51893],[-101.77834,19.52124],[-101.77728,19.52583],[-101.78225,19.53323],[-101.78819,19.54476],[-101.7897,19.54694],[-101.79338,19.5498],[-101.79489,19.55306],[-101.80082,19.55261],[-101.80485,19.55321],[-101.80622,19.55578],[-101.80901,19.55696],[-101.81076,19.5604],[-101.81471,19.56297],[-101.81545,19.56783],[-101.81986,19.5719],[-101.82371,19.57336],[-101.82423,19.57191],[-101.82605,19.57064],[-101.83212,19.56784],[-101.83891,19.56594],[-101.84175,19.56701],[-101.85017,19.56341],[-101.85266,19.56488],[-101.85538,19.56127],[-101.86644,19.55886],[-101.87212,19.55962],[-101.88434,19.55941],[-101.89864,19.5639],[-101.9007,19.56579],[-101.90203,19.5645],[-101.9045,19.56404],[-101.90332,19.56147],[-101.90457,19.55495],[-101.90754,19.55365],[-101.91373,19.54876],[-101.92282,19.55236],[-101.92919,19.55697],[-101.93209,19.55752],[-101.93352,19.56194],[-101.93546,19.56375],[-101.93656,19.56336],[-101.94118,19.558],[-101.94248,19.55513],[-101.94065,19.54977],[-101.94086,19.54774],[-101.9399,19.54708],[-101.94047,19.54475],[-101.93675,19.53553],[-101.93823,19.52421],[-101.93616,19.51921],[-101.93686,19.51629],[-101.93873,19.51358],[-101.94005,19.50723],[-101.95415,19.50071],[-101.96461,19.50228],[-101.97403,19.50218],[-101.98077,19.50071],[-101.9825,19.49807],[-101.98458,19.49135],[-101.98073,19.48858],[-101.97841,19.48381],[-101.97386,19.48295],[-101.97434,19.48001],[-101.97368,19.47779],[-101.96314,19.47214],[-101.96289,19.46744],[-101.95821,19.46735],[-101.95414,19.46251],[-101.95132,19.4607],[-101.95381,19.45749],[-101.96071,19.45399],[-101.96246,19.45183],[-101.96397,19.45178],[-101.96626,19.45352],[-101.97073,19.45248],[-101.97743,19.44435],[-101.97421,19.43175],[-101.9848,19.43166],[-101.99154,19.43848],[-101.996,19.44007],[-101.99877,19.45004],[-101.99644,19.46132],[-101.99917,19.464],[-102.00874,19.4625],[-102.01196,19.45911],[-102.01319,19.4522],[-102.01533,19.4506],[-102.01974,19.45032],[-102.0236,19.4514],[-102.02613,19.45008],[-102.0292,19.44614],[-102.03428,19.44177],[-102.03881,19.43965],[-102.04595,19.43884],[-102.06002,19.44345],[-102.06572,19.44344],[-102.07088,19.4465],[-102.07772,19.44649],[-102.08247,19.44043],[-102.09656,19.43308],[-102.09742,19.42996],[-102.09296,19.42491],[-102.09209,19.42245],[-102.0976,19.41651],[-102.09772,19.41257],[-102.103,19.40503],[-102.10414,19.40738],[-102.10282,19.40833],[-102.10458,19.4109],[-102.10439,19.41247],[-102.10642,19.41832],[-102.1083,19.42051],[-102.11556,19.43687],[-102.11349,19.4502],[-102.11725,19.45479],[-102.11533,19.45684],[-102.11692,19.4583],[-102.11398,19.4637],[-102.1139,19.46614],[-102.11515,19.46993],[-102.1169,19.46981],[-102.11716,19.47178],[-102.11944,19.47448],[-102.12029,19.47492],[-102.12467,19.47255],[-102.13025,19.47295],[-102.13145,19.4724],[-102.1331,19.47325],[-102.13382,19.47213],[-102.13537,19.47235],[-102.13641,19.47129],[-102.13688,19.47192],[-102.13804,19.47169],[-102.14185,19.46902],[-102.14744,19.46852],[-102.15048,19.47262],[-102.15652,19.47305],[-102.15942,19.47488],[-102.18389,19.47037],[-102.19656,19.46202],[-102.20273,19.46186],[-102.20552,19.46454],[-102.20794,19.46965],[-102.21745,19.47532],[-102.22148,19.48214],[-102.22678,19.48486],[-102.23052,19.48417],[-102.25013,19.49264],[-102.26567,19.49797],[-102.26785,19.50071],[-102.27662,19.50747],[-102.32558,19.50601],[-102.32834,19.50662],[-102.33157,19.51053],[-102.33069,19.51499],[-102.33138,19.51742],[-102.32866,19.52529],[-102.32981,19.52678],[-102.32915,19.52746],[-102.32953,19.52907],[-102.3323,19.53265],[-102.33352,19.53301],[-102.33352,19.53408],[-102.34043,19.53247],[-102.34063,19.5344],[-102.34529,19.53916],[-102.34921,19.53992],[-102.35119,19.53937],[-102.35376,19.54042],[-102.35456,19.54178],[-102.35791,19.54054],[-102.36053,19.54227],[-102.36433,19.54324],[-102.36606,19.54523],[-102.36822,19.54543],[-102.36932,19.54669],[-102.36693,19.54722],[-102.36647,19.54963],[-102.36456,19.55094],[-102.36142,19.55195],[-102.3604,19.55526],[-102.36388,19.55603],[-102.37296,19.55596],[-102.37513,19.55715],[-102.3752,19.55863],[-102.37801,19.56109],[-102.3802,19.56537],[-102.39149,19.57149],[-102.39135,19.57429],[-102.39363,19.57477],[-102.39091,19.57585],[-102.39372,19.57911],[-102.39372,19.58061],[-102.39531,19.5812],[-102.3974,19.57965],[-102.39926,19.57978],[-102.40012,19.57858],[-102.40226,19.57944],[-102.40424,19.57789],[-102.40466,19.57874],[-102.40616,19.57793],[-102.40639,19.57897],[-102.40727,19.57813],[-102.41308,19.57995],[-102.41429,19.57964],[-102.417,19.5806],[-102.41938,19.57969],[-102.42179,19.58075],[-102.42444,19.58036],[-102.42566,19.57923],[-102.42565,19.57807],[-102.43014,19.58018],[-102.43181,19.57959],[-102.4334,19.58186],[-102.43503,19.58069],[-102.43572,19.58167],[-102.43629,19.58063],[-102.43952,19.58106],[-102.44038,19.5804],[-102.44039,19.57876],[-102.4437,19.57782],[-102.44571,19.57845],[-102.44625,19.5769],[-102.4473,19.57745],[-102.44882,19.57535],[-102.45085,19.57565],[-102.45264,19.57169],[-102.46028,19.57142],[-102.46811,19.56864],[-102.47473,19.56738],[-102.47722,19.5657],[-102.47941,19.56563],[-102.47828,19.56505],[-102.47879,19.56288],[-102.48509,19.56351],[-102.48817,19.55862],[-102.5029,19.56065],[-102.50535,19.55613],[-102.50444,19.55515],[-102.50518,19.55463],[-102.50634,19.55569],[-102.50896,19.55531],[-102.51057,19.5564],[-102.51559,19.55312],[-102.51649,19.55129],[-102.51721,19.55161],[-102.5187,19.55005],[-102.52111,19.54928],[-102.52233,19.54657],[-102.52717,19.54285],[-102.53746,19.5372],[-102.54041,19.53742],[-102.54338,19.53435],[-102.54897,19.53147],[-102.55109,19.53234],[-102.55406,19.53076],[-102.55549,19.52887],[-102.5591,19.52859],[-102.56083,19.5263],[-102.56214,19.52627],[-102.56327,19.52397],[-102.56715,19.52371],[-102.56842,19.5223],[-102.56789,19.52045],[-102.5687,19.51847],[-102.57328,19.51704],[-102.57272,19.51519],[-102.57354,19.51344],[-102.57186,19.51119],[-102.57635,19.51589],[-102.57519,19.52189],[-102.5759,19.52298],[-102.57688,19.52265],[-102.57619,19.52489],[-102.57825,19.52449],[-102.57955,19.52658],[-102.58232,19.52833],[-102.58236,19.53301],[-102.57973,19.53613],[-102.58012,19.53844],[-102.57656,19.54231],[-102.57659,19.54383],[-102.57774,19.54468],[-102.57817,19.54627],[-102.57747,19.54742],[-102.57845,19.55],[-102.57936,19.55105],[-102.58285,19.5517],[-102.58114,19.55544],[-102.58624,19.55974],[-102.58557,19.56095],[-102.58565,19.56807],[-102.58848,19.57433],[-102.58682,19.57812],[-102.59098,19.58921],[-102.58713,19.59109],[-102.58441,19.59128],[-102.58393,19.59236],[-102.58195,19.59312],[-102.58193,19.5952],[-102.57691,19.59588],[-102.57537,19.59769],[-102.57618,19.59951],[-102.5737,19.60016],[-102.57339,19.60146],[-102.57576,19.60268],[-102.57341,19.60367],[-102.57314,19.60541],[-102.57179,19.60604],[-102.56858,19.60429],[-102.56849,19.6058],[-102.56705,19.60549],[-102.56634,19.60593],[-102.56657,19.60693],[-102.56541,19.60663],[-102.5608,19.61191],[-102.55754,19.60958],[-102.5555,19.60984],[-102.55301,19.61142],[-102.5523,19.61004],[-102.54906,19.61132],[-102.54577,19.60904],[-102.54261,19.60831],[-102.54041,19.60882],[-102.53978,19.60757],[-102.53809,19.60676],[-102.5357,19.6077],[-102.53605,19.61099],[-102.53234,19.61142],[-102.52979,19.61431],[-102.52844,19.61364],[-102.52735,19.61454],[-102.52479,19.61362],[-102.52231,19.61462],[-102.52169,19.61357],[-102.52017,19.61345],[-102.51793,19.61428],[-102.51694,19.61281],[-102.51492,19.6124],[-102.50866,19.61947],[-102.49614,19.61839],[-102.49032,19.61826],[-102.48815,19.61893],[-102.488,19.61786],[-102.4859,19.61856],[-102.48641,19.62231],[-102.48429,19.621],[-102.48347,19.61848],[-102.45016,19.62115],[-102.46269,19.64692],[-102.46357,19.64732],[-102.46354,19.64848],[-102.4619,19.64815],[-102.45861,19.64951],[-102.45625,19.65413],[-102.455,19.6545],[-102.45606,19.65511],[-102.4584,19.65395],[-102.45846,19.65632],[-102.45918,19.65669],[-102.45771,19.65804],[-102.45667,19.66122],[-102.45543,19.66148],[-102.45745,19.66543],[-102.45525,19.6671],[-102.45372,19.66724],[-102.45666,19.67048],[-102.45611,19.6719],[-102.45774,19.67252],[-102.45705,19.67669],[-102.45609,19.67725],[-102.45527,19.67881],[-102.456,19.67898],[-102.45481,19.68051],[-102.45324,19.6809],[-102.45363,19.68213],[-102.45243,19.68262],[-102.45253,19.68444],[-102.45138,19.68503],[-102.45169,19.68911],[-102.45044,19.69173],[-102.44951,19.6996],[-102.44812,19.69975],[-102.4484,19.70075],[-102.44423,19.70322],[-102.44477,19.70523],[-102.4436,19.70518],[-102.4419,19.70973],[-102.44282,19.7108],[-102.44279,19.71338],[-102.44071,19.71697],[-102.43699,19.71906],[-102.42634,19.72021],[-102.42578,19.72129],[-102.4238,19.72147],[-102.4188,19.72532],[-102.41842,19.72747],[-102.41685,19.72944],[-102.41774,19.73109],[-102.4175,19.73352],[-102.41488,19.73579],[-102.41121,19.74624],[-102.40573,19.75509],[-102.40482,19.75979],[-102.40379,19.76098],[-102.40353,19.76703],[-102.39716,19.78528],[-102.3996,19.7871],[-102.40183,19.79052],[-102.40696,19.79462],[-102.40898,19.80453],[-102.44995,19.79039],[-102.45657,19.78907],[-102.46047,19.79024],[-102.46319,19.7891],[-102.46554,19.7891],[-102.46627,19.78987],[-102.46578,19.79058],[-102.46695,19.79159],[-102.47054,19.79302],[-102.47467,19.79279],[-102.47729,19.79347],[-102.4798,19.79231],[-102.48301,19.79309],[-102.48414,19.79179],[-102.48622,19.79139],[-102.48787,19.78913],[-102.48916,19.78903],[-102.49083,19.79915],[-102.49277,19.80081],[-102.49416,19.80004],[-102.49722,19.80204],[-102.50763,19.80266],[-102.51203,19.80511],[-102.51566,19.80457],[-102.5199,19.80909],[-102.52137,19.80965],[-102.52525,19.8087],[-102.53268,19.80916],[-102.5346,19.81235],[-102.53352,19.8172],[-102.53398,19.8195],[-102.53555,19.82167],[-102.53237,19.83066],[-102.53193,19.83458],[-102.52997,19.83826],[-102.53111,19.84411],[-102.52858,19.84614],[-102.51805,19.84662],[-102.51594,19.84727],[-102.51573,19.84808],[-102.51552,19.85492],[-102.52064,19.86922],[-102.52278,19.86991],[-102.52903,19.86679],[-102.53342,19.86749],[-102.53577,19.865],[-102.53778,19.86526],[-102.54221,19.87199],[-102.54114,19.87776],[-102.54189,19.88005],[-102.54378,19.88096],[-102.5485,19.88075],[-102.5541,19.88215],[-102.57146,19.89283],[-102.5736,19.89599],[-102.573,19.90077],[-102.54873,19.90343],[-102.52928,19.91098],[-102.51114,19.91207],[-102.51408,19.91681],[-102.51454,19.92414],[-102.51612,19.92759],[-102.52012,19.93248],[-102.52487,19.93583],[-102.52365,19.94402],[-102.52459,19.94732],[-102.52204,19.95904],[-102.51963,19.96149],[-102.51715,19.96243],[-102.50832,19.96352],[-102.50563,19.96297],[-102.5029,19.96471],[-102.50139,19.96366],[-102.4972,19.96628],[-102.49413,19.96585],[-102.49253,19.9646],[-102.48731,19.96441],[-102.4838,19.97921],[-102.46695,19.98208],[-102.46497,19.98151],[-102.46457,19.98207],[-102.46049,19.98185],[-102.45798,19.98269],[-102.45731,19.98435],[-102.45367,19.98321],[-102.45168,19.98351],[-102.4492,19.98084],[-102.44637,19.98116],[-102.44608,19.98024],[-102.44473,19.98036],[-102.4437,19.97924],[-102.43868,19.98093],[-102.43426,19.97998],[-102.43332,19.97857],[-102.41339,19.98106],[-102.3903,19.9915],[-102.37871,19.9883],[-102.3765,19.98636],[-102.37602,19.98454],[-102.37418,19.98393],[-102.37175,19.98001],[-102.36959,19.97906]]]]}},{"type":"Feature","properties":{"nombre":"Selva Lacandona"},"geometry":{"type":"MultiPolygon","coordinates":[[[[-91.90245,17.83937],[-91.89678,17.83821],[-91.89315,17.83455],[-91.8838,17.82966],[-91.87934,17.82638],[-91.87301,17.827],[-91.87222,17.82619],[-91.86148,17.82662],[-91.84843,17.82553],[-91.84529,17.82196],[-91.84351,17.81785],[-91.84189,17.81626],[-91.8354,17.81538],[-91.82917,17.81248],[-91.82357,17.7962],[-91.82029,17.79628],[-91.81981,17.79801],[-91.81873,17.79844],[-91.7882,17.80744],[-91.78361,17.79722],[-91.78222,17.79195],[-91.78225,17.78248],[-91.7838,17.77411],[-91.78859,17.75964],[-91.78859,17.75652],[-91.79116,17.75654],[-91.79205,17.75013],[-91.79023,17.7476],[-91.79016,17.74602],[-91.79339,17.74448],[-91.79837,17.74418],[-91.80316,17.746],[-91.80907,17.74969],[-91.81033,17.75132],[-91.81399,17.74984],[-91.81313,17.74934],[-91.82911,17.73891],[-91.83066,17.73768],[-91.82121,17.73179],[-91.83643,17.71782],[-91.82746,17.70852],[-91.83874,17.70456],[-91.85318,17.6917],[-91.86103,17.68947],[-91.86622,17.68668],[-91.86992,17.6857],[-91.87164,17.68341],[-91.8615,17.66],[-91.85774,17.64599],[-91.861,17.645],[-91.86172,17.64365],[-91.86116,17.63776],[-91.85615,17.63976],[-91.85495,17.63515],[-91.85519,17.62331],[-91.86011,17.62303],[-91.85984,17.59001],[-91.85583,17.58904],[-91.85465,17.57216],[-91.84823,17.57217],[-91.85,17.56497],[-91.85266,17.55981],[-91.87074,17.55029],[-91.86492,17.54964],[-91.84868,17.54502],[-91.82895,17.53317],[-91.82498,17.53246],[-91.82314,17.53946],[-91.81559,17.53939],[-91.81533,17.53308],[-91.78646,17.52957],[-91.75989,17.53225],[-91.75041,17.52982],[-91.7501,17.52773],[-91.74615,17.52551],[-91.7329,17.52187],[-91.72817,17.51755],[-91.72511,17.51335],[-91.72553,17.50642],[-91.71696,17.4972],[-91.68869,17.4844],[-91.68164,17.48308],[-91.68213,17.46949],[-91.68362,17.47007],[-91.68582,17.47321],[-91.68989,17.47506],[-91.69205,17.47294],[-91.69209,17.46702],[-91.69726,17.46822],[-91.70027,17.46776],[-91.69957,17.46698],[-91.69365,17.46572],[-91.69006,17.46588],[-91.68317,17.46315],[-91.6761,17.46279],[-91.67296,17.46181],[-91.67326,17.46253],[-91.67232,17.46252],[-91.67163,17.46449],[-91.66464,17.46123],[-91.67204,17.44406],[-91.66849,17.44225],[-91.64666,17.43332],[-91.64333,17.43099],[-91.64274,17.43201],[-91.63734,17.42996],[-91.63489,17.43649],[-91.63251,17.43544],[-91.63074,17.43559],[-91.62455,17.43246],[-91.61951,17.43165],[-91.61424,17.43296],[-91.61109,17.43233],[-91.60253,17.43309],[-91.60297,17.43462],[-91.60228,17.43588],[-91.5966,17.43897],[-91.59544,17.44261],[-91.59703,17.4547],[-91.59808,17.45524],[-91.59758,17.45646],[-91.59538,17.45672],[-91.59479,17.46166],[-91.59139,17.46748],[-91.58847,17.47586],[-91.58332,17.47456],[-91.58387,17.47835],[-91.57868,17.48343],[-91.57856,17.48885],[-91.5651,17.49138],[-91.56603,17.49639],[-91.56679,17.49629],[-91.56755,17.49986],[-91.56815,17.49979],[-91.57745,17.54351],[-91.57596,17.54743],[-91.57886,17.55308],[-91.5754,17.55761],[-91.58468,17.5683],[-91.57658,17.58152],[-91.57311,17.58262],[-91.5751,17.58945],[-91.57434,17.59479],[-91.56266,17.59567],[-91.55549,17.61314],[-91.55408,17.61859],[-91.55108,17.61363],[-91.54178,17.61637],[-91.52948,17.64164],[-91.52005,17.64059],[-91.51384,17.65695],[-91.50875,17.65642],[-91.50916,17.65916],[-91.48251,17.66225],[-91.46738,17.66505],[-91.46469,17.65745],[-91.47796,17.64248],[-91.45609,17.63035],[-91.43928,17.61839],[-91.43915,17.6176],[-91.43821,17.61968],[-91.43572,17.61844],[-91.42518,17.61606],[-91.42243,17.61643],[-91.42203,17.61935],[-91.41936,17.61953],[-91.4161,17.62402],[-91.41337,17.624],[-91.41066,17.62602],[-91.40624,17.62524],[-91.39248,17.62511],[-91.38829,17.62417],[-91.37867,17.61954],[-91.36682,17.61309],[-91.35973,17.60747],[-91.35442,17.60066],[-91.35349,17.59739],[-91.35404,17.59288],[-91.35881,17.58634],[-91.35531,17.58355],[-91.35435,17.58107],[-91.35541,17.57997],[-91.35304,17.57909],[-91.35899,17.57234],[-91.35883,17.57124],[-91.35172,17.55923],[-91.34842,17.5592],[-91.34802,17.56108],[-91.34595,17.5601],[-91.34579,17.56127],[-91.34696,17.56238],[-91.34498,17.56215],[-91.34575,17.56351],[-91.34407,17.56586],[-91.34399,17.56484],[-91.34228,17.56445],[-91.34269,17.56247],[-91.34202,17.56324],[-91.33972,17.56236],[-91.34105,17.56112],[-91.34087,17.56033],[-91.33993,17.55983],[-91.3382,17.56084],[-91.33816,17.55902],[-91.33596,17.55946],[-91.33535,17.55733],[-91.33453,17.55741],[-91.33384,17.5563],[-91.33098,17.55781],[-91.33286,17.56365],[-91.33242,17.56397],[-91.32964,17.5616],[-91.32944,17.56218],[-91.32835,17.56176],[-91.32309,17.56279],[-91.32195,17.56424],[-91.32331,17.56615],[-91.32379,17.56861],[-91.32315,17.56898],[-91.32343,17.56974],[-91.32078,17.5707],[-91.32163,17.5718],[-91.32119,17.57398],[-91.31954,17.57359],[-91.31844,17.57417],[-91.31836,17.57244],[-91.31522,17.57203],[-91.31566,17.5755],[-91.3149,17.57444],[-91.31394,17.57628],[-91.31177,17.57677],[-91.3106,17.57624],[-91.30857,17.57893],[-91.30601,17.5779],[-91.30443,17.57961],[-91.3035,17.58285],[-91.30538,17.58331],[-91.30758,17.58643],[-91.30595,17.58832],[-91.30407,17.58791],[-91.30287,17.58866],[-91.30323,17.58997],[-91.30655,17.59235],[-91.30546,17.59381],[-91.30135,17.59145],[-91.29906,17.59184],[-91.29628,17.59104],[-91.29615,17.59044],[-91.29803,17.59003],[-91.29947,17.58815],[-91.29638,17.58712],[-91.29863,17.584],[-91.29798,17.58328],[-91.29562,17.58439],[-91.28372,17.58364],[-91.28067,17.58254],[-91.2793,17.57975],[-91.27529,17.57866],[-91.27173,17.58066],[-91.26821,17.58117],[-91.26668,17.58066],[-91.26422,17.58371],[-91.26273,17.58258],[-91.26057,17.58249],[-91.25946,17.56459],[-91.253,17.53884],[-91.24763,17.53969],[-91.23937,17.55473],[-91.23913,17.55543],[-91.23986,17.55518],[-91.24138,17.55643],[-91.22563,17.5602],[-91.2117,17.5618],[-91.21055,17.56292],[-91.20705,17.56219],[-91.20802,17.56611],[-91.20962,17.56629],[-91.20665,17.57868],[-91.18812,17.56217],[-91.17324,17.56123],[-91.17181,17.53939],[-91.17272,17.52801],[-91.1766,17.51976],[-91.15228,17.50963],[-91.15093,17.50865],[-91.15001,17.5057],[-91.14854,17.50517],[-91.14537,17.50577],[-91.1436,17.50303],[-91.1409,17.50186],[-91.14006,17.50086],[-91.14106,17.49748],[-91.1399,17.4929],[-91.13738,17.49111],[-91.13477,17.49145],[-91.13417,17.49084],[-91.13443,17.48986],[-91.13649,17.48875],[-91.13759,17.48564],[-91.1412,17.48413],[-91.14148,17.48139],[-91.13884,17.47927],[-91.13869,17.47784],[-91.10894,17.47773],[-91.10896,17.47944],[-91.09775,17.47885],[-91.09795,17.4814],[-91.09558,17.48156],[-91.09526,17.47769],[-91.09045,17.47709],[-91.09083,17.4791],[-91.0885,17.47914],[-91.08918,17.48171],[-91.08174,17.48088],[-91.08174,17.48507],[-91.07963,17.48465],[-91.07926,17.48368],[-91.07908,17.4846],[-91.07343,17.48367],[-91.05794,17.48304],[-91.05793,17.47012],[-91.03175,17.4673],[-91.03218,17.42226],[-91.02706,17.42141],[-91.02697,17.42359],[-91.02253,17.42342],[-91.02177,17.42564],[-91.01805,17.4255],[-91.01918,17.42343],[-91.01692,17.42343],[-91.01289,17.42878],[-91.00963,17.42856],[-91.01086,17.42368],[-91.00149,17.42404],[-91.00145,17.42484],[-90.99696,17.42433],[-90.99679,17.42843],[-90.9921,17.42797],[-90.9921,17.42355],[-90.98785,17.4231],[-90.98746,17.25102],[-91.27852,17.25173],[-91.4397,17.25097],[-91.43941,17.24786],[-91.4352,17.23749],[-91.43455,17.2329],[-91.43109,17.22792],[-91.42877,17.21855],[-91.42345,17.21285],[-91.41882,17.2093],[-91.41122,17.20619],[-91.40212,17.20456],[-91.38614,17.20642],[-91.38449,17.20549],[-91.37553,17.20455],[-91.3717,17.20243],[-91.36564,17.19633],[-91.35475,17.19077],[-91.34695,17.1768],[-91.35031,17.1637],[-91.34948,17.16034],[-91.34787,17.15943],[-91.33971,17.15854],[-91.33557,17.16124],[-91.33442,17.16732],[-91.33124,17.17679],[-91.32919,17.17931],[-91.32445,17.18275],[-91.31852,17.18291],[-91.30898,17.1794],[-91.30188,17.18081],[-91.28479,17.17809],[-91.27909,17.17963],[-91.27573,17.1776],[-91.27054,17.17204],[-91.26645,17.17013],[-91.26452,17.16802],[-91.26312,17.16446],[-91.26344,17.15826],[-91.26489,17.15414],[-91.27209,17.14387],[-91.27307,17.13773],[-91.27221,17.1333],[-91.27225,17.12613],[-91.27057,17.11596],[-91.26694,17.10788],[-91.26171,17.10372],[-91.2563,17.10104],[-91.24055,17.09999],[-91.23446,17.10059],[-91.22696,17.09506],[-91.22254,17.08858],[-91.21725,17.07659],[-91.21647,17.06955],[-91.21707,17.06501],[-91.21458,17.06324],[-91.21393,17.05997],[-91.21155,17.0572],[-91.21031,17.05308],[-91.20336,17.04495],[-91.19435,17.0393],[-91.18985,17.03485],[-91.17525,17.0157],[-91.1544,17.00487],[-91.14904,17.00424],[-91.13672,17.0069],[-91.12772,17.00616],[-91.12276,17.00338],[-91.12125,17.00162],[-91.11996,16.99758],[-91.11996,16.9937],[-91.12224,16.98302],[-91.12202,16.98092],[-91.12005,16.97753],[-91.11625,16.97443],[-91.1125,16.97445],[-91.10441,16.9702],[-91.09916,16.96511],[-91.09706,16.95819],[-91.0932,16.95182],[-91.07982,16.94351],[-91.07404,16.93695],[-91.07173,16.93197],[-91.06448,16.92513],[-91.06461,16.9221],[-91.06772,16.91871],[-91.07252,16.91663],[-91.07404,16.91364],[-91.07308,16.91034],[-91.06563,16.90286],[-91.05998,16.89978],[-91.04853,16.89846],[-91.04516,16.89671],[-91.02257,16.89072],[-91.01674,16.88808],[-91.00711,16.88618],[-90.99721,16.88036],[-90.99387,16.87706],[-90.992,16.87401],[-90.98996,16.86439],[-90.98783,16.86308],[-90.98546,16.86329],[-90.98229,16.86577],[-90.9805,16.87268],[-90.98061,16.87711],[-90.98437,16.88506],[-90.98634,16.89172],[-90.98647,16.89453],[-90.98506,16.89795],[-90.98193,16.90092],[-90.97608,16.9029],[-90.96974,16.90286],[-90.96501,16.9015],[-90.9573,16.89658],[-90.95447,16.88822],[-90.95451,16.88447],[-90.9577,16.87862],[-90.97213,16.87096],[-90.97455,16.86712],[-90.97405,16.86363],[-90.97141,16.86119],[-90.96793,16.86037],[-90.95684,16.86521],[-90.95005,16.8654],[-90.93695,16.8613],[-90.93364,16.85933],[-90.93218,16.85518],[-90.93422,16.8476],[-90.93389,16.84232],[-90.9319,16.83919],[-90.92606,16.83317],[-90.92414,16.82558],[-90.92177,16.82194],[-90.91862,16.82047],[-90.91621,16.82048],[-90.90874,16.8225],[-90.90272,16.82219],[-90.89591,16.82484],[-90.89199,16.82525],[-90.88504,16.82522],[-90.87771,16.82379],[-90.87208,16.8208],[-90.86131,16.81165],[-90.85731,16.80132],[-90.85564,16.79876],[-90.84878,16.79653],[-90.83693,16.79596],[-90.82729,16.79727],[-90.82225,16.79899],[-90.80854,16.79928],[-90.80409,16.79872],[-90.80254,16.7975],[-90.80175,16.79508],[-90.8021,16.79119],[-90.8042,16.78613],[-90.8049,16.78209],[-90.80281,16.77623],[-90.79646,16.77457],[-90.79113,16.77148],[-90.78834,16.77153],[-90.78245,16.76819],[-90.76243,16.76275],[-90.75856,16.75942],[-90.75807,16.75314],[-90.75685,16.75106],[-90.74397,16.74251],[-90.7323,16.73662],[-90.72252,16.72974],[-90.71526,16.72789],[-90.70945,16.72195],[-90.70777,16.7181],[-90.70745,16.71515],[-90.7099,16.7094],[-90.70951,16.70475],[-90.70618,16.70246],[-90.69868,16.69971],[-90.69167,16.6944],[-90.68945,16.69156],[-90.68318,16.6897],[-90.68169,16.68857],[-90.67944,16.68345],[-90.67938,16.67351],[-90.67594,16.66466],[-90.67595,16.66056],[-90.67333,16.65698],[-90.66418,16.64817],[-90.6576,16.63946],[-90.65731,16.63707],[-90.66128,16.6314],[-90.66198,16.62797],[-90.66018,16.6195],[-90.65559,16.61106],[-90.65517,16.60875],[-90.65621,16.60348],[-90.65336,16.5945],[-90.65418,16.59281],[-90.65622,16.59185],[-90.66697,16.58919],[-90.66776,16.58634],[-90.66684,16.58181],[-90.66136,16.57799],[-90.65756,16.57718],[-90.64868,16.57789],[-90.64463,16.57908],[-90.64081,16.58454],[-90.6404,16.58858],[-90.64249,16.59507],[-90.64186,16.59592],[-90.64049,16.59581],[-90.63518,16.59234],[-90.63035,16.58394],[-90.6256,16.5777],[-90.62616,16.57545],[-90.63911,16.5692],[-90.64523,16.56335],[-90.64708,16.56052],[-90.64761,16.55715],[-90.64649,16.55079],[-90.64856,16.54476],[-90.64456,16.53934],[-90.64261,16.53435],[-90.64541,16.51864],[-90.64209,16.51449],[-90.63559,16.51352],[-90.62955,16.51571],[-90.61948,16.52199],[-90.61658,16.52179],[-90.61137,16.51755],[-90.60922,16.51437],[-90.60748,16.51088],[-90.60563,16.50364],[-90.60696,16.49809],[-90.60922,16.49419],[-90.61859,16.48864],[-90.62354,16.48778],[-90.63106,16.49015],[-90.63344,16.48911],[-90.63482,16.48604],[-90.63493,16.48349],[-90.63397,16.48127],[-90.63249,16.48008],[-90.62769,16.47757],[-90.62042,16.47718],[-90.6166,16.4798],[-90.61505,16.48333],[-90.61473,16.48698],[-90.61345,16.48845],[-90.6111,16.48879],[-90.60421,16.48734],[-90.59832,16.49047],[-90.59437,16.49065],[-90.5928,16.48941],[-90.59235,16.48766],[-90.59397,16.47977],[-90.59367,16.47535],[-90.58978,16.47008],[-90.58667,16.46951],[-90.58374,16.47001],[-90.5779,16.47273],[-90.56947,16.47477],[-90.56497,16.47753],[-90.55694,16.47866],[-90.55021,16.48212],[-90.54402,16.48171],[-90.54299,16.48081],[-90.54317,16.47871],[-90.5465,16.47498],[-90.548,16.47195],[-90.54787,16.46944],[-90.54694,16.46806],[-90.5442,16.46585],[-90.5368,16.46328],[-90.5278,16.45772],[-90.52634,16.45755],[-90.52506,16.45867],[-90.52546,16.46443],[-90.52381,16.46719],[-90.51422,16.4699],[-90.50363,16.46832],[-90.50061,16.46692],[-90.49902,16.46488],[-90.49943,16.45749],[-90.49777,16.45454],[-90.4958,16.45349],[-90.49157,16.45405],[-90.48655,16.46042],[-90.48509,16.46113],[-90.48193,16.46159],[-90.47812,16.45983],[-90.47733,16.45677],[-90.47951,16.44984],[-90.47813,16.44624],[-90.4783,16.44197],[-90.48147,16.43627],[-90.48586,16.43225],[-90.48697,16.42933],[-90.48698,16.42545],[-90.48456,16.42302],[-90.48255,16.42284],[-90.4764,16.42494],[-90.47182,16.42504],[-90.45877,16.42102],[-90.45532,16.42262],[-90.45141,16.42264],[-90.44386,16.42427],[-90.43384,16.42369],[-90.4236,16.4252],[-90.42072,16.4249],[-90.41723,16.42318],[-90.41611,16.4216],[-90.41174,16.40743],[-90.40972,16.40478],[-90.40772,16.40403],[-90.40455,16.4051],[-90.40219,16.40705],[-90.39944,16.41162],[-90.39884,16.4152],[-90.39792,16.41618],[-90.39427,16.41594],[-90.38729,16.412],[-90.38735,16.40789],[-90.38906,16.40353],[-90.3913,16.40181],[-90.39955,16.39979],[-90.40135,16.39863],[-90.40216,16.39662],[-90.40182,16.393],[-90.39682,16.38534],[-90.38645,16.37794],[-90.3831,16.3762],[-90.37528,16.37564],[-90.37293,16.37435],[-90.37039,16.36952],[-90.3707,16.36468],[-90.37456,16.35962],[-90.37972,16.36003],[-90.38238,16.36219],[-90.38393,16.36743],[-90.38893,16.37275],[-90.3923,16.37416],[-90.39581,16.37451],[-90.4011,16.37138],[-90.40977,16.36302],[-90.41171,16.35924],[-90.41207,16.3557],[-90.41105,16.34923],[-90.40931,16.3459],[-90.40699,16.34587],[-90.40621,16.34773],[-90.40814,16.3543],[-90.40752,16.3589],[-90.40552,16.36086],[-90.40303,16.36106],[-90.4007,16.35844],[-90.40086,16.35235],[-90.39924,16.34939],[-90.39563,16.34756],[-90.38333,16.34521],[-90.38151,16.34249],[-90.38164,16.33845],[-90.38418,16.33498],[-90.38687,16.33425],[-90.38919,16.33485],[-90.39332,16.33917],[-90.39754,16.3396],[-90.40044,16.33773],[-90.40154,16.33403],[-90.40322,16.33215],[-90.41001,16.32918],[-90.41174,16.32711],[-90.41212,16.32468],[-90.40868,16.31619],[-90.40866,16.31234],[-90.40996,16.30893],[-90.41164,16.30724],[-90.41562,16.30515],[-90.41819,16.30469],[-90.42323,16.30536],[-90.42946,16.30469],[-90.43273,16.30515],[-90.43665,16.30382],[-90.43857,16.3021],[-90.43943,16.29971],[-90.43886,16.29802],[-90.4329,16.29506],[-90.43179,16.29222],[-90.43305,16.29031],[-90.43765,16.28888],[-90.44,16.28715],[-90.4409,16.28427],[-90.44048,16.27979],[-90.43816,16.27653],[-90.43218,16.27463],[-90.42723,16.2696],[-90.42285,16.26315],[-90.42243,16.25918],[-90.42521,16.25523],[-90.42826,16.25389],[-90.43125,16.25469],[-90.43879,16.2608],[-90.44185,16.26179],[-90.44547,16.26152],[-90.44971,16.2575],[-90.45472,16.24865],[-90.455,16.24538],[-90.45403,16.24275],[-90.45055,16.24054],[-90.44727,16.24103],[-90.44437,16.24565],[-90.44198,16.24741],[-90.44004,16.24757],[-90.43915,16.2465],[-90.43882,16.24143],[-90.43809,16.24009],[-90.43054,16.23682],[-90.42808,16.23461],[-90.42783,16.2332],[-90.42877,16.23027],[-90.43814,16.23168],[-90.44115,16.23073],[-90.45119,16.2249],[-90.45462,16.21934],[-90.45667,16.20951],[-90.45566,16.20226],[-90.45325,16.19332],[-90.45329,16.18742],[-90.45198,16.18504],[-90.44748,16.18236],[-90.43921,16.18142],[-90.43146,16.17765],[-90.42663,16.17325],[-90.4257,16.17105],[-90.42615,16.16709],[-90.42451,16.16318],[-90.42535,16.16179],[-90.43122,16.15953],[-90.43518,16.15666],[-90.43795,16.15571],[-90.44438,16.15544],[-90.44732,16.15411],[-90.45025,16.14995],[-90.45024,16.14732],[-90.44851,16.1438],[-90.44537,16.14281],[-90.43828,16.14272],[-90.43469,16.14113],[-90.43048,16.14043],[-90.42868,16.13934],[-90.42788,16.13712],[-90.42999,16.12957],[-90.42861,16.12198],[-90.42977,16.11777],[-90.4327,16.11685],[-90.43596,16.11723],[-90.4455,16.1204],[-90.44877,16.12386],[-90.45145,16.1245],[-90.45405,16.12145],[-90.45661,16.11215],[-90.45668,16.10458],[-90.454,16.09814],[-90.45558,16.09523],[-90.45564,16.09344],[-90.45367,16.09226],[-90.44867,16.09205],[-90.44636,16.09335],[-90.4442,16.09554],[-90.44286,16.09891],[-90.43377,16.10514],[-90.42864,16.10596],[-90.42504,16.10367],[-90.42411,16.09954],[-90.42561,16.09625],[-90.42684,16.09539],[-90.43338,16.0965],[-90.43516,16.09599],[-90.43668,16.09441],[-90.43865,16.08865],[-90.44515,16.08302],[-90.44519,16.08051],[-90.44084,16.07419],[-91.38178,16.07435],[-91.38461,16.07948],[-91.38791,16.08122],[-91.38962,16.08043],[-91.38972,16.08349],[-91.39166,16.08504],[-91.39458,16.09103],[-91.40355,16.1026],[-91.40595,16.10363],[-91.40786,16.10696],[-91.39976,16.11531],[-91.41422,16.11638],[-91.41656,16.11397],[-91.42005,16.11707],[-91.4234,16.11751],[-91.42932,16.11145],[-91.43707,16.11341],[-91.44312,16.11127],[-91.44707,16.10845],[-91.44669,16.10429],[-91.4443,16.10157],[-91.44295,16.09612],[-91.45395,16.09491],[-91.47601,16.09591],[-91.47615,16.10992],[-91.48098,16.11735],[-91.49394,16.11801],[-91.49397,16.12158],[-91.49588,16.12878],[-91.50442,16.13194],[-91.5012,16.13706],[-91.51527,16.14072],[-91.51818,16.14251],[-91.50213,16.15004],[-91.50127,16.14892],[-91.49998,16.15031],[-91.50362,16.15597],[-91.50695,16.15904],[-91.50764,16.16394],[-91.51037,16.16478],[-91.51191,16.16645],[-91.51549,16.16744],[-91.51701,16.17066],[-91.51685,16.17296],[-91.51979,16.17349],[-91.5213,16.17094],[-91.52292,16.17316],[-91.52902,16.17638],[-91.53301,16.17745],[-91.54089,16.18348],[-91.54177,16.18371],[-91.54382,16.18224],[-91.5431,16.18113],[-91.54187,16.18092],[-91.54152,16.17898],[-91.54484,16.17915],[-91.55486,16.18644],[-91.55618,16.18652],[-91.55609,16.18807],[-91.55131,16.19416],[-91.54996,16.19791],[-91.55591,16.20127],[-91.56222,16.1866],[-91.5961,16.21164],[-91.60602,16.20361],[-91.60718,16.20967],[-91.60713,16.21421],[-91.63322,16.2143],[-91.63306,16.21718],[-91.62019,16.21724],[-91.62815,16.23363],[-91.6311,16.23794],[-91.63122,16.25291],[-91.64308,16.2536],[-91.64633,16.25939],[-91.64883,16.26045],[-91.65121,16.2588],[-91.65771,16.25675],[-91.65931,16.253],[-91.66478,16.25362],[-91.66649,16.25547],[-91.66672,16.25271],[-91.66998,16.25267],[-91.67242,16.25489],[-91.67509,16.26188],[-91.68354,16.26606],[-91.68552,16.26791],[-91.68956,16.26775],[-91.68002,16.27347],[-91.68213,16.27654],[-91.69832,16.26897],[-91.70379,16.26765],[-91.70641,16.2655],[-91.70732,16.26639],[-91.73037,16.26681],[-91.74148,16.25727],[-91.73948,16.25614],[-91.7377,16.25629],[-91.72935,16.25003],[-91.73992,16.24373],[-91.73784,16.24038],[-91.74115,16.2399],[-91.74206,16.23406],[-91.74561,16.22218],[-91.75067,16.22218],[-91.76558,16.21226],[-91.76765,16.21782],[-91.77786,16.21083],[-91.78252,16.21052],[-91.78934,16.21411],[-91.8185,16.24224],[-91.82001,16.23936],[-91.81672,16.23642],[-91.83044,16.2231],[-91.83333,16.22479],[-91.83697,16.22468],[-91.84158,16.22774],[-91.84779,16.22837],[-91.85303,16.22719],[-91.84926,16.23715],[-91.85964,16.24618],[-91.85683,16.25507],[-91.87144,16.26121],[-91.88415,16.26203],[-91.88688,16.26102],[-91.89177,16.26234],[-91.89622,16.26492],[-91.90012,16.26918],[-91.911,16.25747],[-91.91775,16.26622],[-91.92389,16.26703],[-91.94329,16.26557],[-91.95829,16.26196],[-91.96185,16.28468],[-91.96705,16.29475],[-91.96351,16.29487],[-91.95969,16.29882],[-91.96543,16.30566],[-91.97982,16.29877],[-91.97843,16.29592],[-91.97919,16.29424],[-91.98182,16.29073],[-91.98406,16.28922],[-91.98493,16.28621],[-91.98631,16.28462],[-91.99506,16.28226],[-92.00007,16.28247],[-92.00308,16.28042],[-92.00447,16.28178],[-92.0147,16.27709],[-92.01366,16.26804],[-92.02873,16.28894],[-92.0483,16.29464],[-92.04505,16.2975],[-92.04516,16.29815],[-92.05464,16.2933],[-92.0566,16.29316],[-92.05665,16.29256],[-92.05757,16.29304],[-92.05762,16.29526],[-92.05981,16.29504],[-92.06115,16.2967],[-92.05175,16.31573],[-92.04851,16.32414],[-92.04737,16.32257],[-92.04512,16.32275],[-92.04425,16.3262],[-92.03564,16.33008],[-92.02446,16.34109],[-92.03656,16.33497],[-92.04504,16.33206],[-92.05443,16.33676],[-92.05654,16.33861],[-92.05821,16.34282],[-92.05351,16.34577],[-92.05168,16.346],[-92.05155,16.35332],[-92.06004,16.36014],[-92.06319,16.36054],[-92.066,16.36278],[-92.06239,16.36374],[-92.06217,16.36485],[-92.06368,16.36595],[-92.06429,16.36788],[-92.07294,16.37033],[-92.07584,16.36945],[-92.08274,16.37078],[-92.08315,16.37828],[-92.07849,16.38168],[-92.08751,16.38729],[-92.08683,16.39096],[-92.09058,16.39234],[-92.09259,16.39638],[-92.09406,16.39695],[-92.09809,16.39638],[-92.09824,16.39526],[-92.09936,16.39559],[-92.09981,16.39483],[-92.10391,16.3955],[-92.10429,16.39366],[-92.10581,16.39315],[-92.10588,16.39427],[-92.10658,16.39424],[-92.10609,16.39501],[-92.10723,16.39463],[-92.10744,16.39548],[-92.10736,16.39441],[-92.10885,16.39347],[-92.10935,16.39432],[-92.11383,16.38979],[-92.11938,16.39577],[-92.11687,16.42173],[-92.13182,16.42521],[-92.1325,16.41079],[-92.1535,16.41316],[-92.15428,16.40753],[-92.16828,16.40201],[-92.17562,16.41228],[-92.15528,16.41612],[-92.15792,16.41946],[-92.15903,16.42278],[-92.15881,16.43338],[-92.15946,16.4385],[-92.15795,16.45375],[-92.1763,16.45195],[-92.18272,16.45227],[-92.17618,16.4935],[-92.17866,16.49341],[-92.1777,16.49531],[-92.17367,16.4979],[-92.17095,16.4975],[-92.16322,16.51726],[-92.15874,16.53225],[-92.15173,16.54805],[-92.15345,16.56734],[-92.14681,16.59384],[-92.14736,16.59829],[-92.15169,16.60657],[-92.15171,16.61569],[-92.1532,16.632],[-92.14493,16.64395],[-92.13558,16.65106],[-92.12111,16.66466],[-92.11586,16.66697],[-92.10745,16.66724],[-92.10417,16.6688],[-92.09835,16.66922],[-92.09201,16.66768],[-92.07002,16.65892],[-92.06443,16.6586],[-92.06141,16.65894],[-92.05359,16.66238],[-92.04285,16.66297],[-92.02885,16.67852],[-92.02461,16.68068],[-92.02322,16.68304],[-92.02422,16.68362],[-92.01919,16.68821],[-92.03034,16.69058],[-92.03113,16.69204],[-92.0374,16.69455],[-92.04538,16.6939],[-92.04872,16.70103],[-92.05669,16.6992],[-92.06866,16.7048],[-92.08422,16.71364],[-92.09521,16.71708],[-92.10563,16.72325],[-92.10862,16.72588],[-92.11497,16.73396],[-92.12692,16.74257],[-92.13222,16.74796],[-92.13235,16.75083],[-92.13348,16.75338],[-92.13223,16.75437],[-92.13069,16.75371],[-92.13007,16.75416],[-92.13274,16.76246],[-92.13338,16.76797],[-92.14899,16.77418],[-92.1478,16.7791],[-92.1557,16.78493],[-92.15747,16.78063],[-92.16236,16.77919],[-92.16644,16.77318],[-92.16777,16.77196],[-92.16962,16.77197],[-92.17227,16.77239],[-92.17976,16.77704],[-92.18005,16.77903],[-92.1794,16.78005],[-92.17399,16.78171],[-92.17376,16.78468],[-92.17276,16.78584],[-92.16712,16.7866],[-92.1671,16.78937],[-92.16827,16.7902],[-92.16951,16.78998],[-92.17032,16.79125],[-92.17207,16.7904],[-92.17272,16.79219],[-92.17794,16.79445],[-92.18144,16.79409],[-92.18365,16.79594],[-92.19221,16.79467],[-92.19252,16.79388],[-92.19092,16.79118],[-92.19314,16.78498],[-92.20034,16.78868],[-92.24274,16.79482],[-92.23385,16.80534],[-92.23484,16.80539],[-92.2373,16.82339],[-92.2514,16.82989],[-92.25835,16.84416],[-92.26241,16.84935],[-92.26653,16.85136],[-92.27632,16.8666],[-92.27871,16.86875],[-92.28925,16.87395],[-92.29855,16.88177],[-92.30344,16.8849],[-92.30322,16.88844],[-92.30141,16.89045],[-92.29559,16.89256],[-92.29349,16.8947],[-92.29351,16.89661],[-92.2959,16.89813],[-92.29715,16.90093],[-92.30223,16.90157],[-92.31494,16.90569],[-92.32109,16.90368],[-92.32705,16.90381],[-92.32868,16.90516],[-92.3316,16.90502],[-92.33563,16.90427],[-92.33821,16.9018],[-92.34453,16.90122],[-92.34775,16.90264],[-92.35156,16.90098],[-92.35208,16.90061],[-92.35036,16.9],[-92.3508,16.89878],[-92.34616,16.89881],[-92.34194,16.89734],[-92.33847,16.89781],[-92.33671,16.89689],[-92.3387,16.88587],[-92.34188,16.88172],[-92.34501,16.87545],[-92.35157,16.86852],[-92.35631,16.85783],[-92.36272,16.85452],[-92.37639,16.85382],[-92.38695,16.85134],[-92.42168,16.85777],[-92.43413,16.86226],[-92.43443,16.86382],[-92.43743,16.86359],[-92.43442,16.86616],[-92.43995,16.86585],[-92.4456,16.86906],[-92.43545,16.87723],[-92.43434,16.87932],[-92.43392,16.88281],[-92.43249,16.88513],[-92.43838,16.89371],[-92.44362,16.89853],[-92.44329,16.90633],[-92.44464,16.90994],[-92.44283,16.9132],[-92.44306,16.91482],[-92.44159,16.91599],[-92.4402,16.92063],[-92.43926,16.92143],[-92.43869,16.9286],[-92.43719,16.92838],[-92.44047,16.93044],[-92.44429,16.93856],[-92.45376,16.94594],[-92.45824,16.96262],[-92.45454,16.96489],[-92.4436,16.97619],[-92.43832,16.98518],[-92.42268,16.99959],[-92.41645,17.00128],[-92.40798,17.01002],[-92.41266,17.01519],[-92.41197,17.01903],[-92.41386,17.02119],[-92.4148,17.02406],[-92.41838,17.02684],[-92.4104,17.0309],[-92.39984,17.03429],[-92.40444,17.04625],[-92.40776,17.04782],[-92.40967,17.05435],[-92.40976,17.05974],[-92.40857,17.06156],[-92.40279,17.06279],[-92.39549,17.07209],[-92.39363,17.07289],[-92.39153,17.07258],[-92.38525,17.08452],[-92.381,17.09684],[-92.3832,17.10019],[-92.3878,17.1003],[-92.39129,17.10306],[-92.40296,17.10607],[-92.42728,17.12091],[-92.44536,17.13322],[-92.43459,17.1625],[-92.44025,17.16565],[-92.47394,17.16856],[-92.47514,17.17159],[-92.48482,17.17865],[-92.52302,17.19093],[-92.53063,17.19321],[-92.58297,17.20217],[-92.58981,17.2043],[-92.59161,17.22917],[-92.59387,17.24226],[-92.59069,17.24217],[-92.58506,17.24816],[-92.58532,17.2517],[-92.58681,17.25425],[-92.58655,17.25584],[-92.58431,17.25734],[-92.58239,17.25997],[-92.58117,17.2649],[-92.57777,17.26606],[-92.57613,17.26927],[-92.57915,17.27083],[-92.59312,17.26963],[-92.60752,17.25892],[-92.61126,17.2641],[-92.6192,17.25694],[-92.62533,17.26634],[-92.62117,17.27037],[-92.62612,17.28025],[-92.6353,17.27585],[-92.63815,17.28201],[-92.65215,17.29422],[-92.65602,17.29903],[-92.64809,17.30254],[-92.65242,17.30657],[-92.65061,17.30829],[-92.64852,17.31221],[-92.64832,17.31515],[-92.6534,17.31076],[-92.65994,17.311],[-92.66126,17.31042],[-92.66179,17.3142],[-92.66281,17.31536],[-92.66698,17.31662],[-92.66941,17.31634],[-92.67709,17.32448],[-92.68036,17.32911],[-92.68615,17.3332],[-92.68759,17.33535],[-92.69638,17.33095],[-92.70265,17.3294],[-92.70375,17.3318],[-92.70975,17.32968],[-92.71314,17.33204],[-92.71598,17.3327],[-92.71919,17.33588],[-92.7202,17.34221],[-92.72283,17.34596],[-92.72353,17.34845],[-92.73557,17.34713],[-92.72951,17.34813],[-92.72038,17.35534],[-92.71852,17.35545],[-92.71693,17.35783],[-92.70852,17.36341],[-92.70409,17.3636],[-92.7016,17.365],[-92.69706,17.36974],[-92.69623,17.36924],[-92.69427,17.37125],[-92.67877,17.37849],[-92.6777,17.37999],[-92.67894,17.38516],[-92.67852,17.39775],[-92.67613,17.4089],[-92.67624,17.41162],[-92.66791,17.42595],[-92.66739,17.45129],[-92.66819,17.45669],[-92.6658,17.45685],[-92.65941,17.44428],[-92.65812,17.44592],[-92.65453,17.45566],[-92.64887,17.4607],[-92.64136,17.46349],[-92.62434,17.46586],[-92.60583,17.47738],[-92.59406,17.49295],[-92.59439,17.49424],[-92.5999,17.5008],[-92.59391,17.50511],[-92.59234,17.50962],[-92.59231,17.51289],[-92.59699,17.52036],[-92.57141,17.54961],[-92.55994,17.54479],[-92.55968,17.54276],[-92.55879,17.54258],[-92.55803,17.54023],[-92.55392,17.54268],[-92.53007,17.55],[-92.51998,17.57305],[-92.50859,17.57395],[-92.4972,17.57225],[-92.48469,17.57492],[-92.47381,17.57457],[-92.46762,17.57712],[-92.46315,17.57651],[-92.45622,17.57302],[-92.44505,17.57433],[-92.43678,17.5701],[-92.42124,17.57724],[-92.41781,17.57636],[-92.40822,17.58062],[-92.40208,17.57804],[-92.40086,17.58603],[-92.35067,17.61793],[-92.3515,17.61963],[-92.3512,17.62474],[-92.35366,17.62819],[-92.35628,17.63601],[-92.35803,17.6363],[-92.35813,17.64196],[-92.35586,17.64201],[-92.3558,17.64606],[-92.35479,17.64631],[-92.35494,17.65406],[-92.34916,17.65473],[-92.35001,17.67404],[-92.3499,17.70278],[-92.34589,17.70156],[-92.3438,17.70207],[-92.34433,17.70328],[-92.34365,17.70407],[-92.34158,17.70335],[-92.34013,17.70376],[-92.33823,17.70623],[-92.33735,17.71209],[-92.32956,17.71071],[-92.32809,17.71373],[-92.32159,17.7098],[-92.31528,17.70967],[-92.3151,17.7067],[-92.31332,17.70451],[-92.31128,17.70463],[-92.30867,17.70628],[-92.30066,17.7033],[-92.29835,17.70324],[-92.29701,17.70107],[-92.2948,17.69993],[-92.28868,17.70267],[-92.27462,17.69226],[-92.22606,17.74878],[-92.1945,17.77664],[-92.18849,17.76813],[-92.17195,17.78657],[-92.15245,17.77907],[-92.15078,17.75078],[-92.16488,17.75512],[-92.16629,17.7549],[-92.16742,17.75616],[-92.17175,17.75752],[-92.175,17.75559],[-92.17445,17.75809],[-92.18636,17.7632],[-92.18331,17.75799],[-92.18556,17.74441],[-92.18359,17.74435],[-92.18332,17.73233],[-92.17414,17.72926],[-92.17395,17.73256],[-92.15594,17.72554],[-92.15623,17.72501],[-92.15131,17.72382],[-92.14655,17.71882],[-92.14401,17.72041],[-92.14115,17.71975],[-92.13184,17.74195],[-92.11361,17.74122],[-92.12214,17.7214],[-92.11696,17.72392],[-92.11272,17.7231],[-92.11299,17.70935],[-92.13198,17.7097],[-92.13209,17.69816],[-92.09175,17.69703],[-92.09391,17.68658],[-92.07662,17.68669],[-92.07864,17.6794],[-92.07398,17.67632],[-92.06827,17.67657],[-92.06939,17.67437],[-92.07174,17.67356],[-92.07199,17.67246],[-92.07146,17.66712],[-92.06975,17.66597],[-92.06893,17.66319],[-92.06954,17.66194],[-92.06835,17.66109],[-92.06843,17.66033],[-92.07072,17.65547],[-92.07938,17.64511],[-92.0792,17.64283],[-92.08088,17.63932],[-92.08042,17.6372],[-92.08131,17.63496],[-92.07889,17.62335],[-92.08475,17.61903],[-92.08577,17.61743],[-92.08606,17.61401],[-92.07604,17.61446],[-92.07165,17.61337],[-92.06944,17.61079],[-92.071,17.60961],[-92.06228,17.60163],[-92.05995,17.60331],[-92.05088,17.59807],[-92.04095,17.59573],[-92.04146,17.59494],[-92.04005,17.59435],[-92.04155,17.59322],[-92.04108,17.5928],[-92.03033,17.6034],[-92.02472,17.60682],[-92.02188,17.61035],[-92.01723,17.61247],[-92.01843,17.63079],[-92.02862,17.63076],[-92.02808,17.63646],[-92.02883,17.63884],[-92.02235,17.63892],[-92.02245,17.65106],[-92.0266,17.65564],[-92.01196,17.66826],[-92.00417,17.65841],[-92.00006,17.66108],[-91.99658,17.65644],[-91.97701,17.63623],[-91.97319,17.6433],[-91.97014,17.64381],[-91.95917,17.65164],[-91.96146,17.65408],[-91.94067,17.67186],[-91.94938,17.68119],[-91.94678,17.68264],[-91.95869,17.69818],[-91.95238,17.70332],[-91.9514,17.70232],[-91.95237,17.73483],[-91.94151,17.72725],[-91.94023,17.72473],[-91.93788,17.72267],[-91.931,17.72308],[-91.93031,17.72612],[-91.93384,17.73325],[-91.9341,17.74269],[-91.93824,17.74631],[-91.94236,17.74737],[-91.94094,17.74877],[-91.9378,17.74989],[-91.93349,17.74996],[-91.93356,17.75078],[-91.9346,17.751],[-91.93496,17.75249],[-91.93614,17.75267],[-91.93749,17.75968],[-91.94418,17.75754],[-91.94053,17.76625],[-91.94575,17.76854],[-91.93829,17.77007],[-91.92974,17.76799],[-91.9289,17.76693],[-91.92384,17.77005],[-91.93203,17.78002],[-91.93072,17.78305],[-91.9236,17.78761],[-91.92605,17.79048],[-91.92661,17.79415],[-91.93226,17.80083],[-91.93451,17.80245],[-91.93545,17.80148],[-91.93721,17.80153],[-91.93774,17.80531],[-91.93561,17.80999],[-91.9327,17.81281],[-91.9313,17.81334],[-91.92085,17.81301],[-91.91673,17.81566],[-91.91129,17.81714],[-91.90979,17.81826],[-91.90967,17.81998],[-91.91209,17.82155],[-91.91901,17.82105],[-91.92112,17.82196],[-91.92317,17.82604],[-91.92191,17.83211],[-91.91767,17.8356],[-91.90573,17.83941],[-91.90245,17.83937]]]]}},{"type":"Feature","properties":{"nombre":"Sierra Norte de Puebla"},"geometry":{"type":"MultiPolygon","coordinates":[[[[-97.48845,20.86739],[-97.47997,20.8663],[-97.47829,20.86383],[-97.47413,20.86331],[-97.47231,20.86231],[-97.47177,20.86305],[-97.46996,20.86266],[-97.47317,20.85153],[-97.47058,20.85125],[-97.47017,20.85355],[-97.46737,20.8543],[-97.4683,20.85619],[-97.46767,20.85697],[-97.46489,20.85762],[-97.46446,20.85226],[-97.45908,20.85044],[-97.45706,20.84783],[-97.45735,20.84583],[-97.45645,20.84321],[-97.45733,20.84125],[-97.4577,20.83367],[-97.45832,20.8321],[-97.46033,20.83155],[-97.46177,20.82872],[-97.46391,20.82871],[-97.46647,20.83104],[-97.46798,20.83384],[-97.47158,20.83415],[-97.47241,20.83762],[-97.47357,20.83813],[-97.47354,20.83911],[-97.47652,20.83989],[-97.47893,20.8416],[-97.4794,20.83832],[-97.48093,20.83616],[-97.4842,20.8341],[-97.48093,20.8302],[-97.48114,20.82898],[-97.48411,20.83008],[-97.48438,20.83054],[-97.48363,20.83041],[-97.48502,20.83175],[-97.48786,20.83294],[-97.48852,20.83399],[-97.48956,20.83352],[-97.48921,20.83227],[-97.49049,20.8313],[-97.4951,20.83188],[-97.49571,20.83075],[-97.49442,20.82939],[-97.49623,20.82833],[-97.49833,20.82266],[-97.49762,20.81962],[-97.48648,20.82127],[-97.48711,20.8193],[-97.47938,20.8202],[-97.47886,20.81944],[-97.47855,20.81328],[-97.48087,20.81328],[-97.48149,20.80901],[-97.47793,20.80648],[-97.48012,20.80102],[-97.47983,20.7988],[-97.47383,20.79108],[-97.47613,20.78691],[-97.4708,20.78456],[-97.47221,20.78341],[-97.46722,20.77704],[-97.46712,20.77569],[-97.46605,20.77632],[-97.46587,20.77516],[-97.46441,20.77565],[-97.46243,20.77396],[-97.46056,20.77502],[-97.46089,20.77203],[-97.45957,20.77104],[-97.46072,20.76702],[-97.46286,20.76558],[-97.4633,20.76391],[-97.468,20.75878],[-97.46442,20.75576],[-97.46078,20.7596],[-97.45934,20.75912],[-97.45887,20.75988],[-97.44244,20.74524],[-97.43771,20.75081],[-97.43457,20.7477],[-97.4295,20.74513],[-97.43166,20.74222],[-97.43013,20.7412],[-97.42903,20.741],[-97.42852,20.74171],[-97.42614,20.74021],[-97.42364,20.74347],[-97.42132,20.74193],[-97.42374,20.73873],[-97.41881,20.73597],[-97.41464,20.74149],[-97.41152,20.73941],[-97.40862,20.73923],[-97.40877,20.73511],[-97.40725,20.73444],[-97.40653,20.73047],[-97.40749,20.72801],[-97.40592,20.72793],[-97.40603,20.72889],[-97.40464,20.73042],[-97.40297,20.72833],[-97.40223,20.73042],[-97.40085,20.73053],[-97.39903,20.73355],[-97.39039,20.73773],[-97.38786,20.73582],[-97.38413,20.73644],[-97.37859,20.73515],[-97.377,20.73506],[-97.37667,20.73598],[-97.36541,20.73448],[-97.36569,20.73263],[-97.35737,20.7311],[-97.36101,20.73734],[-97.36062,20.73999],[-97.35768,20.73983],[-97.35578,20.74185],[-97.35346,20.74247],[-97.34973,20.74119],[-97.34783,20.74176],[-97.34544,20.7395],[-97.34478,20.74031],[-97.34523,20.74391],[-97.33916,20.75218],[-97.33679,20.7542],[-97.33622,20.75679],[-97.33717,20.75698],[-97.33522,20.75934],[-97.33697,20.7628],[-97.32668,20.76762],[-97.32835,20.77085],[-97.32318,20.77323],[-97.32482,20.77644],[-97.32228,20.77761],[-97.32256,20.77821],[-97.31945,20.77761],[-97.31763,20.78051],[-97.31675,20.7804],[-97.31661,20.78275],[-97.32005,20.78667],[-97.31549,20.78878],[-97.31729,20.79197],[-97.31645,20.79706],[-97.31472,20.79708],[-97.31301,20.79401],[-97.31203,20.7945],[-97.31108,20.79415],[-97.3112,20.79338],[-97.30817,20.7939],[-97.30701,20.79639],[-97.30387,20.79407],[-97.30266,20.79558],[-97.30285,20.79883],[-97.30624,20.79731],[-97.30574,20.79836],[-97.30677,20.79901],[-97.30646,20.7999],[-97.30468,20.79958],[-97.30416,20.80199],[-97.299,20.80164],[-97.29944,20.80275],[-97.29753,20.8022],[-97.29837,20.80152],[-97.29774,20.79943],[-97.29417,20.80005],[-97.29197,20.79907],[-97.29152,20.8004],[-97.28956,20.80008],[-97.28913,20.79926],[-97.2861,20.80097],[-97.28499,20.79969],[-97.28278,20.79931],[-97.2748,20.7998],[-97.27406,20.79797],[-97.26903,20.79863],[-97.26678,20.79729],[-97.26718,20.79558],[-97.26973,20.79477],[-97.26982,20.79219],[-97.26843,20.79237],[-97.26845,20.79405],[-97.26768,20.79469],[-97.26604,20.79272],[-97.26628,20.79205],[-97.263,20.79034],[-97.26264,20.78995],[-97.26454,20.78826],[-97.26428,20.78736],[-97.26009,20.78621],[-97.26012,20.78298],[-97.26167,20.78191],[-97.25707,20.78044],[-97.2562,20.77798],[-97.25081,20.77766],[-97.24892,20.77891],[-97.24569,20.77865],[-97.24591,20.77984],[-97.24231,20.78002],[-97.24132,20.77772],[-97.23565,20.77967],[-97.23597,20.78509],[-97.23395,20.78489],[-97.23184,20.78621],[-97.22829,20.78614],[-97.22743,20.78837],[-97.22425,20.78972],[-97.22478,20.79107],[-97.22733,20.79256],[-97.22729,20.7933],[-97.21809,20.79592],[-97.20963,20.7819],[-97.20545,20.77661],[-97.20429,20.77372],[-97.20509,20.7717],[-97.20504,20.76731],[-97.20389,20.75837],[-97.19859,20.74709],[-97.19383,20.73968],[-97.19451,20.73649],[-97.1957,20.73565],[-97.19619,20.73402],[-97.19809,20.73325],[-97.20005,20.72695],[-97.20129,20.72631],[-97.20126,20.72557],[-97.20118,20.72456],[-97.19588,20.72029],[-97.19614,20.71462],[-97.19432,20.70033],[-97.18997,20.68965],[-97.1835,20.67926],[-97.17747,20.66209],[-97.16541,20.64171],[-97.14461,20.61429],[-97.13156,20.59983],[-97.13486,20.59826],[-97.1435,20.599],[-97.14473,20.59821],[-97.14471,20.5962],[-97.14571,20.59525],[-97.14844,20.59439],[-97.1535,20.5959],[-97.15443,20.59681],[-97.15364,20.59795],[-97.15562,20.59841],[-97.15853,20.59561],[-97.15943,20.59255],[-97.15923,20.59093],[-97.15806,20.59039],[-97.1598,20.58679],[-97.15902,20.58556],[-97.16377,20.58515],[-97.16574,20.58663],[-97.16794,20.5859],[-97.17192,20.58199],[-97.17116,20.5807],[-97.17155,20.57969],[-97.17688,20.57827],[-97.17797,20.57708],[-97.18033,20.57644],[-97.17921,20.57604],[-97.1813,20.57397],[-97.17897,20.57188],[-97.18126,20.5703],[-97.18177,20.57226],[-97.18283,20.57164],[-97.18774,20.57236],[-97.18953,20.56998],[-97.19026,20.5669],[-97.19121,20.56698],[-97.19259,20.5651],[-97.19239,20.56335],[-97.1894,20.56029],[-97.18841,20.55736],[-97.18631,20.55787],[-97.18513,20.55704],[-97.18328,20.55231],[-97.18811,20.5479],[-97.18723,20.54611],[-97.18885,20.545],[-97.18887,20.54355],[-97.19668,20.54208],[-97.19727,20.54074],[-97.19919,20.54003],[-97.20256,20.54055],[-97.20292,20.53851],[-97.20456,20.53736],[-97.21037,20.53862],[-97.21164,20.53704],[-97.21284,20.53687],[-97.21386,20.53451],[-97.21355,20.53165],[-97.21554,20.53066],[-97.21556,20.52743],[-97.20795,20.52667],[-97.20739,20.5281],[-97.20271,20.52753],[-97.20288,20.52693],[-97.19849,20.52653],[-97.19857,20.52532],[-97.19356,20.52371],[-97.1929,20.52231],[-97.19154,20.52501],[-97.1869,20.52445],[-97.18798,20.5235],[-97.1839,20.52244],[-97.1819,20.52281],[-97.18002,20.52143],[-97.17971,20.51964],[-97.17715,20.51938],[-97.1749,20.51644],[-97.17536,20.51339],[-97.17423,20.51331],[-97.17507,20.51154],[-97.17631,20.51196],[-97.17548,20.51056],[-97.17655,20.50971],[-97.17628,20.50778],[-97.17415,20.50704],[-97.1749,20.50534],[-97.17247,20.50531],[-97.17174,20.50633],[-97.17036,20.50647],[-97.1689,20.50525],[-97.16918,20.50347],[-97.16655,20.50328],[-97.1645,20.50484],[-97.16464,20.50647],[-97.16377,20.50714],[-97.15992,20.50716],[-97.1563,20.50369],[-97.15342,20.50482],[-97.15134,20.50696],[-97.15307,20.49556],[-97.14873,20.49713],[-97.14561,20.4965],[-97.14813,20.49261],[-97.14794,20.48845],[-97.15006,20.48753],[-97.15063,20.48319],[-97.15229,20.48338],[-97.15263,20.4813],[-97.15954,20.4799],[-97.15873,20.47751],[-97.15997,20.47273],[-97.15986,20.4679],[-97.15956,20.46696],[-97.15819,20.46646],[-97.1584,20.46515],[-97.16105,20.46391],[-97.16175,20.46175],[-97.16482,20.45922],[-97.16804,20.46116],[-97.17454,20.46255],[-97.1785,20.4619],[-97.18172,20.46032],[-97.18215,20.45939],[-97.177,20.45534],[-97.17664,20.45162],[-97.17745,20.4509],[-97.17633,20.44975],[-97.17692,20.44809],[-97.17572,20.44818],[-97.17631,20.44658],[-97.17874,20.44825],[-97.18226,20.44864],[-97.18391,20.44765],[-97.1867,20.44746],[-97.19005,20.44944],[-97.19159,20.4468],[-97.19095,20.43885],[-97.18997,20.43887],[-97.18982,20.43746],[-97.19086,20.43745],[-97.19051,20.43474],[-97.18314,20.43401],[-97.18464,20.42311],[-97.18529,20.42252],[-97.18485,20.42064],[-97.18357,20.42022],[-97.18647,20.41471],[-97.18456,20.41212],[-97.18192,20.41183],[-97.18143,20.4147],[-97.18081,20.41267],[-97.17857,20.4108],[-97.17924,20.41019],[-97.17826,20.40866],[-97.17859,20.40759],[-97.17678,20.40505],[-97.17731,20.40315],[-97.17566,20.40202],[-97.17642,20.4009],[-97.17592,20.40024],[-97.17489,20.40103],[-97.17487,20.39841],[-97.17324,20.39653],[-97.16738,20.39831],[-97.16774,20.39599],[-97.16677,20.39565],[-97.16633,20.39649],[-97.16314,20.3974],[-97.16441,20.38856],[-97.15857,20.38849],[-97.15735,20.38767],[-97.15442,20.38746],[-97.15425,20.38818],[-97.15318,20.3865],[-97.15021,20.38609],[-97.14722,20.38315],[-97.14719,20.38075],[-97.14607,20.3789],[-97.14478,20.37882],[-97.1443,20.37654],[-97.14171,20.37631],[-97.14194,20.37538],[-97.14296,20.3753],[-97.14214,20.37365],[-97.14359,20.36312],[-97.14482,20.36333],[-97.14643,20.35909],[-97.14164,20.35284],[-97.14089,20.34486],[-97.14682,20.34321],[-97.1472,20.34249],[-97.14512,20.33791],[-97.14668,20.33722],[-97.15325,20.33066],[-97.15382,20.33124],[-97.15554,20.32911],[-97.16051,20.33357],[-97.16244,20.33283],[-97.16205,20.3317],[-97.15667,20.32482],[-97.15565,20.32455],[-97.15518,20.32519],[-97.15282,20.32423],[-97.15248,20.32233],[-97.15425,20.32125],[-97.15463,20.31776],[-97.15355,20.31813],[-97.15236,20.31673],[-97.15056,20.31635],[-97.14859,20.31844],[-97.14586,20.31639],[-97.14481,20.31342],[-97.142,20.31222],[-97.13917,20.31293],[-97.13905,20.3118],[-97.13564,20.31125],[-97.13579,20.30956],[-97.13501,20.30921],[-97.13794,20.30423],[-97.13298,20.30217],[-97.13454,20.29868],[-97.1302,20.29825],[-97.13032,20.30094],[-97.12805,20.30173],[-97.1276,20.30323],[-97.12265,20.30306],[-97.12239,20.30485],[-97.11768,20.303],[-97.11626,20.30342],[-97.11612,20.30251],[-97.11473,20.30328],[-97.11453,20.30259],[-97.11382,20.303],[-97.1095,20.30142],[-97.10968,20.29517],[-97.10635,20.29235],[-97.10513,20.28935],[-97.10304,20.28829],[-97.10259,20.28679],[-97.10314,20.28364],[-97.10232,20.27643],[-97.10436,20.27088],[-97.10309,20.26593],[-97.10134,20.26344],[-97.10349,20.26117],[-97.10261,20.259],[-97.10306,20.25693],[-97.10482,20.25497],[-97.10739,20.25388],[-97.11179,20.2548],[-97.11783,20.24951],[-97.12064,20.24937],[-97.12513,20.24665],[-97.12762,20.24621],[-97.12471,20.24458],[-97.12673,20.24368],[-97.12528,20.24269],[-97.12552,20.24158],[-97.12805,20.24234],[-97.12839,20.24088],[-97.12698,20.24138],[-97.12705,20.2395],[-97.12398,20.24007],[-97.12245,20.23916],[-97.12383,20.23857],[-97.12368,20.23566],[-97.12572,20.23553],[-97.12674,20.23037],[-97.12834,20.23077],[-97.12856,20.22942],[-97.12949,20.22936],[-97.12982,20.23186],[-97.13085,20.22954],[-97.13226,20.22999],[-97.13325,20.22667],[-97.13252,20.22614],[-97.13309,20.22513],[-97.13189,20.22428],[-97.13268,20.22335],[-97.13143,20.2232],[-97.13034,20.22147],[-97.12921,20.2223],[-97.12917,20.22127],[-97.13121,20.22115],[-97.13189,20.22009],[-97.13078,20.21994],[-97.13237,20.21861],[-97.13158,20.21736],[-97.13067,20.21822],[-97.12863,20.21764],[-97.12823,20.21858],[-97.12745,20.21767],[-97.12628,20.21743],[-97.12599,20.2181],[-97.12392,20.21687],[-97.12511,20.21609],[-97.12498,20.21472],[-97.12638,20.21416],[-97.12216,20.21345],[-97.1227,20.212],[-97.12394,20.21225],[-97.12466,20.21152],[-97.1242,20.20904],[-97.12479,20.2097],[-97.12696,20.20948],[-97.12702,20.21032],[-97.1285,20.20987],[-97.12887,20.20896],[-97.12789,20.2088],[-97.12863,20.20654],[-97.13069,20.20673],[-97.12914,20.20465],[-97.13031,20.20503],[-97.13061,20.20418],[-97.12972,20.20225],[-97.12864,20.20305],[-97.12878,20.20219],[-97.13093,20.20049],[-97.13221,20.20216],[-97.13485,20.20104],[-97.13579,20.20144],[-97.13555,20.19896],[-97.13736,20.19858],[-97.138,20.19711],[-97.1372,20.19559],[-97.13947,20.19536],[-97.13779,20.19426],[-97.13943,20.19297],[-97.1378,20.1896],[-97.14123,20.18669],[-97.14283,20.17932],[-97.14329,20.17172],[-97.1452,20.16586],[-97.14654,20.16523],[-97.14688,20.16392],[-97.14618,20.16379],[-97.14787,20.16333],[-97.14689,20.16228],[-97.14866,20.1618],[-97.1485,20.16041],[-97.15278,20.15999],[-97.16101,20.16072],[-97.16191,20.15653],[-97.16126,20.15622],[-97.16209,20.15595],[-97.16441,20.15183],[-97.22851,20.17262],[-97.22861,20.172],[-97.23196,20.17195],[-97.24239,20.17448],[-97.24332,20.17511],[-97.2425,20.17804],[-97.24371,20.17855],[-97.24278,20.17963],[-97.2441,20.18031],[-97.24404,20.18228],[-97.24551,20.18095],[-97.24629,20.18129],[-97.24856,20.18024],[-97.25055,20.17808],[-97.25483,20.1773],[-97.25607,20.17969],[-97.25962,20.18055],[-97.25949,20.17828],[-97.26193,20.17755],[-97.26362,20.17812],[-97.26512,20.1806],[-97.26786,20.18182],[-97.26777,20.18495],[-97.26962,20.18516],[-97.26949,20.18745],[-97.27078,20.18745],[-97.27576,20.18301],[-97.27737,20.18387],[-97.27915,20.18302],[-97.27988,20.18132],[-97.28234,20.18109],[-97.28336,20.18134],[-97.28291,20.18544],[-97.28434,20.18918],[-97.28568,20.18974],[-97.28528,20.19073],[-97.28676,20.19121],[-97.28957,20.19062],[-97.29126,20.18779],[-97.2914,20.18575],[-97.28961,20.18439],[-97.28879,20.17747],[-97.28515,20.17762],[-97.28237,20.17459],[-97.2858,20.16719],[-97.28909,20.16302],[-97.28244,20.15698],[-97.28669,20.15443],[-97.28951,20.14624],[-97.28721,20.14517],[-97.28413,20.14055],[-97.2859,20.13838],[-97.28547,20.13564],[-97.28769,20.13197],[-97.28768,20.12971],[-97.28642,20.12773],[-97.28744,20.12511],[-97.28556,20.12378],[-97.28049,20.12291],[-97.28067,20.12075],[-97.27581,20.11837],[-97.27451,20.11333],[-97.26966,20.10693],[-97.26673,20.10466],[-97.2656,20.09968],[-97.26389,20.09754],[-97.26353,20.09431],[-97.26755,20.08712],[-97.27357,20.0866],[-97.27727,20.08291],[-97.28639,20.08328],[-97.29045,20.08188],[-97.29521,20.07943],[-97.29475,20.0776],[-97.2962,20.076],[-97.30088,20.07487],[-97.30102,20.07287],[-97.3037,20.07281],[-97.30329,20.07034],[-97.30544,20.06838],[-97.30589,20.05943],[-97.30399,20.05708],[-97.30414,20.05495],[-97.30183,20.05381],[-97.30273,20.05033],[-97.30449,20.04854],[-97.30481,20.04466],[-97.307,20.04236],[-97.31028,20.03475],[-97.30889,20.03332],[-97.30893,20.03094],[-97.3071,20.02933],[-97.30791,20.02666],[-97.30737,20.02492],[-97.30888,20.0245],[-97.30959,20.02324],[-97.30758,20.02224],[-97.30735,20.01879],[-97.30445,20.01635],[-97.30461,20.01214],[-97.30357,20.0095],[-97.29706,20.01375],[-97.29543,20.0162],[-97.29472,20.01992],[-97.29242,20.0212],[-97.28998,20.0291],[-97.28652,20.03109],[-97.28186,20.03137],[-97.27999,20.03566],[-97.27482,20.03848],[-97.27009,20.05097],[-97.26495,20.05645],[-97.26472,20.05747],[-97.26559,20.05854],[-97.25763,20.05574],[-97.25702,20.05632],[-97.25512,20.0547],[-97.25428,20.0559],[-97.25302,20.05637],[-97.25187,20.0558],[-97.25036,20.05711],[-97.25083,20.05577],[-97.24857,20.05528],[-97.24829,20.05367],[-97.24639,20.05402],[-97.24401,20.05249],[-97.24308,20.05291],[-97.23904,20.04825],[-97.23562,20.0473],[-97.2324,20.04545],[-97.23246,20.04453],[-97.22205,20.04259],[-97.21415,20.03999],[-97.21192,20.0398],[-97.21068,20.04118],[-97.209,20.03875],[-97.20871,20.03672],[-97.20716,20.03557],[-97.2067,20.03241],[-97.20454,20.02991],[-97.20373,20.02457],[-97.20586,20.02348],[-97.20595,20.02029],[-97.20781,20.0187],[-97.20683,20.0173],[-97.20716,20.01445],[-97.21029,20.01437],[-97.21349,20.01191],[-97.2251,20.00946],[-97.22336,20.00726],[-97.22378,20.00494],[-97.22575,20.00361],[-97.22529,20.00205],[-97.23133,19.99969],[-97.23269,19.99757],[-97.23469,19.99673],[-97.23542,19.9929],[-97.23817,19.98871],[-97.23997,19.98732],[-97.24503,19.98743],[-97.24636,19.98595],[-97.24821,19.98588],[-97.24962,19.98429],[-97.25279,19.98371],[-97.25889,19.97797],[-97.26067,19.97725],[-97.26163,19.97142],[-97.2637,19.97045],[-97.26448,19.96887],[-97.26342,19.96776],[-97.26539,19.96528],[-97.26634,19.96139],[-97.26873,19.9592],[-97.26755,19.95604],[-97.2684,19.95415],[-97.26784,19.95179],[-97.26925,19.94703],[-97.26357,19.94441],[-97.26338,19.9426],[-97.26222,19.94131],[-97.26224,19.93864],[-97.25979,19.93722],[-97.2606,19.93516],[-97.25879,19.93311],[-97.25581,19.93246],[-97.26316,19.92249],[-97.26669,19.92043],[-97.26775,19.9212],[-97.27012,19.92074],[-97.27038,19.91957],[-97.27136,19.91923],[-97.27138,19.9153],[-97.27299,19.91761],[-97.27328,19.91587],[-97.27462,19.91482],[-97.27537,19.91617],[-97.27688,19.91625],[-97.28097,19.91235],[-97.28156,19.90712],[-97.2832,19.90721],[-97.2841,19.90537],[-97.28627,19.90516],[-97.28569,19.90337],[-97.28644,19.90156],[-97.28849,19.90224],[-97.28869,19.90382],[-97.29017,19.90121],[-97.28979,19.89942],[-97.2905,19.89907],[-97.29182,19.90026],[-97.29089,19.89858],[-97.29185,19.89667],[-97.29336,19.89684],[-97.29335,19.89562],[-97.29471,19.89527],[-97.29425,19.89432],[-97.29527,19.89337],[-97.29492,19.89249],[-97.29042,19.89057],[-97.29058,19.88657],[-97.29427,19.88369],[-97.29666,19.88371],[-97.29993,19.8815],[-97.30085,19.87788],[-97.30188,19.87668],[-97.30479,19.8767],[-97.30834,19.87517],[-97.31104,19.87564],[-97.31445,19.87297],[-97.31756,19.86903],[-97.32054,19.86238],[-97.31907,19.85523],[-97.31993,19.85424],[-97.32137,19.84771],[-97.32097,19.84467],[-97.32022,19.84414],[-97.32055,19.84269],[-97.3197,19.8427],[-97.31778,19.83943],[-97.31913,19.83858],[-97.3186,19.83703],[-97.32115,19.83295],[-97.32714,19.82709],[-97.32279,19.82574],[-97.32181,19.82474],[-97.32189,19.8211],[-97.32346,19.81786],[-97.32503,19.81668],[-97.32499,19.81538],[-97.32949,19.81392],[-97.33381,19.8109],[-97.33755,19.80439],[-97.34151,19.80512],[-97.3452,19.80219],[-97.35071,19.79342],[-97.35048,19.79131],[-97.35215,19.79081],[-97.35166,19.79014],[-97.3531,19.79029],[-97.35584,19.78551],[-97.36009,19.78323],[-97.36094,19.78167],[-97.36222,19.78147],[-97.36238,19.77834],[-97.36155,19.77809],[-97.36704,19.77605],[-97.36811,19.778],[-97.37179,19.77566],[-97.37329,19.77651],[-97.37273,19.77945],[-97.37501,19.78024],[-97.37533,19.78114],[-97.37723,19.77688],[-97.37675,19.77486],[-97.37882,19.77125],[-97.3784,19.76825],[-97.38196,19.76987],[-97.384,19.77214],[-97.38411,19.77373],[-97.38683,19.77446],[-97.38992,19.77197],[-97.39083,19.76774],[-97.39257,19.76704],[-97.39448,19.75795],[-97.39955,19.75],[-97.4016,19.73692],[-97.40512,19.72308],[-97.40388,19.72248],[-97.40434,19.72188],[-97.40312,19.71904],[-97.40471,19.71633],[-97.40489,19.71041],[-97.41095,19.7019],[-97.39786,19.69482],[-97.40229,19.68365],[-97.40213,19.67813],[-97.40566,19.6786],[-97.42805,19.67259],[-97.43355,19.66834],[-97.43353,19.66745],[-97.4426,19.66356],[-97.44223,19.66267],[-97.44433,19.66097],[-97.44609,19.66088],[-97.44803,19.66293],[-97.44865,19.66129],[-97.44772,19.65867],[-97.44836,19.65784],[-97.44723,19.65712],[-97.44761,19.65568],[-97.44883,19.65648],[-97.45811,19.64812],[-97.46102,19.64745],[-97.46775,19.64918],[-97.47083,19.64471],[-97.47362,19.64341],[-97.47501,19.64087],[-97.47741,19.64255],[-97.4787,19.64249],[-97.47996,19.64413],[-97.48323,19.64234],[-97.48727,19.64831],[-97.48748,19.65155],[-97.4943,19.65368],[-97.4972,19.6599],[-97.49669,19.66156],[-97.49423,19.66421],[-97.49645,19.66518],[-97.49901,19.66865],[-97.49972,19.67925],[-97.49914,19.68168],[-97.49755,19.6839],[-97.50071,19.68538],[-97.50251,19.69023],[-97.50338,19.6899],[-97.50167,19.70178],[-97.50639,19.70513],[-97.50921,19.70613],[-97.51092,19.70571],[-97.5106,19.70342],[-97.51341,19.69995],[-97.5168,19.68881],[-97.51757,19.68863],[-97.52336,19.69244],[-97.5246,19.69001],[-97.52882,19.69165],[-97.53137,19.68994],[-97.53383,19.68503],[-97.5435,19.68096],[-97.54668,19.68036],[-97.55,19.68136],[-97.55142,19.6793],[-97.55884,19.6763],[-97.56197,19.67198],[-97.58235,19.65485],[-97.59894,19.63654],[-97.59956,19.63766],[-97.59831,19.63894],[-97.59994,19.64011],[-97.59859,19.64138],[-97.59935,19.64192],[-97.59814,19.64327],[-97.59972,19.64445],[-97.5983,19.6457],[-97.59974,19.64683],[-97.59844,19.64818],[-97.59998,19.64935],[-97.59792,19.65253],[-97.60049,19.65413],[-97.59913,19.65545],[-97.5992,19.66259],[-97.59846,19.66395],[-97.59991,19.66447],[-97.59876,19.66725],[-97.60024,19.66781],[-97.59853,19.6719],[-97.6,19.67246],[-97.59927,19.67552],[-97.60025,19.67591],[-97.59849,19.68005],[-97.59997,19.68064],[-97.59816,19.68486],[-97.59951,19.68537],[-97.59846,19.68821],[-97.59992,19.68878],[-97.60064,19.68545],[-97.60227,19.68617],[-97.60292,19.68198],[-97.60433,19.68226],[-97.60472,19.67984],[-97.60639,19.67842],[-97.61067,19.68079],[-97.60828,19.69056],[-97.61327,19.68851],[-97.61554,19.68697],[-97.62134,19.67606],[-97.62,19.67105],[-97.62102,19.66619],[-97.61903,19.65875],[-97.6193,19.65519],[-97.6268,19.64081],[-97.65529,19.64087],[-97.66771,19.64964],[-97.67048,19.65364],[-97.6798,19.63826],[-97.68059,19.64027],[-97.68331,19.64263],[-97.68617,19.64355],[-97.68427,19.63578],[-97.68479,19.63432],[-97.68427,19.632],[-97.68747,19.62707],[-97.68903,19.62139],[-97.69197,19.61971],[-97.69206,19.61896],[-97.69305,19.61933],[-97.6933,19.61787],[-97.69499,19.61818],[-97.69618,19.62174],[-97.705,19.61921],[-97.70174,19.61051],[-97.69853,19.60987],[-97.69445,19.61285],[-97.69208,19.60741],[-97.6923,19.60421],[-97.69414,19.60286],[-97.69415,19.60202],[-97.6957,19.60258],[-97.69618,19.60112],[-97.69746,19.60062],[-97.69768,19.60155],[-97.69778,19.60061],[-97.70123,19.59844],[-97.70828,19.59572],[-97.71156,19.59319],[-97.71213,19.59009],[-97.71359,19.58931],[-97.71341,19.58672],[-97.71593,19.58358],[-97.71616,19.58145],[-97.71549,19.58029],[-97.71651,19.57588],[-97.714,19.57287],[-97.71758,19.56494],[-97.72237,19.56483],[-97.72762,19.561],[-97.73037,19.5601],[-97.73161,19.55843],[-97.73023,19.55753],[-97.72832,19.55868],[-97.72663,19.55766],[-97.72614,19.55562],[-97.72475,19.55512],[-97.72155,19.55544],[-97.7189,19.55466],[-97.71671,19.55248],[-97.71646,19.5507],[-97.71289,19.54868],[-97.71525,19.54631],[-97.715,19.54398],[-97.71609,19.54154],[-97.71546,19.53904],[-97.71813,19.54012],[-97.72259,19.53578],[-97.72269,19.53394],[-97.72114,19.53134],[-97.72506,19.52932],[-97.72504,19.53033],[-97.72738,19.52974],[-97.72843,19.53135],[-97.73065,19.53028],[-97.73075,19.53193],[-97.73498,19.53328],[-97.73747,19.53372],[-97.74027,19.53258],[-97.7427,19.53552],[-97.74397,19.53598],[-97.74391,19.53754],[-97.74602,19.53887],[-97.74721,19.54081],[-97.74805,19.53977],[-97.74923,19.54047],[-97.74992,19.54243],[-97.75116,19.5396],[-97.75541,19.54254],[-97.75809,19.54144],[-97.75822,19.53994],[-97.76062,19.53977],[-97.76071,19.53867],[-97.77135,19.53525],[-97.78306,19.53392],[-97.78697,19.53118],[-97.79315,19.50953],[-97.79043,19.50528],[-97.79227,19.5029],[-97.79415,19.502],[-97.79454,19.49837],[-97.80546,19.48947],[-97.81257,19.48686],[-97.81475,19.48252],[-97.83062,19.47532],[-97.83987,19.47218],[-97.84611,19.46883],[-97.85232,19.46206],[-97.85393,19.4583],[-97.8576,19.45647],[-97.85942,19.45435],[-97.86227,19.45618],[-97.86082,19.45985],[-97.85748,19.46479],[-97.85384,19.46787],[-97.8521,19.46807],[-97.85093,19.47094],[-97.84902,19.4714],[-97.84867,19.47322],[-97.84735,19.474],[-97.84792,19.48037],[-97.84944,19.48395],[-97.8519,19.48747],[-97.85408,19.48874],[-97.85817,19.49313],[-97.86202,19.49462],[-97.86273,19.49599],[-97.87191,19.49855],[-97.87086,19.50023],[-97.87399,19.50293],[-97.87517,19.50332],[-97.87576,19.50229],[-97.87759,19.50269],[-97.88149,19.4998],[-97.88975,19.50458],[-97.88862,19.50735],[-97.88903,19.5084],[-97.88818,19.50917],[-97.88846,19.51166],[-97.88732,19.51642],[-97.88644,19.51681],[-97.88752,19.51764],[-97.88081,19.52299],[-97.87794,19.5241],[-97.87168,19.53215],[-97.86947,19.54307],[-97.87027,19.54617],[-97.86833,19.55349],[-97.87015,19.55915],[-97.87244,19.56196],[-97.87583,19.56382],[-97.87855,19.56906],[-97.88175,19.57181],[-97.88438,19.57236],[-97.88633,19.57142],[-97.88961,19.57328],[-97.89265,19.57283],[-97.89823,19.57706],[-97.90822,19.5795],[-97.91159,19.58409],[-97.91167,19.58789],[-97.91272,19.58992],[-97.91582,19.59266],[-97.91623,19.59393],[-97.91721,19.59251],[-97.91931,19.59221],[-97.92159,19.59038],[-97.92412,19.5903],[-97.92494,19.5885],[-97.9271,19.58975],[-97.93226,19.58726],[-97.93544,19.58847],[-97.93887,19.58734],[-97.9403,19.58847],[-97.94302,19.58593],[-97.94659,19.58552],[-97.9485,19.58758],[-97.94845,19.589],[-97.95013,19.58974],[-97.95074,19.59336],[-97.94926,19.59706],[-97.95046,19.60264],[-97.95386,19.60423],[-97.95377,19.60511],[-97.95709,19.60868],[-97.95764,19.61151],[-97.96044,19.61164],[-97.96463,19.61413],[-97.96605,19.61726],[-97.96785,19.61901],[-97.96885,19.61888],[-97.96792,19.62471],[-97.97808,19.6261],[-97.97995,19.62831],[-97.98381,19.62937],[-97.98974,19.62957],[-97.99109,19.62898],[-97.99589,19.62986],[-98.0011,19.63211],[-98.00398,19.63202],[-98.04221,19.64022],[-98.03788,19.64847],[-98.036,19.66508],[-98.03695,19.67183],[-98.03601,19.67768],[-98.03676,19.68179],[-98.03638,19.68552],[-98.03735,19.68817],[-98.03984,19.68951],[-98.04007,19.69959],[-98.03863,19.69883],[-98.03626,19.69926],[-98.03503,19.69829],[-98.0296,19.70139],[-98.02698,19.70551],[-98.024,19.70768],[-98.02341,19.71281],[-98.02087,19.71443],[-98.02143,19.71759],[-98.01773,19.72342],[-98.01296,19.72599],[-98.01266,19.72703],[-98.01018,19.7263],[-98.00884,19.72682],[-98.00533,19.72384],[-97.99971,19.72162],[-97.99201,19.71675],[-97.98644,19.71463],[-97.97854,19.70494],[-97.96652,19.70254],[-97.96586,19.70583],[-97.96208,19.70838],[-97.96069,19.71047],[-97.95361,19.70968],[-97.95193,19.71106],[-97.94856,19.71189],[-97.94678,19.71177],[-97.94558,19.71073],[-97.94475,19.71142],[-97.94136,19.71146],[-97.9401,19.71229],[-97.94182,19.71838],[-97.93502,19.71863],[-97.93057,19.72133],[-97.92176,19.72445],[-97.91967,19.72404],[-97.92025,19.72163],[-97.91851,19.72625],[-97.9176,19.72591],[-97.91906,19.72181],[-97.918,19.72345],[-97.91623,19.72281],[-97.91558,19.72444],[-97.9146,19.72285],[-97.91391,19.72459],[-97.91178,19.72289],[-97.90735,19.72412],[-97.90654,19.72213],[-97.90361,19.72031],[-97.90318,19.72264],[-97.90377,19.72454],[-97.90128,19.723],[-97.90016,19.72549],[-97.90106,19.72598],[-97.9006,19.72706],[-97.90122,19.72961],[-97.89827,19.7311],[-97.89719,19.73003],[-97.89621,19.73104],[-97.89599,19.72857],[-97.89083,19.72412],[-97.88985,19.72242],[-97.88494,19.71887],[-97.88044,19.71775],[-97.87807,19.71983],[-97.87907,19.72143],[-97.87917,19.72351],[-97.88055,19.72519],[-97.88037,19.72727],[-97.88237,19.7329],[-97.88454,19.73558],[-97.88508,19.73786],[-97.88384,19.73835],[-97.87535,19.73401],[-97.87353,19.73417],[-97.87154,19.73214],[-97.8634,19.73655],[-97.85719,19.7414],[-97.85467,19.73901],[-97.85337,19.74037],[-97.85192,19.73838],[-97.85039,19.73836],[-97.85113,19.73954],[-97.85105,19.74314],[-97.84898,19.75223],[-97.85054,19.754],[-97.84878,19.7579],[-97.84574,19.76036],[-97.84583,19.76343],[-97.84713,19.76527],[-97.84603,19.76701],[-97.84644,19.76995],[-97.84876,19.77199],[-97.85172,19.77282],[-97.85403,19.77494],[-97.85537,19.7752],[-97.85419,19.77603],[-97.85421,19.77714],[-97.85554,19.7775],[-97.85765,19.78069],[-97.85842,19.78032],[-97.85924,19.78098],[-97.85972,19.78662],[-97.86187,19.79134],[-97.86602,19.79443],[-97.87133,19.80023],[-97.87287,19.80009],[-97.87431,19.80128],[-97.87603,19.7991],[-97.8766,19.79978],[-97.87805,19.79799],[-97.87883,19.79901],[-97.87872,19.80115],[-97.87952,19.80127],[-97.88038,19.79947],[-97.88492,19.79901],[-97.88319,19.80433],[-97.88933,19.80253],[-97.89098,19.80429],[-97.89261,19.80717],[-97.8942,19.80832],[-97.89926,19.82185],[-97.89672,19.82339],[-97.89094,19.8239],[-97.89282,19.82787],[-97.89207,19.82984],[-97.89102,19.83035],[-97.89901,19.83081],[-97.89233,19.83566],[-97.89573,19.8377],[-97.90426,19.83615],[-97.90846,19.83751],[-97.91252,19.8401],[-97.91057,19.84306],[-97.9114,19.84659],[-97.91427,19.84606],[-97.92258,19.84174],[-97.92534,19.83801],[-97.92736,19.83718],[-97.92655,19.83566],[-97.9285,19.83049],[-97.9314,19.82946],[-97.93757,19.82901],[-97.94086,19.83218],[-97.9406,19.83278],[-97.94424,19.83486],[-97.94431,19.84167],[-97.94866,19.8451],[-97.94643,19.84898],[-97.94223,19.85233],[-97.94553,19.85736],[-97.95215,19.85722],[-97.96072,19.85322],[-97.96095,19.85191],[-97.96489,19.85003],[-97.96539,19.8449],[-97.96782,19.84475],[-97.96894,19.84539],[-97.97003,19.84764],[-97.9675,19.84929],[-97.96952,19.85161],[-97.9734,19.85242],[-97.97594,19.85426],[-97.97872,19.85252],[-97.98344,19.85632],[-97.98264,19.85754],[-97.98406,19.85822],[-97.98553,19.85696],[-97.98728,19.85994],[-97.98996,19.86005],[-97.99061,19.85913],[-97.99354,19.85848],[-97.99445,19.86065],[-97.99542,19.85995],[-97.99603,19.86049],[-97.99819,19.86007],[-98.00266,19.86533],[-98.00204,19.86627],[-98.00559,19.86998],[-98.01221,19.86527],[-98.01366,19.86771],[-98.01554,19.869],[-98.01896,19.86766],[-98.02198,19.86774],[-98.02224,19.86939],[-98.02551,19.87137],[-98.02406,19.87216],[-98.02481,19.87296],[-98.02392,19.87478],[-98.02357,19.87975],[-98.02452,19.8834],[-98.02617,19.88434],[-98.0265,19.88616],[-98.02506,19.88724],[-98.02508,19.88886],[-98.02346,19.89057],[-98.023,19.89615],[-98.0261,19.89863],[-98.02836,19.89803],[-98.03078,19.89891],[-98.03433,19.9041],[-98.03639,19.9055],[-98.03877,19.90159],[-98.04623,19.90239],[-98.04665,19.90142],[-98.04841,19.90094],[-98.04908,19.89935],[-98.05085,19.89886],[-98.05047,19.89634],[-98.05147,19.89508],[-98.05404,19.89559],[-98.05381,19.89937],[-98.05625,19.90057],[-98.05719,19.90227],[-98.05688,19.9031],[-98.05947,19.90405],[-98.05994,19.90716],[-98.06437,19.91087],[-98.06415,19.91457],[-98.06642,19.91929],[-98.06581,19.91889],[-98.06357,19.91995],[-98.06405,19.92241],[-98.06591,19.92187],[-98.06668,19.9239],[-98.07068,19.9221],[-98.07115,19.92386],[-98.07186,19.92388],[-98.07344,19.93224],[-98.07706,19.93504],[-98.07807,19.93772],[-98.07726,19.94125],[-98.07815,19.9426],[-98.07989,19.94331],[-98.07983,19.946],[-98.08226,19.95261],[-98.08754,19.95076],[-98.0893,19.95605],[-98.09221,19.95506],[-98.09438,19.95893],[-98.10047,19.957],[-98.10147,19.96044],[-98.10536,19.96418],[-98.10955,19.96527],[-98.10936,19.96454],[-98.11244,19.9626],[-98.11587,19.96498],[-98.11637,19.96272],[-98.11769,19.96378],[-98.1178,19.96619],[-98.11911,19.96589],[-98.12041,19.96803],[-98.12226,19.96869],[-98.12309,19.97052],[-98.12424,19.97074],[-98.1301,19.96894],[-98.13467,19.96424],[-98.13554,19.95877],[-98.13713,19.95597],[-98.13848,19.95588],[-98.1382,19.95714],[-98.13958,19.95759],[-98.14036,19.95516],[-98.14132,19.9557],[-98.14248,19.95461],[-98.14349,19.9548],[-98.1446,19.95334],[-98.14614,19.95326],[-98.14747,19.95204],[-98.1487,19.95253],[-98.14835,19.95175],[-98.14925,19.95144],[-98.15088,19.95271],[-98.1519,19.95046],[-98.15329,19.95048],[-98.15288,19.95307],[-98.15532,19.96228],[-98.15539,19.96585],[-98.15712,19.96705],[-98.15432,19.97036],[-98.15516,19.97307],[-98.15768,19.97531],[-98.15908,19.97518],[-98.15763,19.9722],[-98.15876,19.97166],[-98.15804,19.97124],[-98.15881,19.97074],[-98.16222,19.96994],[-98.16288,19.97056],[-98.16362,19.97005],[-98.16494,19.97163],[-98.16607,19.97063],[-98.16659,19.97112],[-98.16698,19.9718],[-98.16422,19.97456],[-98.16362,19.97627],[-98.16244,19.97555],[-98.16043,19.97813],[-98.16399,19.98233],[-98.16469,19.98585],[-98.16714,19.98755],[-98.16795,19.99053],[-98.1742,19.99745],[-98.17254,20.00274],[-98.17145,20.00245],[-98.17077,20.00585],[-98.16946,20.0057],[-98.17094,20.00824],[-98.17101,20.01019],[-98.16976,20.01303],[-98.16496,20.01925],[-98.16396,20.02246],[-98.175,20.0296],[-98.17361,20.03375],[-98.17176,20.03502],[-98.17007,20.03417],[-98.16724,20.0342],[-98.16663,20.03213],[-98.16307,20.02934],[-98.1627,20.03104],[-98.16159,20.03159],[-98.15504,20.03264],[-98.15554,20.03168],[-98.15692,20.03167],[-98.15698,20.03081],[-98.15524,20.03017],[-98.15431,20.02882],[-98.15443,20.02714],[-98.15368,20.02713],[-98.15365,20.02602],[-98.1527,20.02621],[-98.15357,20.02411],[-98.15335,20.02181],[-98.15049,20.01326],[-98.14842,20.01406],[-98.1482,20.01117],[-98.14416,20.01113],[-98.1371,20.00628],[-98.1345,20.00602],[-98.13325,20.00977],[-98.13454,20.01095],[-98.13465,20.01367],[-98.13584,20.01541],[-98.13512,20.01614],[-98.13554,20.01727],[-98.13101,20.01888],[-98.12716,20.02333],[-98.12604,20.02552],[-98.12555,20.03079],[-98.12347,20.02771],[-98.12112,20.02589],[-98.1216,20.02918],[-98.11628,20.02708],[-98.11319,20.02855],[-98.11245,20.02789],[-98.11169,20.0299],[-98.10953,20.0306],[-98.11034,20.03519],[-98.10877,20.03464],[-98.10684,20.03509],[-98.10328,20.03884],[-98.10349,20.04032],[-98.09864,20.04161],[-98.09893,20.04262],[-98.10221,20.04469],[-98.10409,20.04699],[-98.10391,20.0569],[-98.10304,20.05723],[-98.10106,20.06249],[-98.09856,20.08055],[-98.09139,20.08007],[-98.08772,20.09215],[-98.093,20.09418],[-98.09518,20.09769],[-98.09643,20.10247],[-98.09767,20.10221],[-98.10195,20.10371],[-98.10211,20.10274],[-98.10331,20.10363],[-98.10414,20.1029],[-98.10361,20.10251],[-98.10527,20.10011],[-98.10597,20.10038],[-98.10952,20.09509],[-98.11105,20.09411],[-98.11114,20.09288],[-98.11395,20.09072],[-98.11128,20.09425],[-98.11208,20.09576],[-98.11099,20.09649],[-98.11093,20.09883],[-98.1115,20.09932],[-98.11329,20.09847],[-98.11387,20.09944],[-98.11456,20.0979],[-98.11629,20.09795],[-98.11703,20.09717],[-98.12827,20.1072],[-98.13157,20.10754],[-98.13342,20.10473],[-98.13835,20.10513],[-98.13998,20.10426],[-98.14047,20.10333],[-98.13991,20.10181],[-98.1423,20.09993],[-98.14271,20.09829],[-98.14362,20.09917],[-98.14576,20.09734],[-98.14914,20.09798],[-98.14946,20.09679],[-98.15671,20.09494],[-98.15924,20.09305],[-98.1597,20.09257],[-98.15887,20.09175],[-98.16027,20.09018],[-98.15708,20.08613],[-98.15774,20.0842],[-98.15866,20.08513],[-98.16106,20.08543],[-98.16399,20.08448],[-98.16477,20.08569],[-98.17241,20.08431],[-98.17431,20.08148],[-98.17824,20.07948],[-98.18097,20.07646],[-98.18465,20.07779],[-98.18827,20.07787],[-98.1908,20.07915],[-98.19472,20.07877],[-98.197,20.08188],[-98.19675,20.08414],[-98.19988,20.08404],[-98.2065,20.08062],[-98.2184,20.07979],[-98.22035,20.07044],[-98.23285,20.0719],[-98.23161,20.0817],[-98.24265,20.08639],[-98.24603,20.08443],[-98.25109,20.08442],[-98.26351,20.0732],[-98.26361,20.07614],[-98.26671,20.08061],[-98.26866,20.08198],[-98.26972,20.08168],[-98.27036,20.08018],[-98.26954,20.07772],[-98.27034,20.07688],[-98.26941,20.07508],[-98.27275,20.07637],[-98.2755,20.07915],[-98.27488,20.083],[-98.2763,20.08695],[-98.27127,20.08976],[-98.27054,20.09087],[-98.26855,20.08972],[-98.26761,20.09192],[-98.264,20.0946],[-98.2649,20.09458],[-98.26361,20.09553],[-98.26059,20.10151],[-98.2575,20.10036],[-98.25599,20.10069],[-98.25617,20.10153],[-98.25457,20.10247],[-98.25515,20.10761],[-98.25315,20.11071],[-98.24955,20.11114],[-98.24748,20.11059],[-98.24666,20.131],[-98.24839,20.13253],[-98.25062,20.13775],[-98.25246,20.13868],[-98.25227,20.14343],[-98.25604,20.14712],[-98.2568,20.14958],[-98.26175,20.15225],[-98.26403,20.1551],[-98.26831,20.15582],[-98.27218,20.16779],[-98.27562,20.16659],[-98.27688,20.16276],[-98.27777,20.16301],[-98.28238,20.17644],[-98.28544,20.17568],[-98.28783,20.17408],[-98.28886,20.17462],[-98.29031,20.17814],[-98.28389,20.1821],[-98.2863,20.18313],[-98.28712,20.18469],[-98.29071,20.185],[-98.29173,20.18923],[-98.29119,20.19091],[-98.29266,20.19337],[-98.28889,20.1956],[-98.28765,20.19413],[-98.28495,20.19458],[-98.28044,20.19209],[-98.27296,20.19582],[-98.27222,20.19725],[-98.27703,20.20259],[-98.27626,20.20516],[-98.2706,20.20842],[-98.26677,20.20749],[-98.26587,20.21033],[-98.26124,20.21448],[-98.25326,20.21816],[-98.24329,20.21822],[-98.24127,20.22193],[-98.2356,20.22382],[-98.23477,20.23176],[-98.22959,20.23639],[-98.22139,20.2365],[-98.21677,20.23813],[-98.21321,20.23416],[-98.20995,20.23656],[-98.20828,20.23954],[-98.20961,20.24258],[-98.20937,20.24394],[-98.20633,20.24545],[-98.2048,20.24502],[-98.20459,20.24664],[-98.20344,20.24634],[-98.20254,20.24839],[-98.19962,20.25006],[-98.20052,20.25056],[-98.19841,20.2522],[-98.19784,20.25398],[-98.19537,20.25429],[-98.19408,20.25655],[-98.19197,20.25814],[-98.19189,20.25969],[-98.19861,20.26334],[-98.19803,20.27636],[-98.19041,20.27553],[-98.18341,20.27348],[-98.18292,20.27813],[-98.18344,20.28246],[-98.19029,20.29402],[-98.18952,20.29449],[-98.18759,20.29365],[-98.18609,20.29493],[-98.18434,20.29414],[-98.18333,20.2949],[-98.1793,20.29376],[-98.17807,20.29483],[-98.17813,20.29726],[-98.17983,20.29949],[-98.18042,20.30345],[-98.1787,20.30513],[-98.17881,20.30805],[-98.17792,20.30941],[-98.17954,20.31279],[-98.17787,20.32046],[-98.17967,20.32685],[-98.17924,20.33236],[-98.18176,20.33628],[-98.17615,20.33522],[-98.17192,20.33343],[-98.16325,20.32785],[-98.15761,20.33245],[-98.14661,20.33026],[-98.14265,20.33197],[-98.14337,20.33355],[-98.14541,20.33376],[-98.14501,20.33478],[-98.13916,20.3327],[-98.1341,20.33436],[-98.13153,20.33653],[-98.12684,20.33623],[-98.12424,20.34148],[-98.12719,20.34439],[-98.12618,20.3463],[-98.124,20.3485],[-98.12055,20.34937],[-98.11921,20.35048],[-98.11741,20.35015],[-98.11736,20.35099],[-98.11624,20.35104],[-98.11654,20.35255],[-98.11557,20.3538],[-98.1125,20.3543],[-98.11333,20.3609],[-98.11565,20.36311],[-98.11105,20.36631],[-98.10674,20.36812],[-98.10839,20.37396],[-98.10678,20.37375],[-98.10188,20.37522],[-98.1015,20.38088],[-98.09389,20.38663],[-98.09175,20.38681],[-98.08938,20.38907],[-98.08865,20.39042],[-98.08838,20.3964],[-98.07732,20.40312],[-98.07687,20.40703],[-98.07904,20.40893],[-98.07642,20.41214],[-98.0727,20.41443],[-98.07189,20.4164],[-98.07611,20.41769],[-98.07685,20.41887],[-98.0766,20.42081],[-98.07428,20.42161],[-98.07048,20.43027],[-98.06815,20.43136],[-98.06344,20.43588],[-98.06127,20.43549],[-98.05699,20.43875],[-98.05362,20.43859],[-98.052,20.44188],[-98.04681,20.43689],[-98.04455,20.43663],[-98.04279,20.44057],[-98.03999,20.44019],[-98.03725,20.44455],[-98.03413,20.44579],[-98.03385,20.44769],[-98.02475,20.44861],[-98.02294,20.44966],[-98.02195,20.44889],[-98.02002,20.44997],[-98.01709,20.45474],[-98.01304,20.45473],[-98.01138,20.45577],[-98.01171,20.45646],[-98.01397,20.45639],[-98.01359,20.4578],[-98.01208,20.45842],[-98.01497,20.45919],[-98.01156,20.46123],[-98.01195,20.46363],[-98.01407,20.46621],[-98.01276,20.46673],[-98.0133,20.46832],[-98.01169,20.46957],[-98.01192,20.471],[-98.00834,20.47475],[-98.00886,20.48254],[-98.00457,20.48315],[-97.99985,20.48254],[-97.99793,20.48438],[-97.99934,20.48626],[-97.99901,20.48712],[-97.99367,20.48491],[-97.99194,20.49282],[-97.98879,20.49539],[-97.99005,20.49791],[-97.99291,20.49961],[-97.99333,20.50253],[-97.99706,20.50415],[-97.99743,20.5061],[-97.99288,20.50763],[-97.99159,20.51305],[-97.98934,20.51545],[-97.98553,20.51546],[-97.98504,20.51704],[-97.97933,20.51493],[-97.97263,20.5232],[-97.98153,20.52568],[-97.98082,20.54071],[-97.95631,20.55686],[-97.95022,20.55896],[-97.94311,20.56261],[-97.93742,20.56917],[-97.93643,20.56947],[-97.93507,20.56758],[-97.93273,20.56931],[-97.93025,20.56985],[-97.92729,20.57189],[-97.92768,20.57327],[-97.92373,20.57503],[-97.92324,20.57702],[-97.92173,20.57807],[-97.92119,20.57954],[-97.91927,20.58018],[-97.91569,20.58355],[-97.91478,20.5865],[-97.91264,20.58716],[-97.91096,20.58614],[-97.90962,20.58648],[-97.91088,20.59353],[-97.90774,20.59467],[-97.9057,20.60128],[-97.90654,20.6038],[-97.90565,20.60533],[-97.90876,20.60813],[-97.90485,20.60978],[-97.89719,20.61913],[-97.89497,20.6239],[-97.90006,20.63313],[-97.90015,20.63757],[-97.90158,20.64074],[-97.9051,20.6424],[-97.90808,20.64509],[-97.90873,20.64624],[-97.90851,20.64988],[-97.91184,20.65352],[-97.91133,20.6552],[-97.90901,20.65728],[-97.90957,20.65874],[-97.90847,20.66],[-97.90778,20.66408],[-97.90877,20.66716],[-97.91333,20.67197],[-97.91783,20.67124],[-97.91783,20.67394],[-97.91627,20.67915],[-97.91561,20.6794],[-97.91624,20.67969],[-97.91589,20.68105],[-97.91318,20.68409],[-97.91437,20.68721],[-97.91373,20.68916],[-97.9118,20.69052],[-97.90966,20.69008],[-97.90627,20.69071],[-97.90186,20.6977],[-97.89813,20.69945],[-97.89743,20.70321],[-97.92245,20.71652],[-97.90367,20.775],[-97.90081,20.77964],[-97.88864,20.81462],[-97.88407,20.82533],[-97.87912,20.83428],[-97.87529,20.83385],[-97.87077,20.83134],[-97.86174,20.83537],[-97.85781,20.83482],[-97.85576,20.83319],[-97.85287,20.83287],[-97.85138,20.83545],[-97.84535,20.83977],[-97.84109,20.83931],[-97.83892,20.8365],[-97.84355,20.83138],[-97.84414,20.8283],[-97.84308,20.82445],[-97.84653,20.82113],[-97.84942,20.81967],[-97.85012,20.81692],[-97.84843,20.81592],[-97.84637,20.81669],[-97.84261,20.81648],[-97.84024,20.8148],[-97.83786,20.81464],[-97.83738,20.81262],[-97.83093,20.81268],[-97.83025,20.812],[-97.83215,20.80966],[-97.83025,20.80796],[-97.82405,20.80981],[-97.81658,20.81802],[-97.81377,20.82007],[-97.80896,20.81994],[-97.80717,20.82204],[-97.80603,20.82109],[-97.79951,20.81926],[-97.79906,20.82089],[-97.79718,20.82116],[-97.7904,20.81683],[-97.77704,20.82433],[-97.77388,20.82301],[-97.773,20.8272],[-97.7648,20.82209],[-97.7631,20.81886],[-97.75839,20.819],[-97.75712,20.81758],[-97.75183,20.81493],[-97.74856,20.81471],[-97.74337,20.81597],[-97.74317,20.81737],[-97.73979,20.81558],[-97.73992,20.8178],[-97.73864,20.81799],[-97.73789,20.8162],[-97.73285,20.81416],[-97.73381,20.81129],[-97.72654,20.8101],[-97.72685,20.80901],[-97.72566,20.80805],[-97.72429,20.80773],[-97.71742,20.81103],[-97.7175,20.8095],[-97.71426,20.80999],[-97.71237,20.80962],[-97.71232,20.80857],[-97.69932,20.80763],[-97.69596,20.80379],[-97.69299,20.80741],[-97.69098,20.80704],[-97.68991,20.80564],[-97.69059,20.80422],[-97.68908,20.80375],[-97.68852,20.80486],[-97.6892,20.80523],[-97.68748,20.8057],[-97.68722,20.80655],[-97.68535,20.8067],[-97.68395,20.81042],[-97.68491,20.81164],[-97.68416,20.81249],[-97.68328,20.81208],[-97.68252,20.81476],[-97.68363,20.8177],[-97.68495,20.81818],[-97.68461,20.8196],[-97.6856,20.8207],[-97.68342,20.82105],[-97.67903,20.81907],[-97.67714,20.81935],[-97.67613,20.81776],[-97.67347,20.81651],[-97.66787,20.81534],[-97.66671,20.81589],[-97.66656,20.81523],[-97.66429,20.81545],[-97.66317,20.81193],[-97.65671,20.81452],[-97.65546,20.81193],[-97.65202,20.81335],[-97.64988,20.81268],[-97.65051,20.81178],[-97.64622,20.81036],[-97.64183,20.81521],[-97.64122,20.81457],[-97.63933,20.81477],[-97.63899,20.81571],[-97.63723,20.81563],[-97.63728,20.8165],[-97.63606,20.8163],[-97.63503,20.81722],[-97.63438,20.82131],[-97.63303,20.82165],[-97.6367,20.82248],[-97.63658,20.82519],[-97.63506,20.82496],[-97.63344,20.82587],[-97.63285,20.82755],[-97.63429,20.82783],[-97.63391,20.83016],[-97.63171,20.82957],[-97.63168,20.83026],[-97.63043,20.8305],[-97.62992,20.8296],[-97.62782,20.83038],[-97.62818,20.82981],[-97.62711,20.82816],[-97.62453,20.82862],[-97.6246,20.83052],[-97.62261,20.83079],[-97.62186,20.83311],[-97.62093,20.83363],[-97.61926,20.83251],[-97.61907,20.83034],[-97.61809,20.82959],[-97.61864,20.82884],[-97.61545,20.8291],[-97.61502,20.82723],[-97.61405,20.8275],[-97.61212,20.82605],[-97.61351,20.82306],[-97.61011,20.82098],[-97.6091,20.82127],[-97.60983,20.8198],[-97.60797,20.81964],[-97.60875,20.81698],[-97.60688,20.81717],[-97.60597,20.81593],[-97.60329,20.81582],[-97.60402,20.81251],[-97.60202,20.81312],[-97.59386,20.8121],[-97.5876,20.81269],[-97.58732,20.81192],[-97.58468,20.81262],[-97.58462,20.81374],[-97.58237,20.81479],[-97.58032,20.81358],[-97.5788,20.81365],[-97.57815,20.81247],[-97.57648,20.81196],[-97.57526,20.81359],[-97.57355,20.81279],[-97.57232,20.81409],[-97.57169,20.81874],[-97.57043,20.81876],[-97.56941,20.82081],[-97.56849,20.81759],[-97.56358,20.81912],[-97.55932,20.82677],[-97.55775,20.82461],[-97.55829,20.82168],[-97.55763,20.8208],[-97.55523,20.82042],[-97.55338,20.82135],[-97.55253,20.82117],[-97.55235,20.81965],[-97.54745,20.81954],[-97.54241,20.81827],[-97.54166,20.82223],[-97.53718,20.82187],[-97.53034,20.82333],[-97.52197,20.83152],[-97.52354,20.83289],[-97.52308,20.83401],[-97.52112,20.83569],[-97.5204,20.83747],[-97.51948,20.83766],[-97.52764,20.84477],[-97.5283,20.8441],[-97.52951,20.84656],[-97.52956,20.84902],[-97.52799,20.84912],[-97.52762,20.85029],[-97.52941,20.85054],[-97.52966,20.85392],[-97.5279,20.85786],[-97.52311,20.85703],[-97.52225,20.85423],[-97.52152,20.85842],[-97.52013,20.85874],[-97.51974,20.85975],[-97.51866,20.85946],[-97.5187,20.85832],[-97.51741,20.85803],[-97.51659,20.85678],[-97.51617,20.8543],[-97.51504,20.85493],[-97.51419,20.854],[-97.51305,20.85532],[-97.51537,20.85782],[-97.51381,20.85935],[-97.51138,20.8563],[-97.51201,20.85501],[-97.50917,20.85418],[-97.50927,20.85167],[-97.50756,20.85156],[-97.50642,20.85007],[-97.50771,20.848],[-97.50653,20.84612],[-97.5035,20.84471],[-97.50339,20.84355],[-97.50077,20.84375],[-97.49819,20.8423],[-97.49784,20.83975],[-97.4941,20.8414],[-97.49419,20.84462],[-97.49119,20.84962],[-97.49276,20.85445],[-97.49139,20.85896],[-97.49184,20.8662],[-97.49123,20.86745],[-97.48845,20.86739]]]]}},{"type":"Feature","properties":{"nombre":"Sierra de Juárez"},"geometry":{"type":"MultiPolygon","coordinates":[[[[-96.11552,17.66177],[-96.11893,17.65637],[-96.11811,17.6554],[-96.11671,17.65532],[-96.11556,17.65393],[-96.11409,17.65398],[-96.11266,17.6506],[-96.11018,17.65096],[-96.10602,17.64975],[-96.10427,17.64725],[-96.10122,17.64543],[-96.09747,17.6465],[-96.09479,17.64481],[-96.09233,17.64251],[-96.09072,17.6391],[-96.09083,17.63442],[-96.08828,17.63369],[-96.08677,17.63096],[-96.08734,17.62962],[-96.09143,17.62807],[-96.09368,17.62589],[-96.12748,17.6234],[-96.1085,17.61074],[-96.09927,17.60995],[-96.09239,17.60039],[-96.08541,17.59995],[-96.07174,17.58635],[-96.07631,17.56527],[-96.08353,17.54972],[-96.08696,17.54971],[-96.0812,17.54364],[-96.08402,17.54291],[-96.08554,17.54037],[-96.08926,17.53802],[-96.0889,17.53595],[-96.08752,17.53407],[-96.08768,17.53063],[-96.08564,17.52798],[-96.08826,17.52876],[-96.09023,17.52844],[-96.09146,17.52714],[-96.09206,17.52878],[-96.09284,17.52884],[-96.0959,17.52752],[-96.09741,17.52369],[-96.09753,17.5228],[-96.0961,17.52138],[-96.09753,17.51699],[-96.09745,17.51375],[-96.09513,17.51068],[-96.09028,17.50886],[-96.08855,17.50081],[-96.09063,17.49577],[-96.0979,17.48958],[-96.10085,17.48427],[-96.10138,17.48007],[-96.09961,17.47519],[-96.10066,17.46653],[-96.10306,17.46493],[-96.10333,17.46359],[-96.10784,17.46214],[-96.10913,17.45884],[-96.11085,17.45815],[-96.11008,17.45476],[-96.11328,17.45008],[-96.11436,17.44711],[-96.12237,17.44655],[-96.12627,17.44437],[-96.12625,17.44206],[-96.11761,17.43563],[-96.10076,17.41192],[-96.10178,17.41016],[-96.10254,17.40411],[-96.09787,17.39653],[-96.09221,17.39238],[-96.08628,17.39574],[-96.0854,17.39037],[-96.08105,17.38836],[-96.07705,17.38253],[-96.07751,17.37092],[-96.03838,17.34369],[-96.03811,17.34894],[-96.03938,17.35234],[-96.04411,17.35914],[-96.04486,17.36508],[-96.04394,17.36577],[-96.04228,17.36304],[-96.03674,17.36261],[-96.03123,17.36863],[-96.02588,17.36493],[-96.02414,17.36487],[-96.02171,17.36644],[-96.0211,17.36892],[-96.01947,17.37028],[-96.01483,17.37176],[-96.0109,17.3705],[-96.00975,17.3709],[-96.00796,17.37315],[-96.00867,17.37582],[-96.00768,17.37807],[-96.00541,17.38002],[-95.99949,17.38036],[-95.99756,17.38496],[-95.99865,17.38546],[-95.99665,17.38568],[-95.99082,17.37958],[-95.96923,17.37989],[-95.96691,17.37725],[-95.96132,17.3746],[-95.95904,17.37209],[-95.95554,17.37148],[-95.95396,17.36719],[-95.95248,17.36672],[-95.95155,17.36096],[-95.94961,17.35946],[-95.94882,17.35742],[-95.94914,17.35564],[-95.94754,17.35382],[-95.94806,17.35235],[-95.94486,17.34349],[-95.94237,17.34427],[-95.93951,17.34343],[-95.93638,17.34041],[-95.93493,17.34119],[-95.93249,17.34102],[-95.93314,17.33859],[-95.93082,17.33971],[-95.93017,17.34232],[-95.92767,17.34079],[-95.92596,17.34146],[-95.92555,17.33982],[-95.92422,17.33941],[-95.923,17.33984],[-95.92102,17.33903],[-95.91982,17.33988],[-95.91926,17.33837],[-95.91772,17.33842],[-95.91671,17.34074],[-95.9156,17.34063],[-95.9153,17.33996],[-95.91663,17.33807],[-95.91641,17.33652],[-95.91387,17.33612],[-95.91339,17.33715],[-95.91112,17.33575],[-95.9119,17.33498],[-95.91036,17.33339],[-95.90821,17.33305],[-95.90702,17.33391],[-95.90584,17.33347],[-95.89936,17.33448],[-95.89776,17.33561],[-95.89666,17.33473],[-95.89533,17.33556],[-95.89416,17.33388],[-95.89191,17.33573],[-95.89151,17.33431],[-95.89055,17.33413],[-95.88812,17.33561],[-95.88638,17.33497],[-95.88683,17.33756],[-95.88477,17.33783],[-95.8834,17.33927],[-95.88329,17.33774],[-95.88182,17.33712],[-95.88087,17.33511],[-95.88219,17.33451],[-95.88316,17.3318],[-95.88603,17.33161],[-95.88703,17.33038],[-95.88452,17.32834],[-95.88432,17.32655],[-95.88603,17.32702],[-95.88686,17.32492],[-95.88664,17.32382],[-95.88535,17.32342],[-95.88638,17.32288],[-95.88682,17.31926],[-95.89053,17.31503],[-95.88984,17.31367],[-95.89079,17.3115],[-95.88984,17.30661],[-95.88871,17.30529],[-95.88948,17.30537],[-95.89074,17.30271],[-95.89391,17.30304],[-95.89287,17.30069],[-95.89469,17.29945],[-95.8949,17.29717],[-95.89657,17.29596],[-95.8964,17.29455],[-95.89476,17.29405],[-95.89628,17.29353],[-95.89716,17.29212],[-95.8975,17.28876],[-95.89688,17.28767],[-95.8979,17.28716],[-95.8984,17.28495],[-95.8997,17.28457],[-95.90014,17.28194],[-95.90207,17.27886],[-95.90037,17.2765],[-95.89955,17.27297],[-95.90243,17.27239],[-95.90309,17.27377],[-95.90593,17.27174],[-95.91874,17.27487],[-95.9246,17.27252],[-95.93527,17.27954],[-95.93842,17.27647],[-95.94125,17.27846],[-95.93948,17.28231],[-95.94453,17.28563],[-95.94983,17.29124],[-95.96276,17.28691],[-95.96961,17.2866],[-95.97275,17.29418],[-95.96768,17.30186],[-95.97807,17.31292],[-95.98232,17.313],[-95.98656,17.30998],[-95.9964,17.31672],[-95.98948,17.31992],[-95.99151,17.32043],[-96,17.31946],[-96.00476,17.31724],[-96.01073,17.31775],[-96.01813,17.31571],[-96.0215,17.3157],[-96.02906,17.32183],[-96.03508,17.32078],[-96.03856,17.32296],[-96.04235,17.32089],[-96.0436,17.32147],[-96.04675,17.31715],[-96.06495,17.31775],[-96.06476,17.32377],[-96.06701,17.32825],[-96.06697,17.32685],[-96.0681,17.32601],[-96.06775,17.32488],[-96.06962,17.32345],[-96.07066,17.32417],[-96.07169,17.32388],[-96.07206,17.32282],[-96.07603,17.32395],[-96.07758,17.32319],[-96.08113,17.32343],[-96.08224,17.32299],[-96.08139,17.31091],[-96.08524,17.30375],[-96.08055,17.30155],[-96.08801,17.29532],[-96.08109,17.2908],[-96.0812,17.28709],[-96.08313,17.28362],[-96.08535,17.28068],[-96.0927,17.2792],[-96.09631,17.27496],[-96.10031,17.27267],[-96.10323,17.26743],[-96.10321,17.26472],[-96.1053,17.26136],[-96.11284,17.2604],[-96.11544,17.25753],[-96.11597,17.25507],[-96.12553,17.24503],[-96.12627,17.24256],[-96.12935,17.24004],[-96.13018,17.23775],[-96.13242,17.23787],[-96.13292,17.2387],[-96.13385,17.23732],[-96.13514,17.23818],[-96.13618,17.23752],[-96.13674,17.23797],[-96.13809,17.23654],[-96.13784,17.23416],[-96.13919,17.23454],[-96.13919,17.23328],[-96.1461,17.23118],[-96.14468,17.22949],[-96.14163,17.22964],[-96.13804,17.22633],[-96.13949,17.22667],[-96.13883,17.22416],[-96.13979,17.21734],[-96.1392,17.21257],[-96.13806,17.20992],[-96.13867,17.20731],[-96.13668,17.20699],[-96.13147,17.20397],[-96.13128,17.20219],[-96.12918,17.19888],[-96.12413,17.19781],[-96.12199,17.19622],[-96.12182,17.19528],[-96.11606,17.19223],[-96.11653,17.18814],[-96.11576,17.18609],[-96.11381,17.18425],[-96.11359,17.18231],[-96.11617,17.18098],[-96.11611,17.1795],[-96.11803,17.17954],[-96.11804,17.17732],[-96.11963,17.17546],[-96.11897,17.16917],[-96.11663,17.16586],[-96.1182,17.16477],[-96.12039,17.16501],[-96.12223,17.16351],[-96.12629,17.16248],[-96.12803,17.15893],[-96.12784,17.15597],[-96.13034,17.15172],[-96.13297,17.15203],[-96.13477,17.15437],[-96.13641,17.15273],[-96.13806,17.15262],[-96.13852,17.15058],[-96.14081,17.14898],[-96.1425,17.1496],[-96.14497,17.14724],[-96.14574,17.14515],[-96.14924,17.14232],[-96.15382,17.13505],[-96.15737,17.13415],[-96.15851,17.13167],[-96.16184,17.13222],[-96.16006,17.12873],[-96.16184,17.12447],[-96.16484,17.12422],[-96.16529,17.12516],[-96.16887,17.12672],[-96.17428,17.12637],[-96.18159,17.11963],[-96.1886,17.11576],[-96.18517,17.11305],[-96.18171,17.11149],[-96.1801,17.10938],[-96.17992,17.10736],[-96.18295,17.10279],[-96.18192,17.09276],[-96.17925,17.08533],[-96.17764,17.07629],[-96.17838,17.07148],[-96.17736,17.06429],[-96.18025,17.06068],[-96.19362,17.05186],[-96.19783,17.052],[-96.20083,17.04398],[-96.20577,17.0413],[-96.20647,17.04008],[-96.20638,17.03653],[-96.20903,17.03118],[-96.20736,17.02481],[-96.20775,17.01218],[-96.20571,17.00863],[-96.20384,17.00699],[-96.20087,16.99452],[-96.19891,16.99256],[-96.19598,16.99189],[-96.19351,16.98801],[-96.19338,16.98523],[-96.19202,16.98198],[-96.18974,16.97996],[-96.1861,16.97092],[-96.1831,16.96847],[-96.18155,16.96936],[-96.17553,16.96736],[-96.17344,16.96484],[-96.1706,16.96341],[-96.17123,16.9593],[-96.16999,16.95791],[-96.16855,16.95781],[-96.167,16.95484],[-96.16301,16.9503],[-96.16213,16.94567],[-96.1593,16.94191],[-96.15714,16.94034],[-96.15651,16.93723],[-96.1552,16.93603],[-96.15347,16.93194],[-96.14049,16.92056],[-96.13025,16.91885],[-96.12465,16.91923],[-96.12153,16.91659],[-96.11794,16.91506],[-96.11424,16.9112],[-96.1136,16.909],[-96.11171,16.90756],[-96.10441,16.90822],[-96.09948,16.90295],[-96.09721,16.9019],[-96.09467,16.90223],[-96.08997,16.89829],[-96.09674,16.89262],[-96.09947,16.89142],[-96.10525,16.88606],[-96.1126,16.88293],[-96.12389,16.87267],[-96.13016,16.86805],[-96.13633,16.86479],[-96.13929,16.86454],[-96.14908,16.86094],[-96.16803,16.85736],[-96.15845,16.84929],[-96.15092,16.82523],[-96.15017,16.81099],[-96.16871,16.81462],[-96.1984,16.81073],[-96.20183,16.82116],[-96.2053,16.83933],[-96.21751,16.86717],[-96.21991,16.86269],[-96.23921,16.84488],[-96.24148,16.8471],[-96.24903,16.85034],[-96.31018,16.87344],[-96.32497,16.85832],[-96.33324,16.87478],[-96.34868,16.88403],[-96.35374,16.88629],[-96.37532,16.89301],[-96.3938,16.90088],[-96.40779,16.911],[-96.41522,16.91854],[-96.41555,16.92064],[-96.41699,16.92132],[-96.41639,16.92388],[-96.41384,16.92281],[-96.41089,16.932],[-96.41323,16.93135],[-96.4186,16.9378],[-96.42308,16.94557],[-96.40894,16.95198],[-96.41786,16.95835],[-96.43006,16.96089],[-96.43174,16.96429],[-96.43414,16.96408],[-96.43833,16.96708],[-96.43894,16.96719],[-96.44133,16.96193],[-96.45929,16.96651],[-96.45379,16.97372],[-96.45104,16.9848],[-96.44072,17.01418],[-96.44271,17.0153],[-96.44304,17.01692],[-96.44011,17.02786],[-96.44605,17.03767],[-96.45332,17.04084],[-96.45946,17.04573],[-96.46211,17.04639],[-96.46463,17.04848],[-96.468,17.05337],[-96.47002,17.05968],[-96.46856,17.06459],[-96.46845,17.07335],[-96.46552,17.07482],[-96.4631,17.08076],[-96.46849,17.08842],[-96.4698,17.09239],[-96.46932,17.10037],[-96.46716,17.10697],[-96.46926,17.10808],[-96.4701,17.10969],[-96.47108,17.10962],[-96.47383,17.11179],[-96.47992,17.11103],[-96.48163,17.11325],[-96.49069,17.11323],[-96.49602,17.10858],[-96.49869,17.10858],[-96.50666,17.10267],[-96.51146,17.10434],[-96.51568,17.10981],[-96.52401,17.11445],[-96.52622,17.11697],[-96.53118,17.12038],[-96.53357,17.12569],[-96.53454,17.12572],[-96.5356,17.1286],[-96.53801,17.13147],[-96.59222,17.12171],[-96.5978,17.1174],[-96.60724,17.11922],[-96.61184,17.12868],[-96.61824,17.13383],[-96.6222,17.14221],[-96.62249,17.1449],[-96.63633,17.13553],[-96.64273,17.14411],[-96.65054,17.14575],[-96.65008,17.15208],[-96.65334,17.17372],[-96.68489,17.23745],[-96.69499,17.2448],[-96.70544,17.23676],[-96.72716,17.24963],[-96.74742,17.28348],[-96.72948,17.2917],[-96.72255,17.29921],[-96.71704,17.30083],[-96.71371,17.3043],[-96.71963,17.32942],[-96.7254,17.3421],[-96.73378,17.35511],[-96.73108,17.35705],[-96.7274,17.35799],[-96.72359,17.36084],[-96.76436,17.38206],[-96.75527,17.42681],[-96.74458,17.46955],[-96.75221,17.47508],[-96.77224,17.47563],[-96.71846,17.495],[-96.71552,17.50232],[-96.6967,17.53125],[-96.68203,17.54017],[-96.66882,17.54664],[-96.65863,17.55652],[-96.64529,17.56304],[-96.63449,17.56148],[-96.6197,17.56701],[-96.62141,17.56031],[-96.62106,17.55787],[-96.61047,17.56025],[-96.60463,17.55934],[-96.58986,17.56331],[-96.58537,17.57081],[-96.58681,17.56419],[-96.58109,17.55885],[-96.58295,17.55755],[-96.5727,17.5509],[-96.56491,17.55051],[-96.56062,17.55111],[-96.5599,17.55218],[-96.55564,17.55064],[-96.55304,17.54846],[-96.54697,17.55046],[-96.5452,17.55367],[-96.54361,17.55387],[-96.53615,17.54724],[-96.52839,17.55249],[-96.52316,17.55319],[-96.52107,17.55474],[-96.48736,17.55977],[-96.45288,17.554],[-96.44488,17.55003],[-96.44043,17.55176],[-96.42853,17.55317],[-96.42399,17.5564],[-96.41657,17.55224],[-96.41665,17.55331],[-96.41183,17.55774],[-96.40738,17.55946],[-96.40178,17.56317],[-96.39625,17.56969],[-96.39139,17.57219],[-96.38877,17.57183],[-96.38659,17.57315],[-96.37484,17.56994],[-96.37119,17.57213],[-96.3696,17.57404],[-96.3707,17.57768],[-96.36923,17.5814],[-96.36259,17.58327],[-96.36052,17.58191],[-96.35687,17.58233],[-96.35519,17.58468],[-96.35563,17.58952],[-96.35209,17.59173],[-96.35084,17.59035],[-96.34745,17.58988],[-96.34661,17.58827],[-96.34474,17.58752],[-96.34362,17.58511],[-96.33966,17.58215],[-96.33484,17.5846],[-96.33122,17.5875],[-96.32463,17.58851],[-96.32188,17.59089],[-96.31957,17.59132],[-96.31806,17.59275],[-96.31734,17.59636],[-96.3115,17.60155],[-96.30578,17.60214],[-96.3034,17.60413],[-96.3001,17.60546],[-96.29758,17.60452],[-96.29438,17.60573],[-96.29369,17.60713],[-96.29489,17.61336],[-96.29828,17.61467],[-96.29945,17.61844],[-96.29959,17.62391],[-96.29729,17.62556],[-96.29757,17.62681],[-96.29463,17.62826],[-96.29585,17.63176],[-96.30059,17.63143],[-96.30222,17.62976],[-96.30293,17.62996],[-96.30416,17.63379],[-96.30763,17.63724],[-96.31094,17.63885],[-96.30976,17.63958],[-96.30567,17.63934],[-96.30699,17.64263],[-96.30454,17.64506],[-96.30412,17.64701],[-96.30147,17.64766],[-96.30063,17.64491],[-96.29944,17.64382],[-96.29574,17.64493],[-96.29355,17.64364],[-96.29243,17.64401],[-96.29275,17.64596],[-96.29208,17.6472],[-96.28994,17.6486],[-96.29179,17.65195],[-96.29151,17.6535],[-96.28839,17.65432],[-96.28535,17.65364],[-96.28506,17.65454],[-96.2867,17.65732],[-96.27865,17.65856],[-96.25962,17.65426],[-96.25415,17.65463],[-96.25243,17.65638],[-96.25156,17.65143],[-96.24803,17.64964],[-96.24749,17.65055],[-96.24653,17.64995],[-96.24603,17.65071],[-96.24326,17.65069],[-96.24068,17.6522],[-96.23822,17.65245],[-96.23607,17.65004],[-96.16536,17.66454],[-96.1486,17.66207],[-96.13601,17.66143],[-96.1174,17.66838],[-96.11554,17.66506],[-96.11552,17.66177]]]]}},{"type":"Feature","properties":{"nombre":"Tarahumara"},"geometry":{"type":"MultiPolygon","coordinates":[[[[-107.12853,28.14704],[-107.13247,28.11452],[-107.12334,28.11474],[-107.12293,28.10521],[-107.07876,28.1162],[-107.10088,28.0867],[-107.08905,28.07968],[-107.08651,28.06801],[-107.05024,28.08878],[-107.0156,28.07721],[-107.01335,28.10012],[-106.94065,28.08964],[-106.91212,28.06059],[-106.91672,28.05815],[-106.90006,28.03301],[-106.93306,28.01654],[-106.9166,27.99575],[-106.94628,27.9773],[-106.94781,27.97851],[-106.97484,27.96171],[-106.92307,27.9513],[-106.92434,27.94755],[-106.92183,27.93851],[-106.92932,27.92352],[-106.91383,27.89865],[-106.90417,27.89088],[-106.90437,27.88921],[-106.90201,27.88922],[-106.90173,27.88621],[-106.89883,27.88411],[-106.89777,27.88212],[-106.89329,27.88052],[-106.88739,27.8713],[-106.88216,27.86776],[-106.87921,27.86711],[-106.87825,27.8649],[-106.87451,27.86308],[-106.87396,27.86104],[-106.8722,27.85969],[-106.87276,27.85714],[-106.87214,27.85535],[-106.87556,27.85072],[-106.89031,27.84911],[-106.89902,27.84562],[-106.90058,27.83721],[-106.93013,27.83774],[-106.92867,27.82688],[-106.92718,27.82272],[-106.92248,27.82108],[-106.91112,27.78836],[-106.91069,27.77877],[-106.89312,27.78411],[-106.88849,27.78257],[-106.88866,27.77967],[-106.88516,27.77704],[-106.8821,27.77152],[-106.87859,27.76934],[-106.87534,27.76574],[-106.87288,27.76534],[-106.8709,27.74634],[-106.8234,27.74897],[-106.82502,27.75451],[-106.8078,27.75743],[-106.80597,27.74993],[-106.78161,27.75155],[-106.7727,27.75284],[-106.74636,27.7334],[-106.74988,27.71456],[-106.72956,27.70647],[-106.71044,27.68697],[-106.71759,27.6853],[-106.69862,27.66744],[-106.69322,27.66127],[-106.6877,27.64903],[-106.69108,27.64625],[-106.69261,27.6423],[-106.69103,27.63858],[-106.69174,27.6345],[-106.69652,27.63165],[-106.69676,27.63003],[-106.69507,27.62949],[-106.69368,27.62607],[-106.68807,27.62442],[-106.68793,27.62334],[-106.68895,27.62254],[-106.69366,27.62227],[-106.69511,27.62356],[-106.69657,27.62294],[-106.69849,27.62524],[-106.70805,27.62624],[-106.74105,27.65613],[-106.76435,27.63521],[-106.76909,27.63947],[-106.77326,27.63372],[-106.77627,27.63228],[-106.77595,27.62875],[-106.77896,27.62828],[-106.78528,27.62992],[-106.78874,27.62982],[-106.7959,27.59982],[-106.79728,27.58394],[-106.78836,27.57483],[-106.79972,27.57392],[-106.79964,27.57069],[-106.80131,27.56705],[-106.8028,27.56598],[-106.80252,27.56418],[-106.80088,27.5625],[-106.80295,27.56171],[-106.80409,27.5618],[-106.8073,27.56516],[-106.81676,27.56893],[-106.81977,27.57449],[-106.82189,27.57326],[-106.82369,27.57353],[-106.82531,27.57484],[-106.8255,27.57748],[-106.83088,27.57929],[-106.83271,27.58267],[-106.84305,27.59065],[-106.84885,27.59398],[-106.8533,27.59418],[-106.85994,27.59764],[-106.86228,27.59415],[-106.86428,27.59322],[-106.87633,27.57073],[-106.87645,27.56908],[-106.87541,27.56801],[-106.8792,27.54824],[-106.90498,27.50764],[-106.91254,27.49391],[-106.92194,27.48105],[-106.95288,27.46356],[-106.92738,27.445],[-106.9399,27.4118],[-106.94212,27.41113],[-106.94095,27.40558],[-106.93856,27.40669],[-106.93607,27.40647],[-106.93354,27.40507],[-106.93613,27.40384],[-106.93717,27.40249],[-106.93747,27.40015],[-106.93946,27.39848],[-106.93908,27.39667],[-106.94327,27.39371],[-106.94723,27.39375],[-106.95202,27.39178],[-106.95793,27.39231],[-106.96585,27.3888],[-106.97223,27.39017],[-106.97447,27.38658],[-106.97909,27.38689],[-106.97755,27.38112],[-106.97649,27.38067],[-106.97601,27.37725],[-106.9325,27.36532],[-106.90756,27.35144],[-106.89073,27.33123],[-106.87275,27.28875],[-106.86162,27.20939],[-106.66696,27.18019],[-106.62793,27.20077],[-106.59355,27.19004],[-106.59555,27.18833],[-106.60111,27.1867],[-106.60688,27.18617],[-106.61026,27.18215],[-106.61195,27.18477],[-106.6178,27.18286],[-106.61848,27.17745],[-106.61952,27.17533],[-106.61313,27.17026],[-106.61214,27.16848],[-106.60741,27.16868],[-106.60683,27.16774],[-106.60329,27.1662],[-106.59921,27.16752],[-106.59763,27.16909],[-106.59445,27.16935],[-106.59165,27.17202],[-106.58985,27.17185],[-106.58819,27.1744],[-106.5847,27.17526],[-106.58358,27.17643],[-106.58298,27.17905],[-106.5782,27.17822],[-106.57006,27.18084],[-106.56309,27.18061],[-106.5608,27.17933],[-106.55925,27.18009],[-106.55647,27.17786],[-106.54615,27.17634],[-106.54643,27.17007],[-106.52599,27.1719],[-106.53379,27.15315],[-106.53961,27.13499],[-106.52061,27.14072],[-106.52255,27.1349],[-106.52218,27.12985],[-106.52385,27.12833],[-106.5262,27.12374],[-106.5267,27.12072],[-106.52911,27.11904],[-106.53069,27.11361],[-106.53375,27.11112],[-106.53547,27.10705],[-106.53512,27.10367],[-106.53284,27.1031],[-106.5313,27.10152],[-106.53334,27.10055],[-106.53261,27.09862],[-106.53098,27.09762],[-106.53045,27.09504],[-106.52875,27.0948],[-106.52803,27.09352],[-106.49889,27.08899],[-106.49917,27.0822],[-106.49282,27.08316],[-106.49045,27.08092],[-106.48943,27.08106],[-106.48702,27.08394],[-106.48401,27.08525],[-106.4815,27.08802],[-106.47904,27.08333],[-106.47497,27.08059],[-106.47352,27.08332],[-106.47342,27.0853],[-106.47255,27.08502],[-106.47059,27.08641],[-106.46571,27.08669],[-106.46326,27.08816],[-106.45842,27.08388],[-106.4536,27.09151],[-106.45367,27.0952],[-106.45017,27.09719],[-106.44772,27.09432],[-106.4454,27.09434],[-106.44279,27.09187],[-106.43288,27.09234],[-106.42738,27.09146],[-106.42257,27.0894],[-106.40902,27.08625],[-106.40587,27.08374],[-106.40518,27.081],[-106.40363,27.08089],[-106.40309,27.08011],[-106.40364,27.07739],[-106.40277,27.07586],[-106.40358,27.07533],[-106.40119,27.0748],[-106.40074,27.07214],[-106.39769,27.07221],[-106.3921,27.0756],[-106.38885,27.07586],[-106.38348,27.06154],[-106.38264,27.06157],[-106.38043,27.05582],[-106.35306,27.0589],[-106.34353,27.05733],[-106.33658,27.06213],[-106.33584,27.06489],[-106.33364,27.06432],[-106.3335,27.06217],[-106.3281,27.05885],[-106.32709,27.05677],[-106.32971,27.05142],[-106.32844,27.04421],[-106.33032,27.04076],[-106.32979,27.03859],[-106.33041,27.03802],[-106.3328,27.03851],[-106.33557,27.04161],[-106.34186,27.03731],[-106.34433,27.03132],[-106.3434,27.02689],[-106.34241,27.02556],[-106.34721,27.0231],[-106.3443,27.01751],[-106.34145,27.01633],[-106.33966,27.01259],[-106.33627,27.00949],[-106.33456,27.00947],[-106.33366,27.00757],[-106.33314,27.00196],[-106.33462,27.00053],[-106.33545,26.99561],[-106.33228,26.99377],[-106.3299,26.99983],[-106.32873,27.00016],[-106.32811,26.99819],[-106.32936,26.99169],[-106.3267,26.98832],[-106.32449,26.98898],[-106.32219,26.98707],[-106.32187,26.99026],[-106.32016,26.99213],[-106.31761,26.99117],[-106.31382,26.98712],[-106.31268,26.98923],[-106.31354,26.99091],[-106.30929,26.99235],[-106.30812,26.9913],[-106.30862,26.98744],[-106.30762,26.98757],[-106.3067,26.98964],[-106.305,26.98969],[-106.30466,26.98922],[-106.30564,26.98842],[-106.30412,26.98604],[-106.30306,26.98572],[-106.3012,26.98645],[-106.29996,26.9887],[-106.29928,26.98871],[-106.29959,26.9863],[-106.29694,26.98369],[-106.29553,26.98256],[-106.2934,26.98263],[-106.29155,26.98167],[-106.29238,26.97891],[-106.28907,26.97404],[-106.28834,26.97352],[-106.28473,26.9753],[-106.28397,26.97502],[-106.28543,26.97047],[-106.28475,26.97012],[-106.28238,26.97143],[-106.27961,26.96172],[-106.28193,26.96073],[-106.28046,26.95857],[-106.28271,26.95818],[-106.28286,26.95694],[-106.27865,26.95493],[-106.27784,26.95362],[-106.27755,26.94974],[-106.27647,26.94941],[-106.27441,26.95031],[-106.27351,26.94818],[-106.27388,26.94686],[-106.27289,26.9463],[-106.27189,26.94372],[-106.26896,26.94225],[-106.26765,26.94248],[-106.26534,26.93871],[-106.26545,26.93487],[-106.26161,26.93086],[-106.26051,26.93102],[-106.26114,26.933],[-106.25821,26.93389],[-106.25877,26.93109],[-106.25815,26.92965],[-106.25456,26.93024],[-106.25397,26.92568],[-106.24977,26.92321],[-106.25043,26.9214],[-106.25279,26.92143],[-106.25647,26.91887],[-106.25867,26.91518],[-106.25776,26.9142],[-106.25352,26.91345],[-106.25224,26.91143],[-106.25198,26.90921],[-106.25094,26.90925],[-106.25035,26.91236],[-106.24912,26.90908],[-106.24515,26.90823],[-106.24925,26.9048],[-106.2462,26.90088],[-106.24692,26.90021],[-106.2493,26.90042],[-106.24951,26.89751],[-106.24511,26.89742],[-106.24478,26.89498],[-106.23912,26.89376],[-106.23616,26.89143],[-106.23474,26.89181],[-106.2319,26.89448],[-106.22876,26.89192],[-106.22123,26.89283],[-106.21811,26.89101],[-106.21663,26.89149],[-106.2164,26.88806],[-106.21547,26.88747],[-106.2092,26.89124],[-106.20752,26.89058],[-106.20499,26.89255],[-106.20019,26.8893],[-106.19847,26.89264],[-106.19528,26.89247],[-106.19369,26.89058],[-106.18969,26.8945],[-106.18891,26.89226],[-106.18983,26.89043],[-106.18658,26.89083],[-106.18786,26.87319],[-106.17311,26.87121],[-106.15056,26.86687],[-106.16141,26.85615],[-106.15607,26.85001],[-106.15668,26.84531],[-106.1468,26.84042],[-106.14924,26.83819],[-106.14623,26.83148],[-106.14632,26.82924],[-106.14472,26.83121],[-106.14488,26.83427],[-106.14396,26.83415],[-106.14159,26.83083],[-106.13943,26.82975],[-106.13645,26.83014],[-106.13351,26.83193],[-106.12687,26.83292],[-106.10834,26.84812],[-106.09426,26.81743],[-106.07811,26.79831],[-106.08419,26.78644],[-106.10064,26.75933],[-106.10497,26.75936],[-106.11032,26.76442],[-106.1143,26.76514],[-106.11557,26.76769],[-106.12526,26.77941],[-106.13348,26.77906],[-106.13616,26.77739],[-106.13858,26.77762],[-106.1412,26.77547],[-106.14278,26.77512],[-106.14446,26.77655],[-106.14924,26.77262],[-106.15779,26.77097],[-106.16438,26.77504],[-106.16647,26.7746],[-106.1701,26.77521],[-106.1716,26.77361],[-106.17698,26.77299],[-106.17763,26.77234],[-106.17801,26.76667],[-106.17944,26.76514],[-106.17971,26.76306],[-106.17303,26.75541],[-106.17043,26.75013],[-106.17246,26.74862],[-106.17264,26.74602],[-106.17396,26.74347],[-106.17634,26.74344],[-106.17778,26.74545],[-106.17873,26.74444],[-106.17893,26.74193],[-106.17683,26.74133],[-106.17653,26.74046],[-106.17665,26.7393],[-106.17929,26.73754],[-106.17943,26.73627],[-106.17658,26.72772],[-106.15261,26.72524],[-106.14144,26.72079],[-106.13739,26.71851],[-106.13178,26.7138],[-106.13067,26.7022],[-106.13219,26.69978],[-106.13194,26.69774],[-106.13302,26.69733],[-106.13858,26.70116],[-106.14231,26.70651],[-106.14451,26.70695],[-106.14746,26.70924],[-106.15025,26.7075],[-106.15416,26.7066],[-106.15567,26.70427],[-106.16013,26.70234],[-106.16686,26.70592],[-106.17266,26.70517],[-106.17767,26.69973],[-106.1863,26.69911],[-106.18967,26.69514],[-106.18901,26.69385],[-106.18721,26.69325],[-106.18498,26.68666],[-106.18513,26.68453],[-106.18861,26.68349],[-106.19043,26.68023],[-106.18845,26.67699],[-106.18889,26.67567],[-106.18799,26.67448],[-106.18925,26.67463],[-106.18978,26.67712],[-106.19167,26.67846],[-106.19329,26.68188],[-106.19713,26.68378],[-106.19925,26.68236],[-106.19968,26.68098],[-106.19815,26.67728],[-106.19835,26.67601],[-106.20072,26.67778],[-106.20302,26.68123],[-106.20792,26.67806],[-106.20796,26.67606],[-106.20658,26.67436],[-106.20604,26.66895],[-106.20644,26.66833],[-106.21111,26.66773],[-106.21726,26.66102],[-106.21805,26.65847],[-106.21983,26.65636],[-106.21811,26.65161],[-106.22145,26.64768],[-106.22125,26.64545],[-106.22231,26.64275],[-106.2222,26.64117],[-106.21948,26.63914],[-106.21982,26.63817],[-106.22414,26.63726],[-106.22557,26.63538],[-106.22443,26.62935],[-106.22348,26.62782],[-106.22696,26.61869],[-106.22673,26.61496],[-106.23061,26.6162],[-106.23204,26.61365],[-106.23,26.61121],[-106.23092,26.60956],[-106.23351,26.60963],[-106.23394,26.61279],[-106.23511,26.61349],[-106.23654,26.61217],[-106.23621,26.60478],[-106.23537,26.60332],[-106.23644,26.59955],[-106.23572,26.59236],[-106.2369,26.5886],[-106.23578,26.58749],[-106.23244,26.58772],[-106.23395,26.58069],[-106.23246,26.57769],[-106.23064,26.5763],[-106.2314,26.57307],[-106.23463,26.56917],[-106.23398,26.56795],[-106.23456,26.56559],[-106.23204,26.56161],[-106.23296,26.55956],[-106.23346,26.55881],[-106.23867,26.5632],[-106.23953,26.56244],[-106.24122,26.54499],[-106.28014,26.53207],[-106.26957,26.52717],[-106.28067,26.51175],[-106.27756,26.50888],[-106.27402,26.50768],[-106.2577,26.5069],[-106.25388,26.50736],[-106.25518,26.49891],[-106.2527,26.49541],[-106.2513,26.49108],[-106.25199,26.48815],[-106.25143,26.48691],[-106.25006,26.48609],[-106.24747,26.48218],[-106.25045,26.47977],[-106.25086,26.47858],[-106.24486,26.472],[-106.24441,26.46794],[-106.24203,26.46682],[-106.26522,26.42414],[-106.26437,26.40612],[-106.2976,26.39645],[-106.30218,26.36388],[-106.27546,26.36742],[-106.28704,26.33508],[-106.28947,26.33457],[-106.29952,26.33708],[-106.31226,26.34875],[-106.33297,26.31987],[-106.34284,26.30908],[-106.34463,26.30988],[-106.43278,26.20401],[-106.41561,26.1394],[-106.45864,26.11216],[-106.46125,26.10522],[-106.45853,26.10248],[-106.4556,26.09606],[-106.45441,26.09526],[-106.47123,26.06052],[-106.46504,26.05194],[-106.4541,26.04636],[-106.45499,26.04496],[-106.4534,26.02784],[-106.46105,26.02011],[-106.46193,26.02063],[-106.46303,26.02013],[-106.4641,26.01786],[-106.46745,26.01829],[-106.4684,26.01666],[-106.46868,26.01176],[-106.46978,26.00921],[-106.46947,26.00665],[-106.47041,26.00543],[-106.44471,26.00509],[-106.45582,25.97258],[-106.49167,25.96805],[-106.50147,25.95496],[-106.53372,25.94576],[-106.54731,25.95242],[-106.56013,25.91271],[-106.55597,25.69171],[-106.52655,25.71338],[-106.46404,25.74171],[-106.46362,25.72904],[-106.48579,25.71614],[-106.48857,25.71582],[-106.48996,25.71466],[-106.49889,25.71204],[-106.50109,25.71216],[-106.50273,25.7092],[-106.50883,25.70751],[-106.51175,25.70282],[-106.51666,25.69942],[-106.52102,25.69491],[-106.52494,25.69451],[-106.52799,25.69177],[-106.5284,25.69066],[-106.52734,25.68653],[-106.53096,25.68577],[-106.53123,25.68232],[-106.53382,25.68107],[-106.53644,25.67596],[-106.53992,25.6745],[-106.54478,25.67385],[-106.54745,25.67095],[-106.55265,25.67015],[-106.55501,25.66842],[-106.56553,25.66657],[-106.56707,25.66373],[-106.56789,25.65965],[-106.56967,25.65766],[-106.57403,25.6561],[-106.5764,25.65319],[-106.57929,25.65335],[-106.58868,25.64789],[-106.59182,25.64739],[-106.59262,25.64354],[-106.59536,25.64213],[-106.60442,25.63454],[-106.60633,25.63108],[-106.6149,25.62197],[-106.61571,25.61906],[-106.62013,25.61685],[-106.62185,25.61082],[-106.62276,25.6109],[-106.62382,25.60955],[-106.62325,25.60704],[-106.62926,25.60379],[-106.62831,25.60126],[-106.63008,25.595],[-106.62922,25.59091],[-106.63085,25.5858],[-106.63251,25.58446],[-106.635,25.58631],[-106.63891,25.5864],[-106.64291,25.58519],[-106.65367,25.57793],[-106.6556,25.57517],[-106.65748,25.57019],[-106.65644,25.56522],[-106.65283,25.55884],[-106.6538,25.55895],[-106.65933,25.56452],[-106.66472,25.56381],[-106.67142,25.56742],[-106.67337,25.57186],[-106.67705,25.57644],[-106.67783,25.57862],[-106.6777,25.58366],[-106.68024,25.58932],[-106.6831,25.59083],[-106.68564,25.58974],[-106.70797,25.60245],[-106.68197,25.57917],[-106.69885,25.58084],[-106.69892,25.5862],[-106.70057,25.58742],[-106.70576,25.59735],[-106.70255,25.58121],[-106.7448,25.58516],[-106.81783,25.57339],[-106.87376,25.57186],[-106.89922,25.64374],[-106.89378,25.64429],[-106.90681,25.64662],[-106.92239,25.64608],[-106.99432,25.66223],[-106.96694,25.66833],[-106.96685,25.67428],[-106.96595,25.6771],[-106.96915,25.68301],[-106.96532,25.69788],[-106.9903,25.71492],[-106.99141,25.71049],[-106.99503,25.70979],[-106.99676,25.70821],[-107.00056,25.70704],[-107.00276,25.70418],[-107.00477,25.70313],[-107.00429,25.70124],[-107.00552,25.69871],[-107.01062,25.69837],[-107.01006,25.69419],[-107.01068,25.69146],[-107.01504,25.69135],[-107.01717,25.6928],[-107.02002,25.69222],[-107.02529,25.6962],[-107.0316,25.69788],[-107.04198,25.6971],[-107.04614,25.69988],[-107.04727,25.70193],[-107.04703,25.70846],[-107.04808,25.71083],[-107.06038,25.71529],[-107.06422,25.71907],[-107.06196,25.72294],[-107.06222,25.7243],[-107.06438,25.72404],[-107.06538,25.7252],[-107.06428,25.72963],[-107.06474,25.73278],[-107.06095,25.73769],[-107.0605,25.74],[-107.06249,25.74267],[-107.06101,25.74303],[-107.06137,25.74444],[-107.06364,25.74433],[-107.06468,25.74816],[-107.06174,25.75385],[-107.0579,25.75737],[-107.19458,25.85231],[-107.19902,25.8532],[-107.20126,25.85529],[-107.2044,25.8567],[-107.20887,25.85631],[-107.20695,25.86392],[-107.20808,25.8642],[-107.21312,25.86189],[-107.22528,25.86862],[-107.22903,25.86974],[-107.23136,25.87148],[-107.23702,25.87883],[-107.23938,25.88038],[-107.24148,25.88101],[-107.24512,25.87715],[-107.24483,25.87814],[-107.24651,25.87777],[-107.24695,25.87881],[-107.24625,25.87892],[-107.24708,25.87992],[-107.24635,25.88028],[-107.24574,25.8835],[-107.24322,25.88523],[-107.2445,25.88741],[-107.24247,25.89237],[-107.29613,25.92479],[-107.28703,25.95398],[-107.2844,25.9566],[-107.28029,25.9574],[-107.28004,25.9581],[-107.2805,25.96091],[-107.28222,25.96219],[-107.28157,25.96826],[-107.28009,25.97023],[-107.28053,25.97284],[-107.28257,25.97538],[-107.2816,25.97737],[-107.28228,25.97799],[-107.28049,25.9807],[-107.28238,25.98319],[-107.28244,25.98574],[-107.28219,25.98706],[-107.28082,25.98757],[-107.28063,25.9884],[-107.28191,25.98877],[-107.28238,25.98992],[-107.28175,25.99228],[-107.27835,25.9942],[-107.27869,25.9959],[-107.27796,25.99563],[-107.27808,25.99799],[-107.27689,25.9999],[-107.27778,26.00038],[-107.27635,26.00198],[-107.30669,26.04878],[-107.30489,26.0764],[-107.32704,26.09089],[-107.34653,26.10952],[-107.41612,26.14122],[-107.43235,26.13825],[-107.43104,26.14286],[-107.44286,26.13962],[-107.44771,26.13918],[-107.45097,26.13762],[-107.46,26.13831],[-107.4632,26.13655],[-107.46956,26.12885],[-107.47792,26.12345],[-107.47715,26.12236],[-107.47775,26.12096],[-107.48005,26.12143],[-107.48545,26.1197],[-107.48526,26.11542],[-107.49059,26.11366],[-107.49031,26.11307],[-107.49217,26.11146],[-107.49374,26.11058],[-107.49684,26.11129],[-107.498,26.11258],[-107.50227,26.11418],[-107.50391,26.11592],[-107.50612,26.11579],[-107.50888,26.11361],[-107.51019,26.1111],[-107.51334,26.11094],[-107.51695,26.1084],[-107.52002,26.10423],[-107.52394,26.10723],[-107.52214,26.10855],[-107.52213,26.11182],[-107.52349,26.1121],[-107.52421,26.11317],[-107.52811,26.12138],[-107.52682,26.12246],[-107.52627,26.12775],[-107.52862,26.1292],[-107.53242,26.12973],[-107.53311,26.131],[-107.53459,26.13094],[-107.53739,26.13766],[-107.54193,26.13685],[-107.54368,26.13732],[-107.54,26.1408],[-107.54021,26.14235],[-107.54328,26.14635],[-107.54479,26.1473],[-107.54794,26.14744],[-107.55396,26.15175],[-107.55568,26.15962],[-107.56078,26.16125],[-107.56539,26.16464],[-107.56717,26.16471],[-107.57028,26.16334],[-107.57494,26.16503],[-107.57753,26.1647],[-107.57941,26.16574],[-107.58109,26.17024],[-107.58203,26.17064],[-107.58567,26.16965],[-107.58976,26.1698],[-107.59318,26.16604],[-107.59437,26.16653],[-107.59746,26.16534],[-107.60182,26.16491],[-107.60335,26.16563],[-107.60539,26.16453],[-107.60717,26.16514],[-107.61314,26.16259],[-107.62077,26.16265],[-107.62262,26.16076],[-107.6243,26.16107],[-107.62524,26.1595],[-107.63198,26.15735],[-107.63575,26.15458],[-107.63662,26.15541],[-107.6407,26.15566],[-107.64227,26.15756],[-107.64608,26.15829],[-107.64682,26.15988],[-107.65276,26.16364],[-107.65386,26.16313],[-107.65537,26.1639],[-107.65972,26.16265],[-107.66373,26.16399],[-107.66895,26.16451],[-107.67681,26.16353],[-107.67941,26.1644],[-107.68085,26.16286],[-107.68726,26.16539],[-107.69632,26.16547],[-107.69738,26.16901],[-107.69919,26.17074],[-107.70166,26.17101],[-107.70614,26.17007],[-107.70826,26.17368],[-107.71108,26.17441],[-107.71326,26.17305],[-107.7146,26.16731],[-107.71578,26.16555],[-107.71743,26.16474],[-107.72489,26.16317],[-107.72887,26.16439],[-107.73523,26.16808],[-107.73872,26.16724],[-107.73979,26.16538],[-107.74007,26.16229],[-107.73801,26.15872],[-107.73787,26.15695],[-107.73956,26.15589],[-107.7452,26.15565],[-107.7476,26.15379],[-107.74866,26.14827],[-107.74792,26.14349],[-107.7494,26.14061],[-107.75517,26.13451],[-107.78069,26.13694],[-107.78892,26.16861],[-107.79302,26.16836],[-107.79625,26.17266],[-107.80454,26.1748],[-107.81028,26.18368],[-107.81524,26.18271],[-107.81825,26.18345],[-107.82275,26.18763],[-107.82382,26.18678],[-107.82402,26.18411],[-107.82656,26.18477],[-107.83713,26.18246],[-107.83995,26.18294],[-107.85402,26.19652],[-107.85626,26.22604],[-107.97412,26.38863],[-107.97262,26.39123],[-107.97303,26.39253],[-108.00059,26.42216],[-108.0128,26.43905],[-107.96964,26.47017],[-107.98562,26.4721],[-107.98504,26.47378],[-107.97052,26.48907],[-107.96884,26.49015],[-107.96025,26.49197],[-107.95727,26.49374],[-107.95807,26.49686],[-107.95657,26.50001],[-107.95659,26.50302],[-107.95546,26.50598],[-107.95632,26.50834],[-107.95881,26.51012],[-107.95964,26.51439],[-107.96199,26.5178],[-107.96106,26.5202],[-107.96214,26.524],[-107.96102,26.52696],[-107.964,26.52745],[-107.97044,26.53289],[-107.97751,26.53611],[-107.97969,26.54318],[-107.98168,26.54288],[-107.98364,26.54604],[-107.9876,26.5459],[-107.98974,26.54804],[-107.99082,26.54988],[-107.98983,26.55159],[-107.9899,26.55358],[-107.99205,26.56228],[-107.99765,26.56471],[-107.99803,26.56556],[-107.99708,26.5671],[-107.99938,26.56942],[-108.001,26.57256],[-108.00401,26.57347],[-108.01248,26.57964],[-108.01289,26.58193],[-108.01078,26.58838],[-108.01217,26.5914],[-108.02028,26.597],[-108.0271,26.5985],[-108.03251,26.60318],[-108.03361,26.60777],[-108.03544,26.60971],[-108.03418,26.61233],[-108.03193,26.6145],[-108.03181,26.61592],[-108.03388,26.6163],[-108.03746,26.61971],[-108.04515,26.61971],[-108.04542,26.62193],[-108.04453,26.62497],[-108.05014,26.62792],[-108.05158,26.62984],[-108.05284,26.62947],[-108.0539,26.62717],[-108.05651,26.62773],[-108.05867,26.62659],[-108.06126,26.62724],[-108.06299,26.63043],[-108.06701,26.63031],[-108.06882,26.63145],[-108.07172,26.62692],[-108.07456,26.62799],[-108.07607,26.63023],[-108.07389,26.63369],[-108.07443,26.63645],[-108.0816,26.64199],[-108.08065,26.64451],[-108.07793,26.64617],[-108.07674,26.64532],[-108.07419,26.64713],[-108.07279,26.64718],[-108.0713,26.64605],[-108.07058,26.6473],[-108.06706,26.64693],[-108.06643,26.64826],[-108.06465,26.64737],[-108.06328,26.64943],[-108.06119,26.65019],[-108.0602,26.65157],[-108.05852,26.65075],[-108.05628,26.6519],[-108.05502,26.65475],[-108.05631,26.65559],[-108.05595,26.65647],[-108.05298,26.65638],[-108.05301,26.65832],[-108.05086,26.65871],[-108.05028,26.65963],[-108.04943,26.65917],[-108.04653,26.65979],[-108.04625,26.66111],[-108.04497,26.66165],[-108.04498,26.66276],[-108.04313,26.66323],[-108.04269,26.66676],[-108.03908,26.6663],[-108.03446,26.66816],[-108.03172,26.66798],[-108.03181,26.66933],[-108.03037,26.67152],[-108.03032,26.67426],[-108.02848,26.67353],[-108.02658,26.67523],[-108.02546,26.67836],[-108.02367,26.67859],[-108.02275,26.68016],[-108.0209,26.68095],[-108.01943,26.68354],[-108.01463,26.68571],[-108.01492,26.68759],[-108.01175,26.68948],[-108.01172,26.69361],[-108.0079,26.69933],[-108.00897,26.70158],[-108.00855,26.70373],[-108.00679,26.70553],[-108.00765,26.70801],[-108.00681,26.71019],[-108.00678,26.71549],[-108.00929,26.72399],[-108.01085,26.72565],[-108.01923,26.73067],[-108.01524,26.73705],[-108.01372,26.75031],[-108.0057,26.76105],[-108.01426,26.77315],[-108.03765,26.76978],[-108.02682,26.79847],[-108.08456,26.86134],[-108.09411,26.87046],[-108.14425,26.86765],[-108.1396,26.89548],[-108.142,26.89776],[-108.14152,26.90585],[-108.1431,26.90788],[-108.14538,26.90886],[-108.14755,26.90851],[-108.15317,26.89769],[-108.15591,26.89522],[-108.15987,26.89476],[-108.16586,26.89588],[-108.16856,26.89507],[-108.17175,26.89234],[-108.17097,26.88772],[-108.17144,26.88393],[-108.17455,26.88146],[-108.17671,26.88144],[-108.17758,26.8822],[-108.18021,26.89028],[-108.1811,26.89654],[-108.18173,26.89818],[-108.18392,26.89974],[-108.18567,26.89971],[-108.18708,26.89726],[-108.19008,26.89587],[-108.19419,26.89855],[-108.19767,26.90267],[-108.20236,26.90379],[-108.2059,26.90633],[-108.20739,26.906],[-108.20796,26.90462],[-108.20278,26.89062],[-108.20353,26.88767],[-108.20621,26.88555],[-108.20972,26.88544],[-108.21233,26.88615],[-108.21444,26.88801],[-108.22067,26.8978],[-108.23024,26.90572],[-108.22853,26.91031],[-108.22866,26.91283],[-108.22734,26.9144],[-108.2278,26.91803],[-108.22654,26.9213],[-108.22502,26.92288],[-108.22625,26.92953],[-108.22938,26.93062],[-108.23102,26.9328],[-108.23042,26.93696],[-108.22877,26.93857],[-108.23139,26.94071],[-108.22934,26.94145],[-108.22925,26.94267],[-108.23103,26.94348],[-108.23051,26.94796],[-108.23213,26.95051],[-108.23549,26.95347],[-108.23502,26.95862],[-108.23206,26.96108],[-108.23069,26.96102],[-108.23032,26.96186],[-108.2263,26.96364],[-108.21837,26.96479],[-108.21898,26.9719],[-108.21533,26.9704],[-108.21639,26.97357],[-108.21512,26.97409],[-108.21526,26.97578],[-108.21623,26.97656],[-108.21583,26.97768],[-108.21089,26.97799],[-108.21085,26.98038],[-108.20905,26.98046],[-108.20893,26.98163],[-108.20738,26.98311],[-108.20683,26.98257],[-108.20797,26.98106],[-108.20471,26.98029],[-108.20306,26.98122],[-108.20307,26.98239],[-108.20127,26.98302],[-108.19879,26.98093],[-108.19691,26.98112],[-108.19705,26.9838],[-108.19459,26.98356],[-108.19135,26.98564],[-108.18973,26.98559],[-108.18958,26.98679],[-108.18789,26.98636],[-108.1885,26.98888],[-108.18613,26.99175],[-108.18628,26.99311],[-108.18245,26.99302],[-108.18152,26.99411],[-108.18362,26.99531],[-108.18193,26.99658],[-108.18189,26.99946],[-108.18028,27.00016],[-108.1813,27.00079],[-108.18154,27.0032],[-108.18392,27.00668],[-108.1836,27.00906],[-108.18728,27.01027],[-108.18675,27.01217],[-108.18734,27.01344],[-108.18948,27.01454],[-108.19016,27.01974],[-108.19407,27.02318],[-108.19486,27.02623],[-108.19324,27.02532],[-108.19182,27.02589],[-108.19445,27.02893],[-108.19427,27.03195],[-108.19877,27.03519],[-108.20027,27.03422],[-108.2011,27.03148],[-108.20284,27.03066],[-108.20543,27.03257],[-108.20955,27.03229],[-108.21157,27.03445],[-108.21332,27.03357],[-108.21472,27.03022],[-108.21947,27.02909],[-108.22114,27.02773],[-108.22393,27.028],[-108.22585,27.02722],[-108.23214,27.0316],[-108.24122,27.04185],[-108.24294,27.04205],[-108.24617,27.03881],[-108.25045,27.04103],[-108.25567,27.03658],[-108.25859,27.03527],[-108.25819,27.03371],[-108.25983,27.0339],[-108.26085,27.03313],[-108.26046,27.02932],[-108.26303,27.02895],[-108.26232,27.02759],[-108.26293,27.02676],[-108.26988,27.02512],[-108.27022,27.02368],[-108.27313,27.02249],[-108.27373,27.0192],[-108.27475,27.0182],[-108.2807,27.01478],[-108.28161,27.01317],[-108.28601,27.01247],[-108.29093,27.01483],[-108.29021,27.01672],[-108.29081,27.01737],[-108.28931,27.02075],[-108.28891,27.02658],[-108.29085,27.02554],[-108.29463,27.02587],[-108.29503,27.02725],[-108.29929,27.03221],[-108.30162,27.03326],[-108.30339,27.03662],[-108.30743,27.03485],[-108.31013,27.03548],[-108.31656,27.03449],[-108.31748,27.03411],[-108.31868,27.03068],[-108.32271,27.02767],[-108.32305,27.02553],[-108.32598,27.02049],[-108.32524,27.01756],[-108.32225,27.01446],[-108.32203,27.00894],[-108.32491,27.00621],[-108.32761,27.00773],[-108.32997,27.00561],[-108.33333,27.0046],[-108.335,27.00524],[-108.33853,27.00896],[-108.34099,27.01367],[-108.34765,27.01836],[-108.35011,27.02255],[-108.37164,27.02301],[-108.40964,27.0134],[-108.40993,27.01608],[-108.41373,27.02016],[-108.41551,27.02077],[-108.41671,27.02007],[-108.41945,27.02048],[-108.42524,27.02396],[-108.43353,27.02647],[-108.43718,27.02666],[-108.4431,27.0295],[-108.44807,27.02918],[-108.45479,27.02704],[-108.45778,27.02894],[-108.45895,27.03462],[-108.46431,27.0401],[-108.46551,27.03991],[-108.46953,27.03587],[-108.4704,27.03422],[-108.46994,27.03128],[-108.47131,27.0305],[-108.4724,27.03134],[-108.47551,27.03995],[-108.47751,27.03879],[-108.47997,27.03959],[-108.48172,27.03801],[-108.48576,27.0375],[-108.48778,27.03566],[-108.48797,27.03428],[-108.48704,27.03253],[-108.49173,27.03138],[-108.48685,27.02955],[-108.48538,27.02783],[-108.48351,27.02115],[-108.48417,27.01744],[-108.48697,27.01534],[-108.48881,27.01628],[-108.49356,27.01491],[-108.49547,27.01348],[-108.4973,27.01341],[-108.49779,27.01042],[-108.50157,27.0084],[-108.50048,27.00584],[-108.50087,27.00444],[-108.5022,27.00407],[-108.50444,27.00718],[-108.50473,27.00425],[-108.50626,27.00308],[-108.50449,27.00234],[-108.50255,26.99698],[-108.50176,26.99666],[-108.50419,26.99243],[-108.50249,26.98736],[-108.50761,26.98922],[-108.55176,26.99715],[-108.56074,27.00329],[-108.57225,27.01266],[-108.56254,27.04602],[-108.60228,27.03694],[-108.60619,27.06359],[-108.59696,27.0769],[-108.60073,27.11897],[-108.61143,27.15414],[-108.62242,27.15689],[-108.63208,27.16895],[-108.64432,27.17881],[-108.64967,27.17584],[-108.65322,27.17605],[-108.65298,27.17832],[-108.64794,27.18387],[-108.64752,27.1867],[-108.64934,27.1912],[-108.65334,27.18998],[-108.65311,27.19532],[-108.66258,27.21954],[-108.66138,27.22206],[-108.66142,27.22406],[-108.65824,27.22755],[-108.65809,27.23165],[-108.65937,27.23481],[-108.66251,27.23867],[-108.66438,27.2394],[-108.64734,27.25698],[-108.62559,27.28925],[-108.59105,27.31808],[-108.62913,27.38292],[-108.62774,27.41057],[-108.63342,27.42814],[-108.66165,27.46474],[-108.65302,27.46903],[-108.65578,27.47731],[-108.65241,27.53703],[-108.65528,27.5438],[-108.69026,27.55918],[-108.71281,27.56625],[-108.72296,27.58815],[-108.73985,27.59995],[-108.7542,27.63673],[-108.75406,27.64564],[-108.74931,27.66473],[-108.76235,27.67505],[-108.76476,27.6935],[-108.77279,27.6965],[-108.76602,27.70583],[-108.78445,27.71491],[-108.78449,27.73047],[-108.79928,27.72303],[-108.80052,27.72371],[-108.80132,27.72733],[-108.80384,27.7302],[-108.80488,27.73618],[-108.80738,27.73799],[-108.80823,27.73817],[-108.817,27.73217],[-108.83296,27.74435],[-108.89552,27.74481],[-108.92029,27.78397],[-108.91046,27.80914],[-108.90452,27.80768],[-108.88608,27.81367],[-108.88315,27.81996],[-108.87283,27.8316],[-108.86914,27.83929],[-108.91487,27.85401],[-108.91975,27.87094],[-108.92009,27.89081],[-108.92453,27.90086],[-108.92651,27.94059],[-108.95031,27.95404],[-108.96371,27.97252],[-108.9784,27.97875],[-108.93491,28.00252],[-108.96244,28.03043],[-108.92726,28.07803],[-108.89624,28.06585],[-108.89106,28.05657],[-108.85986,28.05171],[-108.84625,28.05685],[-108.79829,28.03312],[-108.78867,28.0333],[-108.77641,28.03019],[-108.79365,28.02086],[-108.66688,27.96478],[-108.65497,27.96629],[-108.65279,27.96401],[-108.6506,27.96462],[-108.63745,27.96079],[-108.63413,27.96141],[-108.63231,27.96674],[-108.6299,27.9673],[-108.62616,27.96631],[-108.62508,27.96691],[-108.62359,27.96973],[-108.61958,27.97232],[-108.61972,27.9761],[-108.61558,27.98389],[-108.61282,27.98707],[-108.61339,27.98786],[-108.61135,27.98864],[-108.61122,27.99051],[-108.61031,27.9914],[-108.60883,27.99236],[-108.60628,27.99217],[-108.60441,27.99532],[-108.60069,27.99149],[-108.59561,27.98966],[-108.59448,27.9927],[-108.58913,27.99709],[-108.58649,27.99396],[-108.58745,27.99128],[-108.58646,27.99016],[-108.58372,27.98842],[-108.57895,27.98985],[-108.57441,27.99444],[-108.57266,27.99828],[-108.56782,27.99986],[-108.5687,28.00366],[-108.56734,28.00554],[-108.56521,28.00646],[-108.56279,28.00628],[-108.56094,28.00769],[-108.55862,28.00767],[-108.55491,28.01108],[-108.55134,28.0118],[-108.55034,28.0147],[-108.55306,28.01922],[-108.55071,28.0205],[-108.54648,28.0186],[-108.54523,28.01879],[-108.54531,28.02225],[-108.5444,28.02495],[-108.53737,28.02465],[-108.53135,28.02041],[-108.4957,28.01484],[-108.49369,28.01601],[-108.44059,28.01933],[-108.43597,28.02597],[-108.43329,28.04532],[-108.41824,28.01037],[-108.39037,28.02082],[-108.3876,27.99545],[-108.38158,27.98353],[-108.38076,27.98385],[-108.37891,27.98255],[-108.37528,27.98356],[-108.37397,27.98468],[-108.36559,27.98385],[-108.35428,27.9864],[-108.35149,27.98569],[-108.35052,27.98356],[-108.34942,27.98416],[-108.34702,27.98361],[-108.34661,27.98217],[-108.34112,27.97965],[-108.33383,27.97905],[-108.33168,27.98013],[-108.3251,27.9808],[-108.32518,27.98361],[-108.32455,27.98356],[-108.32431,27.98474],[-108.31595,27.98789],[-108.31353,27.9878],[-108.3123,27.98689],[-108.30188,27.99344],[-108.29951,27.99541],[-108.29458,28.00443],[-108.27798,28.01793],[-108.24148,28.02446],[-108.17571,28.02579],[-108.16327,28.02243],[-108.15244,28.00443],[-108.15082,28.00428],[-108.14992,28.00641],[-108.14558,28.00937],[-108.1395,28.00772],[-108.13441,28.00511],[-108.12466,28.00515],[-108.12546,28.00231],[-108.12507,27.99813],[-108.12248,27.99301],[-108.11915,27.99174],[-108.11383,27.98558],[-108.11239,27.98814],[-108.11521,27.95823],[-108.09188,27.96383],[-108.08827,27.99787],[-108.08685,28.00061],[-108.08535,28.00283],[-108.08329,28.00387],[-108.07637,28.00474],[-108.06993,28.01366],[-108.0671,28.01704],[-108.06472,28.0184],[-108.05898,28.02599],[-108.05659,28.02621],[-108.05495,28.02792],[-108.05132,28.02806],[-108.04895,28.02988],[-108.04721,28.03318],[-108.04467,28.03357],[-108.04308,28.03685],[-108.0331,28.03727],[-108.03172,28.03975],[-108.03027,28.03965],[-108.02973,28.04262],[-108.02706,28.04332],[-108.02111,28.04227],[-108.02211,28.04152],[-108.02069,28.04128],[-108.02108,28.03995],[-108.01849,28.03983],[-108.01817,28.03816],[-108.0161,28.04042],[-107.97692,28.0424],[-107.97826,28.04742],[-107.97577,28.04654],[-107.97033,28.04726],[-107.96596,28.04247],[-107.95965,28.04079],[-107.9546,28.04266],[-107.95361,28.04455],[-107.9512,28.04589],[-107.94369,28.04238],[-107.94124,28.0399],[-107.92776,28.03528],[-107.92538,28.03128],[-107.92089,28.02897],[-107.91813,28.02467],[-107.91486,28.02295],[-107.91398,28.02105],[-107.91179,28.02006],[-107.91081,28.01863],[-107.9055,28.0155],[-107.90319,28.0106],[-107.90344,28.00874],[-107.90542,28.00625],[-107.90523,28.00419],[-107.89881,28.00681],[-107.89562,28.00635],[-107.89397,28.00701],[-107.8907,28.00551],[-107.88485,28.00007],[-107.8834,28.00042],[-107.88272,28.00243],[-107.88142,28.00299],[-107.87506,27.99845],[-107.87437,27.99507],[-107.87079,27.9929],[-107.87308,27.98998],[-107.87301,27.98861],[-107.87148,27.9866],[-107.87162,27.98439],[-107.86589,27.98197],[-107.86633,27.97942],[-107.86776,27.97841],[-107.86717,27.97656],[-107.86503,27.97694],[-107.86436,27.97557],[-107.86222,27.97555],[-107.86125,27.97372],[-107.85749,27.9737],[-107.85775,27.97286],[-107.85993,27.97281],[-107.86213,27.97051],[-107.86175,27.96912],[-107.86059,27.96933],[-107.86004,27.96725],[-107.861,27.96584],[-107.85857,27.96451],[-107.85984,27.96328],[-107.85932,27.96121],[-107.86021,27.96046],[-107.86112,27.95706],[-107.86112,27.95398],[-107.85923,27.95107],[-107.8592,27.94964],[-107.85452,27.94331],[-107.83732,27.93746],[-107.79944,27.9638],[-107.83088,28.02988],[-107.81822,28.04345],[-107.78342,28.04066],[-107.77976,28.06894],[-107.77755,28.06996],[-107.77568,28.07345],[-107.77202,28.07504],[-107.76523,28.08095],[-107.75032,28.08275],[-107.7496,28.08474],[-107.74625,28.08726],[-107.74233,28.08477],[-107.74126,28.08208],[-107.7378,28.08159],[-107.73594,28.08014],[-107.73348,28.08001],[-107.73209,28.07866],[-107.72079,28.07682],[-107.7093,28.07301],[-107.70534,28.07754],[-107.70401,28.0774],[-107.70119,28.07519],[-107.69811,28.07486],[-107.69589,28.07354],[-107.69252,28.07392],[-107.68585,28.07191],[-107.68134,28.07365],[-107.67212,28.08175],[-107.67304,28.0854],[-107.67225,28.09038],[-107.67279,28.09446],[-107.67095,28.09617],[-107.66887,28.0968],[-107.66662,28.09612],[-107.66401,28.09667],[-107.66282,28.10146],[-107.65973,28.10376],[-107.65776,28.10417],[-107.65521,28.10074],[-107.65425,28.10058],[-107.63601,28.10068],[-107.62974,28.09624],[-107.62703,28.08952],[-107.62713,28.08774],[-107.62264,28.08239],[-107.61612,28.08075],[-107.61545,28.07948],[-107.61282,28.08022],[-107.60279,28.07748],[-107.59083,28.07657],[-107.58416,28.07445],[-107.57947,28.0745],[-107.57874,28.07772],[-107.55401,28.06543],[-107.55507,28.05713],[-107.55304,28.05596],[-107.54825,28.05692],[-107.54151,28.05528],[-107.53964,28.05833],[-107.53529,28.05709],[-107.53187,28.0537],[-107.5299,28.04898],[-107.53017,28.04674],[-107.5289,28.0449],[-107.53397,28.02858],[-107.51999,28.02804],[-107.51677,28.02998],[-107.51371,28.03075],[-107.51261,28.03033],[-107.51265,28.0295],[-107.51134,28.02978],[-107.50796,28.02833],[-107.50467,28.02809],[-107.5024,28.02552],[-107.5,28.02558],[-107.49699,28.02333],[-107.49462,28.02261],[-107.49351,28.02082],[-107.48871,28.02088],[-107.48403,28.01866],[-107.48263,28.01974],[-107.47964,28.0195],[-107.47734,28.01785],[-107.47578,28.02096],[-107.47465,28.02132],[-107.47531,28.02199],[-107.47484,28.02357],[-107.473,28.02409],[-107.4725,28.02567],[-107.4706,28.02663],[-107.46642,28.02584],[-107.46511,28.02632],[-107.46587,28.02984],[-107.46193,28.03387],[-107.45927,28.03366],[-107.45832,28.03103],[-107.456,28.03004],[-107.45679,28.03216],[-107.45503,28.03538],[-107.45702,28.03619],[-107.45553,28.0371],[-107.45654,28.03911],[-107.4532,28.0385],[-107.4519,28.03956],[-107.44734,28.03821],[-107.44559,28.03571],[-107.44281,28.03439],[-107.43608,28.03429],[-107.43226,28.03507],[-107.42733,28.0333],[-107.42336,28.03319],[-107.42183,28.0342],[-107.41903,28.0341],[-107.41643,28.03212],[-107.41577,28.03036],[-107.41292,28.02875],[-107.40604,28.02723],[-107.40468,28.02559],[-107.39809,28.02191],[-107.39029,28.01909],[-107.38578,28.01139],[-107.37939,28.00819],[-107.37296,28.00909],[-107.37128,28.00852],[-107.36991,28.0094],[-107.36556,28.007],[-107.36342,28.00765],[-107.36337,28.00674],[-107.35811,28.00574],[-107.35285,28.00625],[-107.35104,28.00569],[-107.34691,28.00647],[-107.3427,28.00468],[-107.33855,28.00161],[-107.33853,28.00566],[-107.34255,28.00857],[-107.34566,28.016],[-107.34746,28.01841],[-107.34925,28.01907],[-107.34675,28.02184],[-107.3432,28.02318],[-107.33334,28.02146],[-107.33041,28.01908],[-107.3287,28.0163],[-107.32365,28.01828],[-107.32028,28.02058],[-107.31598,28.01801],[-107.31447,28.01789],[-107.31284,28.02082],[-107.313,28.02266],[-107.30895,28.02356],[-107.30402,28.0192],[-107.3014,28.01912],[-107.30075,28.01658],[-107.29853,28.01529],[-107.29671,28.01549],[-107.29404,28.02094],[-107.29158,28.02203],[-107.28667,28.01983],[-107.28596,28.01875],[-107.2834,28.01913],[-107.28201,28.02019],[-107.27789,28.01812],[-107.27558,28.01474],[-107.27173,28.01242],[-107.26747,28.01427],[-107.26673,28.01628],[-107.2643,28.0163],[-107.26219,28.01828],[-107.26108,28.021],[-107.25892,28.02268],[-107.26073,28.02703],[-107.25997,28.02819],[-107.25834,28.02815],[-107.26077,28.02832],[-107.26087,28.02923],[-107.26202,28.02949],[-107.26285,28.03489],[-107.26184,28.03506],[-107.26202,28.03643],[-107.26403,28.04083],[-107.24372,28.03682],[-107.2307,28.09949],[-107.19285,28.09445],[-107.1906,28.10169],[-107.18408,28.1003],[-107.18042,28.12631],[-107.17309,28.12468],[-107.17057,28.14283],[-107.14557,28.13818],[-107.14135,28.15665],[-107.16088,28.18808],[-107.12854,28.18694],[-107.13143,28.17156],[-107.10767,28.16757],[-107.1099,28.15197],[-107.12853,28.14704]]]]}},{"type":"Feature","properties":{"nombre":"Tuxtlas, Popolucas, Náhuatl de Veracruz"},"geometry":{"type":"MultiPolygon","coordinates":[[[[-95.02821,17.35369],[-95.02671,17.36063],[-95.02245,17.36608],[-95.00115,17.36964],[-94.98624,17.38214],[-94.97753,17.37707],[-94.95995,17.37776],[-94.94859,17.38037],[-94.93036,17.37992],[-94.91097,17.3725],[-94.90089,17.3713],[-94.89335,17.36821],[-94.87581,17.37214],[-94.86463,17.38601],[-94.85282,17.38575],[-94.84448,17.39781],[-94.83312,17.40865],[-94.83295,17.41808],[-94.83566,17.42491],[-94.83348,17.43942],[-94.8277,17.43462],[-94.82628,17.43863],[-94.82043,17.43912],[-94.81026,17.43001],[-94.80749,17.42991],[-94.80563,17.43123],[-94.80439,17.43897],[-94.80356,17.43989],[-94.79548,17.44192],[-94.79362,17.44172],[-94.79194,17.44286],[-94.78638,17.44712],[-94.78467,17.45023],[-94.78319,17.4509],[-94.78142,17.45503],[-94.78216,17.45581],[-94.78089,17.45666],[-94.77929,17.4598],[-94.7765,17.45858],[-94.77509,17.45867],[-94.77492,17.46],[-94.77212,17.46016],[-94.77081,17.45898],[-94.76806,17.46186],[-94.76923,17.46295],[-94.76962,17.468],[-94.76725,17.46772],[-94.76706,17.46704],[-94.76648,17.46831],[-94.76582,17.46826],[-94.76422,17.46764],[-94.76444,17.46576],[-94.76278,17.46572],[-94.76301,17.46204],[-94.76178,17.46192],[-94.76136,17.46392],[-94.76235,17.46429],[-94.76183,17.46627],[-94.76096,17.46637],[-94.75933,17.46489],[-94.7596,17.46329],[-94.75693,17.46295],[-94.75647,17.46144],[-94.75492,17.46189],[-94.75477,17.46308],[-94.75345,17.46326],[-94.75326,17.46245],[-94.75033,17.46176],[-94.7497,17.4623],[-94.74732,17.45861],[-94.74519,17.45779],[-94.74538,17.45633],[-94.74373,17.45567],[-94.74462,17.4545],[-94.74584,17.45466],[-94.74564,17.45341],[-94.74504,17.45358],[-94.74403,17.45199],[-94.74456,17.45096],[-94.74619,17.45122],[-94.74668,17.45058],[-94.74637,17.44905],[-94.74798,17.44785],[-94.7477,17.44681],[-94.75076,17.4466],[-94.75055,17.44175],[-94.75571,17.44246],[-94.7549,17.43982],[-94.74976,17.4391],[-94.74769,17.43368],[-94.74253,17.43082],[-94.74142,17.42878],[-94.74096,17.42471],[-94.73876,17.4237],[-94.73566,17.42605],[-94.73386,17.4254],[-94.72848,17.42809],[-94.72138,17.42485],[-94.71875,17.42456],[-94.71805,17.42391],[-94.71886,17.4227],[-94.71668,17.41674],[-94.71329,17.41387],[-94.71878,17.41011],[-94.71878,17.40945],[-94.71492,17.40854],[-94.71488,17.40789],[-94.71862,17.40449],[-94.71893,17.4002],[-94.7174,17.40011],[-94.71709,17.39838],[-94.7181,17.39427],[-94.72661,17.39327],[-94.72719,17.39254],[-94.73042,17.39199],[-94.73161,17.38646],[-94.73039,17.38478],[-94.73529,17.37801],[-94.73284,17.37453],[-94.73072,17.37419],[-94.72593,17.37651],[-94.72426,17.37382],[-94.72004,17.37514],[-94.71755,17.37049],[-94.72274,17.36972],[-94.72338,17.36794],[-94.71959,17.36518],[-94.71683,17.36497],[-94.71268,17.37045],[-94.71201,17.37681],[-94.71031,17.37652],[-94.71024,17.37295],[-94.70882,17.37169],[-94.70613,17.3742],[-94.70054,17.37426],[-94.69853,17.37608],[-94.70019,17.37898],[-94.70282,17.37926],[-94.7026,17.38519],[-94.70044,17.38385],[-94.69643,17.3859],[-94.69541,17.3854],[-94.69464,17.38342],[-94.68943,17.38583],[-94.69321,17.39131],[-94.69364,17.39249],[-94.69272,17.39315],[-94.68765,17.39111],[-94.68663,17.3892],[-94.68925,17.3847],[-94.68975,17.38215],[-94.68526,17.38122],[-94.68288,17.37807],[-94.68186,17.37828],[-94.68129,17.38089],[-94.68059,17.38126],[-94.67744,17.37765],[-94.67675,17.37807],[-94.67523,17.38257],[-94.67409,17.38378],[-94.67338,17.38373],[-94.67246,17.38061],[-94.67132,17.37963],[-94.66792,17.38191],[-94.66411,17.38296],[-94.65514,17.38146],[-94.65198,17.37984],[-94.65204,17.37903],[-94.65592,17.3776],[-94.65769,17.37517],[-94.6563,17.37376],[-94.65139,17.372],[-94.6487,17.36846],[-94.64553,17.36034],[-94.64781,17.35704],[-94.64853,17.35716],[-94.64955,17.36138],[-94.65204,17.36084],[-94.65564,17.36484],[-94.65819,17.36499],[-94.65915,17.36341],[-94.66672,17.36618],[-94.6692,17.36593],[-94.66926,17.36529],[-94.66885,17.36456],[-94.66441,17.36327],[-94.66222,17.35953],[-94.66254,17.35817],[-94.66097,17.35661],[-94.65984,17.35143],[-94.662,17.34994],[-94.66087,17.34469],[-94.65868,17.34411],[-94.65819,17.34242],[-94.65948,17.3417],[-94.66006,17.34027],[-94.65853,17.33855],[-94.6562,17.33762],[-94.65517,17.33605],[-94.65632,17.33167],[-94.65241,17.3281],[-94.65061,17.32885],[-94.64912,17.32826],[-94.64806,17.32263],[-94.64465,17.32273],[-94.64249,17.32081],[-94.64097,17.3224],[-94.63904,17.32139],[-94.63355,17.3685],[-94.63324,17.37642],[-94.63226,17.3795],[-94.62335,17.37823],[-94.61993,17.37631],[-94.60871,17.36989],[-94.60949,17.36612],[-94.59946,17.36083],[-94.59539,17.40107],[-94.49424,17.38839],[-94.48571,17.39961],[-94.47923,17.40244],[-94.47831,17.40537],[-94.48091,17.40301],[-94.48463,17.4078],[-94.48471,17.40048],[-94.48797,17.40214],[-94.48813,17.40807],[-94.49224,17.40748],[-94.49197,17.40626],[-94.49108,17.40626],[-94.49092,17.4027],[-94.49185,17.40274],[-94.49196,17.40443],[-94.49696,17.40448],[-94.49708,17.40765],[-94.50268,17.40736],[-94.50506,17.4065],[-94.50544,17.40814],[-94.50727,17.40804],[-94.50756,17.40999],[-94.51152,17.4111],[-94.51123,17.41293],[-94.51841,17.41429],[-94.52321,17.41417],[-94.52308,17.41802],[-94.5296,17.41816],[-94.53062,17.42363],[-94.53168,17.42363],[-94.53245,17.4323],[-94.53621,17.43289],[-94.53529,17.44182],[-94.53136,17.44123],[-94.53099,17.45948],[-94.51934,17.45845],[-94.51956,17.46291],[-94.47923,17.45909],[-94.44743,17.45504],[-94.43252,17.4538],[-94.43137,17.45512],[-94.43365,17.45543],[-94.43389,17.45617],[-94.43276,17.45764],[-94.43463,17.45805],[-94.43423,17.45956],[-94.43264,17.46068],[-94.43466,17.46145],[-94.43644,17.46114],[-94.43642,17.46463],[-94.43468,17.46719],[-94.43772,17.46672],[-94.43961,17.46533],[-94.44009,17.46884],[-94.44219,17.46897],[-94.44289,17.46767],[-94.44349,17.46805],[-94.44279,17.47036],[-94.44532,17.47122],[-94.44595,17.47537],[-94.44356,17.4763],[-94.44031,17.47521],[-94.44206,17.47762],[-94.44265,17.48027],[-94.44413,17.48034],[-94.44474,17.47903],[-94.4432,17.4784],[-94.44525,17.47762],[-94.44718,17.48118],[-94.44885,17.48176],[-94.45038,17.48023],[-94.45214,17.48078],[-94.45246,17.47945],[-94.45458,17.47955],[-94.45865,17.4816],[-94.45664,17.48196],[-94.45614,17.48323],[-94.45746,17.48351],[-94.45663,17.48472],[-94.4555,17.48485],[-94.45543,17.4861],[-94.45785,17.48718],[-94.45619,17.48765],[-94.45604,17.4888],[-94.45453,17.48904],[-94.45553,17.49018],[-94.45698,17.49034],[-94.45661,17.4918],[-94.46022,17.49161],[-94.46045,17.49032],[-94.45916,17.48957],[-94.45943,17.48811],[-94.46551,17.48775],[-94.46548,17.48871],[-94.4637,17.48973],[-94.46465,17.49146],[-94.46619,17.49172],[-94.46555,17.49236],[-94.46597,17.494],[-94.46809,17.49519],[-94.46641,17.49608],[-94.46659,17.49766],[-94.46756,17.49739],[-94.46674,17.49818],[-94.47011,17.49778],[-94.46893,17.50124],[-94.46805,17.50167],[-94.46895,17.50315],[-94.47129,17.5037],[-94.47111,17.50473],[-94.46736,17.50555],[-94.46658,17.5066],[-94.47286,17.50879],[-94.47135,17.51182],[-94.47237,17.51282],[-94.47162,17.51375],[-94.46992,17.51395],[-94.46803,17.51597],[-94.47015,17.51898],[-94.46955,17.52246],[-94.47115,17.5233],[-94.47361,17.52216],[-94.47387,17.52128],[-94.47574,17.52097],[-94.47821,17.52327],[-94.47825,17.52506],[-94.476,17.52461],[-94.47472,17.52541],[-94.47674,17.52641],[-94.47602,17.52756],[-94.47687,17.52846],[-94.47569,17.52902],[-94.47384,17.52708],[-94.47275,17.52753],[-94.47335,17.53151],[-94.47227,17.53426],[-94.47334,17.53499],[-94.47277,17.53616],[-94.47045,17.53638],[-94.46903,17.53532],[-94.46777,17.53598],[-94.4689,17.53757],[-94.47234,17.53959],[-94.47312,17.53822],[-94.47367,17.53852],[-94.47285,17.54365],[-94.47461,17.54302],[-94.47513,17.5412],[-94.47721,17.54327],[-94.47735,17.54564],[-94.47418,17.54581],[-94.47314,17.54677],[-94.4752,17.54778],[-94.4749,17.54887],[-94.47804,17.55046],[-94.47723,17.55097],[-94.47319,17.55015],[-94.47041,17.55124],[-94.47082,17.55251],[-94.4741,17.55423],[-94.47234,17.55487],[-94.46921,17.554],[-94.47002,17.55634],[-94.46751,17.55923],[-94.46886,17.55964],[-94.46824,17.56037],[-94.4677,17.5595],[-94.46463,17.56081],[-94.46323,17.56031],[-94.46186,17.56241],[-94.46363,17.56371],[-94.46389,17.56495],[-94.46471,17.56498],[-94.46429,17.56716],[-94.46294,17.56717],[-94.46071,17.56442],[-94.45998,17.56494],[-94.46056,17.56612],[-94.45932,17.56718],[-94.45825,17.5648],[-94.45737,17.56452],[-94.45687,17.56604],[-94.45838,17.56832],[-94.45654,17.56896],[-94.4531,17.56768],[-94.45336,17.56889],[-94.45127,17.5704],[-94.45131,17.5721],[-94.45033,17.57287],[-94.45083,17.57359],[-94.44893,17.57694],[-94.44951,17.57907],[-94.44803,17.57913],[-94.44936,17.58179],[-94.44771,17.58142],[-94.44604,17.57871],[-94.44388,17.57924],[-94.44666,17.58197],[-94.44402,17.58447],[-94.44407,17.5814],[-94.44198,17.58068],[-94.44313,17.58304],[-94.44182,17.58411],[-94.43966,17.58424],[-94.4405,17.58583],[-94.43899,17.58674],[-94.43903,17.58864],[-94.43563,17.59123],[-94.4405,17.59378],[-94.43801,17.59763],[-94.4386,17.59815],[-94.4419,17.59753],[-94.44349,17.60224],[-94.44086,17.60177],[-94.43973,17.59969],[-94.43797,17.60135],[-94.43682,17.60073],[-94.43609,17.602],[-94.43704,17.60331],[-94.43721,17.60611],[-94.43887,17.60622],[-94.43553,17.60804],[-94.43779,17.61005],[-94.44074,17.60929],[-94.44268,17.60986],[-94.44322,17.61134],[-94.44301,17.61186],[-94.44048,17.61013],[-94.43933,17.61192],[-94.4394,17.61384],[-94.44087,17.6135],[-94.43917,17.61867],[-94.44009,17.61927],[-94.44099,17.61794],[-94.44285,17.61873],[-94.43962,17.62091],[-94.4398,17.62247],[-94.44363,17.62197],[-94.44653,17.61914],[-94.44938,17.62113],[-94.44397,17.62436],[-94.44528,17.62519],[-94.44683,17.62433],[-94.45105,17.62759],[-94.4551,17.62799],[-94.45759,17.62626],[-94.46082,17.62659],[-94.46239,17.62806],[-94.46263,17.62949],[-94.46376,17.62887],[-94.46618,17.63206],[-94.46703,17.63621],[-94.46597,17.64001],[-94.46711,17.64046],[-94.47006,17.63973],[-94.47416,17.63755],[-94.47412,17.63871],[-94.47037,17.64023],[-94.46805,17.6422],[-94.46787,17.64393],[-94.47023,17.6437],[-94.47163,17.64221],[-94.47576,17.64453],[-94.47794,17.64282],[-94.47798,17.64377],[-94.47974,17.64517],[-94.48209,17.64351],[-94.48178,17.64221],[-94.48005,17.64162],[-94.48288,17.64162],[-94.48319,17.64357],[-94.48748,17.64595],[-94.48716,17.64698],[-94.48617,17.64549],[-94.48389,17.64607],[-94.48292,17.64765],[-94.48401,17.64874],[-94.48493,17.64728],[-94.48647,17.64909],[-94.48437,17.64975],[-94.48412,17.65112],[-94.48701,17.65336],[-94.48784,17.65298],[-94.4886,17.65049],[-94.49104,17.65016],[-94.49316,17.64849],[-94.49253,17.64444],[-94.49605,17.64864],[-94.49874,17.64845],[-94.49961,17.64714],[-94.49927,17.64556],[-94.49731,17.64204],[-94.50296,17.63853],[-94.50395,17.63968],[-94.50071,17.64362],[-94.49929,17.64424],[-94.49988,17.64495],[-94.50278,17.64325],[-94.50693,17.64254],[-94.50741,17.64349],[-94.50641,17.6452],[-94.50185,17.64635],[-94.50456,17.64875],[-94.5075,17.64844],[-94.51068,17.65376],[-94.51255,17.65248],[-94.51341,17.64968],[-94.51062,17.64672],[-94.51397,17.64396],[-94.51341,17.64244],[-94.51719,17.64112],[-94.51807,17.64166],[-94.51742,17.64387],[-94.52089,17.64501],[-94.52335,17.64406],[-94.52569,17.64496],[-94.52534,17.64321],[-94.52616,17.64315],[-94.52797,17.64504],[-94.52638,17.64583],[-94.52439,17.64849],[-94.52695,17.6488],[-94.52938,17.65151],[-94.53538,17.65337],[-94.53812,17.65302],[-94.54042,17.65108],[-94.54184,17.65346],[-94.54257,17.65262],[-94.53942,17.64696],[-94.54275,17.64593],[-94.54653,17.64294],[-94.54853,17.64476],[-94.55347,17.64189],[-94.55442,17.64638],[-94.55579,17.64565],[-94.55707,17.64894],[-94.55624,17.64937],[-94.5563,17.65539],[-94.56102,17.65539],[-94.56295,17.65345],[-94.56313,17.65218],[-94.56438,17.65211],[-94.56824,17.64739],[-94.57075,17.64594],[-94.57154,17.6474],[-94.57532,17.64741],[-94.57546,17.64843],[-94.57752,17.64739],[-94.58004,17.65694],[-94.5904,17.71114],[-94.58918,17.71273],[-94.58638,17.71319],[-94.58217,17.71225],[-94.58263,17.71584],[-94.57954,17.71696],[-94.58116,17.71826],[-94.58415,17.71761],[-94.58392,17.71876],[-94.58192,17.71924],[-94.5852,17.72153],[-94.5825,17.7209],[-94.58225,17.72245],[-94.5862,17.72219],[-94.58744,17.72282],[-94.58827,17.72438],[-94.58723,17.72594],[-94.58988,17.72543],[-94.58897,17.72738],[-94.59178,17.72898],[-94.59191,17.73137],[-94.59296,17.73087],[-94.59279,17.72759],[-94.59391,17.72605],[-94.59471,17.72636],[-94.59512,17.72797],[-94.5945,17.72949],[-94.59511,17.73001],[-94.59622,17.72924],[-94.59763,17.72582],[-94.59959,17.72708],[-94.59848,17.72901],[-94.59923,17.72962],[-94.60233,17.72733],[-94.60247,17.72834],[-94.60034,17.7318],[-94.60121,17.73334],[-94.60036,17.73493],[-94.60085,17.73867],[-94.6003,17.74009],[-94.59909,17.73982],[-94.5989,17.74279],[-94.59969,17.74285],[-94.60138,17.7452],[-94.60369,17.75208],[-94.60483,17.75131],[-94.60644,17.75182],[-94.60886,17.75427],[-94.60578,17.75802],[-94.60702,17.76301],[-94.60427,17.76441],[-94.60353,17.76691],[-94.60509,17.76732],[-94.60518,17.76898],[-94.60172,17.76852],[-94.59898,17.76939],[-94.59987,17.77214],[-94.59592,17.78023],[-94.59584,17.78111],[-94.59734,17.78228],[-94.59567,17.78356],[-94.59397,17.78285],[-94.59156,17.78461],[-94.59026,17.78376],[-94.58868,17.78592],[-94.58746,17.78523],[-94.58324,17.79101],[-94.58292,17.7939],[-94.58105,17.79532],[-94.57991,17.79916],[-94.57656,17.80228],[-94.57607,17.80403],[-94.5725,17.80584],[-94.57183,17.80764],[-94.5677,17.80521],[-94.56594,17.80625],[-94.56396,17.80969],[-94.56414,17.81126],[-94.56595,17.81229],[-94.56744,17.8108],[-94.57023,17.8135],[-94.57185,17.81186],[-94.5756,17.81531],[-94.57775,17.81625],[-94.58106,17.81387],[-94.5886,17.81467],[-94.60547,17.80698],[-94.60975,17.80907],[-94.60805,17.81292],[-94.60812,17.81525],[-94.6057,17.81722],[-94.60454,17.81684],[-94.60401,17.81831],[-94.60239,17.81849],[-94.60296,17.82021],[-94.60012,17.82112],[-94.59994,17.82248],[-94.60356,17.82304],[-94.60349,17.82402],[-94.60435,17.8245],[-94.60777,17.82065],[-94.61126,17.82062],[-94.61241,17.81853],[-94.6147,17.81886],[-94.61592,17.81499],[-94.61876,17.81856],[-94.61876,17.8195],[-94.61604,17.81995],[-94.61789,17.82471],[-94.61606,17.83052],[-94.61442,17.83066],[-94.61398,17.83145],[-94.62054,17.83115],[-94.62025,17.83441],[-94.62523,17.83424],[-94.62471,17.83607],[-94.62752,17.8366],[-94.62597,17.83863],[-94.63142,17.84112],[-94.63047,17.84211],[-94.63372,17.84396],[-94.63127,17.84704],[-94.6232,17.84597],[-94.62229,17.8466],[-94.62241,17.84805],[-94.62858,17.84946],[-94.62804,17.85146],[-94.62894,17.85345],[-94.6318,17.85374],[-94.63764,17.85082],[-94.63935,17.85168],[-94.64111,17.85959],[-94.64211,17.86154],[-94.64483,17.86297],[-94.64805,17.86339],[-94.65628,17.85935],[-94.65777,17.86081],[-94.6576,17.86352],[-94.65646,17.86595],[-94.65543,17.86661],[-94.64886,17.86684],[-94.64759,17.86773],[-94.64664,17.86992],[-94.65116,17.87066],[-94.65302,17.87196],[-94.65396,17.87476],[-94.65457,17.88182],[-94.65608,17.88213],[-94.65746,17.87748],[-94.65911,17.87482],[-94.66188,17.87297],[-94.66688,17.87242],[-94.6738,17.8747],[-94.67946,17.88114],[-94.6812,17.88209],[-94.68273,17.88181],[-94.68227,17.88677],[-94.68645,17.88481],[-94.68979,17.88693],[-94.68592,17.88999],[-94.68425,17.88957],[-94.68187,17.89156],[-94.68087,17.89338],[-94.68145,17.89533],[-94.68021,17.89931],[-94.68129,17.90083],[-94.68502,17.90214],[-94.68738,17.90531],[-94.6884,17.91106],[-94.68793,17.91256],[-94.68984,17.91814],[-94.68833,17.91989],[-94.68726,17.91974],[-94.68582,17.92098],[-94.68557,17.92229],[-94.68686,17.92486],[-94.68585,17.92668],[-94.68583,17.93016],[-94.68474,17.93143],[-94.68501,17.93589],[-94.68392,17.93828],[-94.68106,17.94225],[-94.678,17.94082],[-94.67411,17.94043],[-94.67143,17.95566],[-94.67482,17.95904],[-94.67632,17.96227],[-94.68167,17.96123],[-94.6833,17.95934],[-94.68841,17.95763],[-94.69298,17.96097],[-94.69336,17.96366],[-94.6944,17.96376],[-94.6945,17.96461],[-94.69642,17.9646],[-94.69653,17.96714],[-94.69556,17.96948],[-94.69606,17.97248],[-94.6933,17.97615],[-94.69186,17.98232],[-94.69265,17.98504],[-94.69147,17.98813],[-94.6927,17.99139],[-94.69222,17.99813],[-94.6931,18.00325],[-94.69224,18.00654],[-94.68316,18.01249],[-94.68144,18.01237],[-94.67569,18.00925],[-94.67368,18.01014],[-94.67108,18.01336],[-94.66958,18.01398],[-94.66662,18.014],[-94.66363,18.01204],[-94.66139,18.01217],[-94.65688,18.01605],[-94.64905,18.01829],[-94.61938,18.0382],[-94.61197,18.05281],[-94.60405,18.05981],[-94.60683,18.07598],[-94.60543,18.07558],[-94.60234,18.07241],[-94.60223,18.07324],[-94.59987,18.07357],[-94.59982,18.0747],[-94.59594,18.07476],[-94.59566,18.0802],[-94.59271,18.08023],[-94.59261,18.08288],[-94.59043,18.08357],[-94.58952,18.08615],[-94.59098,18.08753],[-94.58892,18.08758],[-94.58786,18.09072],[-94.59018,18.09166],[-94.5916,18.09423],[-94.59141,18.09523],[-94.59331,18.09484],[-94.59416,18.09634],[-94.59683,18.09774],[-94.5967,18.09856],[-94.59909,18.09879],[-94.59996,18.10039],[-94.60519,18.10074],[-94.6098,18.10545],[-94.61348,18.1075],[-94.61475,18.10716],[-94.61414,18.10568],[-94.61498,18.10259],[-94.6127,18.1025],[-94.61289,18.09865],[-94.61758,18.0988],[-94.61794,18.09788],[-94.61875,18.09878],[-94.61784,18.09979],[-94.61872,18.10039],[-94.61997,18.09871],[-94.62116,18.09894],[-94.62155,18.10037],[-94.62228,18.10042],[-94.6223,18.09977],[-94.62674,18.0999],[-94.6269,18.09621],[-94.62864,18.09627],[-94.62872,18.09364],[-94.63411,18.09383],[-94.63951,18.09239],[-94.6422,18.09464],[-94.64582,18.0949],[-94.65341,18.08939],[-94.65568,18.0904],[-94.65771,18.08974],[-94.66076,18.09104],[-94.66164,18.08773],[-94.66208,18.08833],[-94.66128,18.09117],[-94.66245,18.09147],[-94.66253,18.09745],[-94.6632,18.09833],[-94.66615,18.09746],[-94.66725,18.09504],[-94.66923,18.09384],[-94.66786,18.09273],[-94.66835,18.09155],[-94.66896,18.09287],[-94.67002,18.09234],[-94.67122,18.0943],[-94.67288,18.09196],[-94.67457,18.09282],[-94.67612,18.09196],[-94.67662,18.0911],[-94.67608,18.08862],[-94.67813,18.09114],[-94.67795,18.09279],[-94.67662,18.09297],[-94.67652,18.09425],[-94.67475,18.09591],[-94.67552,18.09673],[-94.67707,18.09539],[-94.67789,18.09785],[-94.68079,18.09706],[-94.68088,18.09794],[-94.68267,18.09823],[-94.68539,18.09718],[-94.6843,18.09795],[-94.68444,18.09923],[-94.6852,18.09977],[-94.68649,18.09906],[-94.6887,18.10103],[-94.68961,18.0992],[-94.68854,18.09921],[-94.68911,18.09806],[-94.69343,18.09999],[-94.69244,18.10186],[-94.69319,18.10244],[-94.69439,18.10236],[-94.69548,18.09881],[-94.69628,18.09969],[-94.69506,18.10023],[-94.69582,18.10155],[-94.69727,18.10033],[-94.69749,18.09846],[-94.6988,18.09858],[-94.69947,18.09986],[-94.70204,18.10049],[-94.70194,18.10301],[-94.70305,18.10547],[-94.70617,18.10421],[-94.70685,18.10431],[-94.70692,18.10548],[-94.70887,18.10587],[-94.70782,18.10383],[-94.71119,18.10524],[-94.71304,18.10386],[-94.71234,18.10725],[-94.71095,18.10835],[-94.71119,18.11021],[-94.71372,18.11128],[-94.71444,18.11104],[-94.71392,18.11026],[-94.71647,18.10973],[-94.71653,18.11146],[-94.71871,18.11158],[-94.71832,18.11299],[-94.71938,18.11488],[-94.72023,18.11474],[-94.72018,18.11309],[-94.72599,18.11483],[-94.72705,18.11697],[-94.72668,18.11987],[-94.73095,18.1186],[-94.73291,18.11586],[-94.73996,18.11855],[-94.74127,18.11529],[-94.74312,18.1172],[-94.74411,18.11466],[-94.74163,18.11221],[-94.74373,18.10546],[-94.73646,18.10193],[-94.73934,18.09563],[-94.74403,18.0901],[-94.7431,18.08755],[-94.74406,18.08332],[-94.74499,18.08269],[-94.7497,18.08208],[-94.75959,18.08537],[-94.77268,18.08577],[-94.77224,18.0843],[-94.7771,18.08533],[-94.7773,18.08476],[-94.78679,18.08817],[-94.78859,18.08281],[-94.79451,18.08495],[-94.79678,18.08656],[-94.79673,18.08553],[-94.80023,18.08657],[-94.80013,18.07411],[-94.79624,18.07408],[-94.79668,18.07356],[-94.79517,18.07217],[-94.81222,18.05087],[-94.81622,18.05309],[-94.81871,18.05884],[-94.8205,18.06111],[-94.82751,18.05884],[-94.82998,18.05993],[-94.8389,18.06029],[-94.84936,18.05371],[-94.84912,18.0544],[-94.85134,18.05594],[-94.85581,18.05588],[-94.85985,18.05255],[-94.85969,18.05074],[-94.85709,18.04944],[-94.85735,18.04256],[-94.85452,18.03967],[-94.86819,18.04194],[-94.86898,18.04151],[-94.87033,18.03676],[-94.87203,18.03501],[-94.87074,18.0328],[-94.87121,18.03139],[-94.8656,18.02678],[-94.86459,18.0273],[-94.86486,18.02647],[-94.86384,18.02558],[-94.86457,18.02374],[-94.86398,18.02311],[-94.86461,18.02273],[-94.86433,18.02109],[-94.86215,18.01989],[-94.86149,18.01703],[-94.8592,18.01445],[-94.85692,18.00943],[-94.8561,18.00914],[-94.85599,18.00535],[-94.85276,18.00504],[-94.8514,18.00246],[-94.85006,18.00174],[-94.8508,18.00054],[-94.84951,17.99845],[-94.85068,17.99663],[-94.84982,17.99436],[-94.85022,17.99306],[-94.85338,17.99379],[-94.85385,17.99187],[-94.86177,17.9946],[-94.8621,17.99367],[-94.86587,17.99372],[-94.86763,17.99272],[-94.87092,17.98781],[-94.87234,17.98703],[-94.87392,17.98736],[-94.87768,17.99139],[-94.88153,17.99382],[-94.88511,17.99522],[-94.89055,17.99495],[-94.8925,17.99619],[-94.89408,17.99859],[-94.89572,17.99732],[-94.89504,17.99184],[-94.89724,17.98799],[-94.90007,17.97737],[-94.89843,17.97438],[-94.89925,17.97152],[-94.91187,17.97128],[-94.90838,17.96329],[-94.90753,17.95888],[-94.9066,17.95939],[-94.89988,17.95714],[-94.89854,17.95938],[-94.89427,17.95472],[-94.89187,17.95375],[-94.89074,17.95411],[-94.89053,17.95244],[-94.89282,17.95225],[-94.89663,17.94859],[-94.90032,17.94635],[-94.91372,17.93364],[-94.91879,17.93386],[-94.91949,17.93498],[-94.93924,17.90997],[-94.91701,17.9113],[-94.91751,17.90564],[-94.92001,17.90225],[-94.94483,17.90298],[-94.94956,17.89645],[-94.94738,17.89314],[-94.94637,17.89278],[-94.92919,17.89051],[-94.92855,17.8878],[-94.932,17.88828],[-94.93147,17.88463],[-94.93221,17.88448],[-94.93204,17.88067],[-94.93511,17.87925],[-94.93482,17.87789],[-94.93244,17.87731],[-94.93272,17.87658],[-94.93144,17.876],[-94.93274,17.87394],[-94.9297,17.87302],[-94.92972,17.87015],[-94.92891,17.87016],[-94.92498,17.86515],[-94.91785,17.86234],[-94.91652,17.86247],[-94.91496,17.86459],[-94.91385,17.86161],[-94.91072,17.86022],[-94.91122,17.85739],[-94.91062,17.8548],[-94.91146,17.85118],[-94.90298,17.8517],[-94.90241,17.84947],[-94.90003,17.85182],[-94.89554,17.84745],[-94.8975,17.84555],[-94.89679,17.84519],[-94.89683,17.84355],[-94.89996,17.8435],[-94.89988,17.84034],[-94.89449,17.84039],[-94.89422,17.83939],[-94.89506,17.83817],[-94.89365,17.83728],[-94.89395,17.83682],[-94.88388,17.83691],[-94.88096,17.83079],[-94.88403,17.83071],[-94.89252,17.81607],[-94.8904,17.80805],[-94.89134,17.79988],[-94.89055,17.79711],[-94.88228,17.79329],[-94.88217,17.79118],[-94.87844,17.78938],[-94.87819,17.78694],[-94.8755,17.7803],[-94.87151,17.77727],[-94.86736,17.77591],[-94.86315,17.77651],[-94.85703,17.77431],[-94.85458,17.77462],[-94.852,17.77871],[-94.85111,17.77793],[-94.84993,17.77889],[-94.84781,17.77779],[-94.84596,17.77829],[-94.84575,17.77767],[-94.8418,17.77794],[-94.84059,17.77735],[-94.84031,17.77573],[-94.84172,17.77161],[-94.83961,17.77021],[-94.83916,17.76382],[-94.85206,17.75821],[-94.85382,17.75939],[-94.86134,17.76029],[-94.86232,17.76187],[-94.86891,17.76478],[-94.8697,17.7649],[-94.87192,17.76228],[-94.8769,17.76291],[-94.87714,17.75678],[-94.87979,17.75074],[-94.87694,17.7487],[-94.87622,17.74724],[-94.87039,17.74728],[-94.86836,17.74555],[-94.8682,17.74263],[-94.86557,17.73971],[-94.86498,17.73977],[-94.86493,17.74122],[-94.86358,17.7405],[-94.86343,17.74283],[-94.86199,17.74371],[-94.86002,17.74285],[-94.85828,17.74372],[-94.8559,17.74306],[-94.85499,17.74087],[-94.85167,17.74121],[-94.84937,17.73887],[-94.84602,17.7391],[-94.84533,17.73787],[-94.84503,17.73872],[-94.84353,17.7379],[-94.83352,17.73817],[-94.83195,17.73743],[-94.8313,17.7382],[-94.82773,17.7337],[-94.82497,17.73212],[-94.8202,17.73121],[-94.81914,17.72997],[-94.81963,17.72707],[-94.82423,17.72534],[-94.82605,17.72355],[-94.82702,17.71675],[-94.83129,17.71405],[-94.82686,17.71119],[-94.82611,17.70973],[-94.82947,17.70592],[-94.8241,17.70296],[-94.82445,17.70158],[-94.82761,17.69939],[-94.82827,17.69752],[-94.82655,17.69678],[-94.82462,17.69878],[-94.82434,17.69437],[-94.82198,17.69426],[-94.81713,17.69151],[-94.81598,17.69017],[-94.81456,17.68567],[-94.81208,17.68464],[-94.80987,17.68549],[-94.80868,17.66944],[-94.80793,17.66962],[-94.8077,17.66773],[-94.80643,17.66791],[-94.80656,17.66558],[-94.80355,17.66338],[-94.80302,17.6526],[-94.8036,17.64905],[-94.80693,17.64878],[-94.80614,17.64337],[-94.8115,17.6441],[-94.81204,17.64073],[-94.80833,17.64042],[-94.80855,17.63885],[-94.80424,17.63843],[-94.80648,17.61873],[-94.80044,17.61803],[-94.80493,17.5834],[-94.80577,17.58591],[-94.80752,17.58613],[-94.80956,17.58499],[-94.80849,17.58676],[-94.81151,17.58868],[-94.8162,17.5872],[-94.81688,17.58583],[-94.81858,17.58931],[-94.82093,17.58897],[-94.82165,17.59041],[-94.82293,17.59086],[-94.82382,17.59032],[-94.82406,17.5878],[-94.82479,17.58828],[-94.82536,17.58697],[-94.8279,17.58667],[-94.83289,17.5907],[-94.83459,17.58865],[-94.83719,17.5884],[-94.83719,17.5895],[-94.839,17.58967],[-94.83946,17.58803],[-94.84077,17.58837],[-94.84175,17.59049],[-94.84769,17.58759],[-94.84921,17.58844],[-94.84943,17.58708],[-94.85135,17.58603],[-94.85078,17.5854],[-94.85126,17.58402],[-94.853,17.58485],[-94.85311,17.58404],[-94.85405,17.58391],[-94.85418,17.58469],[-94.85577,17.58218],[-94.85861,17.58449],[-94.85911,17.58341],[-94.86102,17.58416],[-94.86252,17.58351],[-94.86207,17.58289],[-94.86264,17.58259],[-94.86394,17.58294],[-94.86515,17.58133],[-94.86531,17.57952],[-94.86666,17.57992],[-94.86711,17.5816],[-94.86775,17.58101],[-94.87052,17.58333],[-94.87134,17.58371],[-94.87224,17.58302],[-94.87295,17.58395],[-94.87582,17.58238],[-94.87668,17.58278],[-94.87681,17.58154],[-94.87905,17.58188],[-94.88122,17.58039],[-94.88372,17.58098],[-94.88491,17.58029],[-94.8866,17.58336],[-94.8878,17.58336],[-94.89095,17.58155],[-94.89318,17.57732],[-94.8996,17.57923],[-94.90389,17.57874],[-94.90593,17.57714],[-94.90781,17.5784],[-94.90888,17.57802],[-94.90958,17.57622],[-94.91015,17.57692],[-94.91032,17.5756],[-94.91354,17.57493],[-94.9138,17.57116],[-94.91553,17.57193],[-94.91953,17.5708],[-94.92012,17.56992],[-94.92203,17.5699],[-94.92363,17.56864],[-94.92657,17.57097],[-94.93122,17.56987],[-94.9321,17.57131],[-94.93407,17.57235],[-94.93338,17.57307],[-94.93526,17.57614],[-94.93953,17.57845],[-94.94892,17.57927],[-94.95335,17.57851],[-94.95455,17.57733],[-94.95627,17.57831],[-94.95948,17.57794],[-94.96391,17.57446],[-94.96949,17.57506],[-94.97514,17.5773],[-94.97633,17.57591],[-94.98099,17.57723],[-94.98171,17.57603],[-94.98486,17.57565],[-94.989,17.57336],[-94.98997,17.57397],[-94.99262,17.57307],[-94.99513,17.57401],[-95.00022,17.57944],[-95.00182,17.57745],[-95.00534,17.57643],[-95.0078,17.57295],[-95.01311,17.57227],[-95.02399,17.56367],[-95.02777,17.56323],[-95.03096,17.56467],[-95.03573,17.56508],[-95.04272,17.56848],[-95.04316,17.56961],[-95.04542,17.57029],[-95.0463,17.57308],[-95.04806,17.5743],[-95.04986,17.57418],[-95.05008,17.575],[-95.0521,17.57365],[-95.0579,17.57251],[-95.05772,17.5718],[-95.06038,17.5717],[-95.06062,17.57318],[-95.06583,17.576],[-95.07608,17.57848],[-95.07372,17.61185],[-95.07088,17.63185],[-95.06992,17.6354],[-95.06858,17.63521],[-95.06693,17.64601],[-95.06209,17.64534],[-95.06163,17.64836],[-95.05697,17.64767],[-95.05602,17.6537],[-95.05258,17.65319],[-95.05273,17.65191],[-95.04136,17.65086],[-95.04139,17.65008],[-95.03425,17.64932],[-95.03521,17.64593],[-95.01565,17.63674],[-95.01227,17.63716],[-95.01166,17.63486],[-95.01052,17.63467],[-95.00885,17.63278],[-95.0086,17.63436],[-95.00678,17.63394],[-95.00589,17.63745],[-95.00777,17.63771],[-95.00635,17.64138],[-95.00974,17.64156],[-95.00996,17.64308],[-95.00792,17.64513],[-95.00827,17.64748],[-95.00694,17.64942],[-95.00662,17.6518],[-95.01965,17.65354],[-95.02178,17.65643],[-95.022,17.655],[-95.02584,17.65549],[-95.02711,17.65481],[-95.02619,17.65831],[-95.02755,17.66072],[-95.03057,17.66087],[-95.0307,17.66302],[-95.03273,17.6633],[-95.03239,17.66512],[-95.03077,17.66491],[-95.03079,17.66596],[-95.03638,17.66669],[-95.03686,17.66312],[-95.04631,17.66432],[-95.04463,17.67489],[-95.04945,17.6755],[-95.04858,17.68303],[-95.05385,17.68371],[-95.05332,17.68749],[-95.05747,17.68803],[-95.057,17.69155],[-95.05832,17.69173],[-95.05632,17.70036],[-95.06037,17.70151],[-95.06467,17.70127],[-95.06233,17.70785],[-95.06136,17.71387],[-95.06052,17.71376],[-95.05837,17.71984],[-95.02885,17.71581],[-95.02322,17.68563],[-95.01958,17.69068],[-95.01309,17.69065],[-95.01446,17.67634],[-95.01101,17.67586],[-95.01168,17.67135],[-95.00787,17.67082],[-95.00812,17.66872],[-95.00381,17.66782],[-95.00376,17.66963],[-94.99932,17.66892],[-94.9989,17.67223],[-94.99792,17.6718],[-94.99793,17.65823],[-94.96963,17.65475],[-94.97026,17.65067],[-94.96882,17.65029],[-94.96522,17.64382],[-94.96207,17.63519],[-94.93454,17.63119],[-94.93479,17.62681],[-94.93005,17.62957],[-94.9286,17.62936],[-94.92562,17.62489],[-94.92631,17.61988],[-94.9222,17.62221],[-94.92103,17.62008],[-94.91836,17.6215],[-94.91582,17.62014],[-94.91399,17.6215],[-94.91047,17.61997],[-94.91109,17.61788],[-94.90642,17.61406],[-94.90753,17.60559],[-94.90281,17.60488],[-94.90336,17.60083],[-94.8995,17.59625],[-94.89667,17.59559],[-94.89516,17.59422],[-94.88968,17.59397],[-94.88846,17.59649],[-94.88617,17.5974],[-94.88593,17.59923],[-94.88726,17.59945],[-94.88683,17.60364],[-94.87996,17.60309],[-94.87885,17.61451],[-94.88647,17.61476],[-94.88853,17.61809],[-94.88724,17.62246],[-94.88905,17.62379],[-94.89432,17.62235],[-94.89634,17.62329],[-94.89826,17.62236],[-94.90065,17.61927],[-94.90615,17.62118],[-94.90599,17.62562],[-94.90676,17.62886],[-94.91156,17.62696],[-94.91289,17.63016],[-94.91342,17.63007],[-94.91302,17.63249],[-94.915,17.63329],[-94.91278,17.63576],[-94.91426,17.6396],[-94.9117,17.64102],[-94.90822,17.64787],[-94.90503,17.67513],[-94.90506,17.67678],[-94.90737,17.67695],[-94.90448,17.6808],[-94.90389,17.68312],[-94.90515,17.68783],[-94.9088,17.68674],[-94.91037,17.68785],[-94.91389,17.68802],[-94.91607,17.68952],[-94.91928,17.68761],[-94.92285,17.6876],[-94.93002,17.6844],[-94.93377,17.67994],[-94.9392,17.68118],[-94.94067,17.67898],[-94.94102,17.67616],[-94.94602,17.67643],[-94.94861,17.67901],[-94.94977,17.68341],[-94.94918,17.68707],[-94.95085,17.68638],[-94.9536,17.68664],[-94.95382,17.68801],[-94.95216,17.69041],[-94.94833,17.69118],[-94.94416,17.68625],[-94.9467,17.69327],[-94.94598,17.6934],[-94.94692,17.69661],[-94.9381,17.69904],[-94.93864,17.70262],[-94.93806,17.70279],[-94.9378,17.70544],[-94.94188,17.7066],[-94.94192,17.70864],[-94.95257,17.70842],[-94.9525,17.71199],[-94.96165,17.71168],[-94.96135,17.71574],[-94.97242,17.71622],[-94.97219,17.72071],[-94.98566,17.72149],[-94.98515,17.72498],[-94.99436,17.72637],[-94.99373,17.7299],[-95.00292,17.73132],[-95.0024,17.73512],[-95.00488,17.73323],[-95.0358,17.74952],[-95.03829,17.75154],[-95.02381,17.77614],[-95.02646,17.77992],[-95.02938,17.78159],[-95.03242,17.77983],[-95.03779,17.77282],[-95.03789,17.77141],[-95.03616,17.76951],[-95.03616,17.76826],[-95.04556,17.76327],[-95.04791,17.76382],[-95.05063,17.77264],[-95.05457,17.7728],[-95.05736,17.7738],[-95.06077,17.7734],[-95.06267,17.77236],[-95.06486,17.77574],[-95.06696,17.77638],[-95.06916,17.77934],[-95.07005,17.77908],[-95.07091,17.78004],[-95.07742,17.78186],[-95.07583,17.78435],[-95.07419,17.78384],[-95.0728,17.7864],[-95.06826,17.78721],[-95.06735,17.78592],[-95.06602,17.7866],[-95.06374,17.78637],[-95.06331,17.78852],[-95.06095,17.78835],[-95.06007,17.79102],[-95.05817,17.79191],[-95.05654,17.79493],[-95.05461,17.79532],[-95.05555,17.79973],[-95.05152,17.80058],[-95.0522,17.80369],[-95.04707,17.8047],[-95.04901,17.81403],[-95.04777,17.8143],[-95.04831,17.82058],[-95.04407,17.81977],[-95.04458,17.82222],[-95.04189,17.82403],[-95.03909,17.82323],[-95.03692,17.82025],[-95.03293,17.82236],[-95.03286,17.82546],[-95.02765,17.82501],[-95.02775,17.83355],[-95.03055,17.83766],[-95.03443,17.83886],[-95.03695,17.84058],[-95.03507,17.84605],[-95.02863,17.85207],[-95.02812,17.85627],[-95.02587,17.86065],[-95.02887,17.86384],[-95.02838,17.86601],[-95.0295,17.87107],[-95.03324,17.87557],[-95.03241,17.88369],[-95.03411,17.88876],[-95.02756,17.89222],[-95.02664,17.89349],[-95.0272,17.89447],[-95.02155,17.8963],[-95.01956,17.89866],[-95.0198,17.90135],[-95.02195,17.90356],[-95.02061,17.90783],[-95.0188,17.90917],[-95.01904,17.91253],[-95.02116,17.91302],[-95.0212,17.91415],[-95.02243,17.91412],[-95.02268,17.91816],[-95.02096,17.91824],[-95.02081,17.91588],[-95.01967,17.91667],[-95.01956,17.91545],[-95.01659,17.91558],[-95.01679,17.91848],[-95.01386,17.91862],[-95.01402,17.92152],[-95.01138,17.9217],[-95.01154,17.92428],[-95.01059,17.92426],[-95.01051,17.9271],[-95.00768,17.92705],[-95.00751,17.92991],[-95.01044,17.92995],[-95.0104,17.93862],[-95.00963,17.9386],[-95.00959,17.94034],[-95.0085,17.9415],[-95.01031,17.94147],[-95.01027,17.94436],[-95.0062,17.94431],[-95.00579,17.94539],[-95.00848,17.94618],[-95.00889,17.9472],[-95.00734,17.9472],[-95.00734,17.95009],[-95.01025,17.95014],[-95.01022,17.95299],[-95.00774,17.9524],[-95.00848,17.95299],[-95.0073,17.95298],[-95.00728,17.95441],[-95.00538,17.95384],[-95.00544,17.95435],[-95.00135,17.95439],[-95.00133,17.9558],[-95.0044,17.95584],[-95.00437,17.95869],[-95.0035,17.95872],[-95.00726,17.95877],[-95.00702,17.96198],[-95.01011,17.96168],[-95.01012,17.96427],[-95.01894,17.96435],[-95.01897,17.96177],[-95.02487,17.96181],[-95.02491,17.95896],[-95.03077,17.95902],[-95.03073,17.96187],[-95.0334,17.96131],[-95.03959,17.96205],[-95.0397,17.96088],[-95.04145,17.95979],[-95.04418,17.96095],[-95.04552,17.95987],[-95.05106,17.96205],[-95.0533,17.96022],[-95.05421,17.96266],[-95.05606,17.9623],[-95.05558,17.96378],[-95.05829,17.96367],[-95.05826,17.97432],[-95.08013,17.97365],[-95.08009,17.9763],[-95.0849,17.97617],[-95.08488,17.97501],[-95.08575,17.97496],[-95.08484,17.97353],[-95.09697,17.97275],[-95.09686,17.95589],[-95.09843,17.95785],[-95.10035,17.95722],[-95.10173,17.95875],[-95.10421,17.95856],[-95.10504,17.95765],[-95.10616,17.95831],[-95.1069,17.95684],[-95.10731,17.95732],[-95.10589,17.95901],[-95.10622,17.96009],[-95.11012,17.95882],[-95.10996,17.96015],[-95.11171,17.96018],[-95.11163,17.95857],[-95.11284,17.95923],[-95.11444,17.95758],[-95.11568,17.95878],[-95.11887,17.95899],[-95.11848,17.96037],[-95.12061,17.96161],[-95.12336,17.96512],[-95.12509,17.96532],[-95.12551,17.96636],[-95.12725,17.96578],[-95.129,17.96649],[-95.1313,17.96893],[-95.13386,17.96824],[-95.13507,17.96694],[-95.13583,17.95741],[-95.13487,17.95749],[-95.13268,17.94998],[-95.134,17.94933],[-95.13112,17.94456],[-95.13339,17.945],[-95.13731,17.94869],[-95.14538,17.94355],[-95.14499,17.94283],[-95.1469,17.94226],[-95.14755,17.94291],[-95.14815,17.94206],[-95.14896,17.94348],[-95.14741,17.94528],[-95.14765,17.9466],[-95.15013,17.94696],[-95.15037,17.94891],[-95.15226,17.95001],[-95.15477,17.95305],[-95.15781,17.95447],[-95.16483,17.95489],[-95.16843,17.95817],[-95.16973,17.96181],[-95.16985,17.96619],[-95.16645,17.97765],[-95.16836,17.98128],[-95.17179,17.98375],[-95.18025,17.98586],[-95.18248,17.98554],[-95.18898,17.98197],[-95.19151,17.9814],[-95.1945,17.98263],[-95.19552,17.98446],[-95.197,17.98891],[-95.1976,17.99623],[-95.19866,17.99836],[-95.20143,17.99949],[-95.2045,18.00351],[-95.20844,18.01394],[-95.20852,18.01493],[-95.20749,18.01492],[-95.20696,18.01613],[-95.2082,18.01892],[-95.20403,18.02026],[-95.20032,18.01995],[-95.1978,18.01627],[-95.19449,18.01487],[-95.19102,18.01666],[-95.19072,18.01992],[-95.19198,18.02148],[-95.19726,18.02401],[-95.20471,18.02357],[-95.20689,18.02462],[-95.20947,18.02366],[-95.21118,18.02405],[-95.20986,18.02636],[-95.19876,18.03056],[-95.19743,18.03283],[-95.19729,18.03514],[-95.20052,18.04034],[-95.20396,18.04169],[-95.20791,18.04084],[-95.20908,18.03741],[-95.20826,18.03085],[-95.2093,18.02989],[-95.2117,18.03125],[-95.21343,18.0307],[-95.21477,18.03159],[-95.21664,18.03498],[-95.21763,18.0392],[-95.22196,18.04384],[-95.22184,18.04949],[-95.22291,18.05115],[-95.2251,18.05131],[-95.2328,18.04826],[-95.23423,18.04884],[-95.2365,18.0515],[-95.24065,18.05163],[-95.24234,18.053],[-95.2452,18.06045],[-95.24187,18.06299],[-95.2365,18.06317],[-95.23177,18.05861],[-95.22898,18.0593],[-95.22825,18.06028],[-95.22818,18.06255],[-95.23182,18.0688],[-95.23496,18.07178],[-95.23505,18.07313],[-95.23397,18.07691],[-95.22697,18.08535],[-95.22639,18.08735],[-95.23282,18.09431],[-95.24062,18.09968],[-95.24254,18.1],[-95.24632,18.09803],[-95.24796,18.09863],[-95.24925,18.10468],[-95.2539,18.11056],[-95.25505,18.11522],[-95.25836,18.11656],[-95.25941,18.11783],[-95.26031,18.12388],[-95.26379,18.12226],[-95.26779,18.11585],[-95.27105,18.11261],[-95.27497,18.11173],[-95.28243,18.11471],[-95.28387,18.11718],[-95.28298,18.11847],[-95.27351,18.12482],[-95.27306,18.12622],[-95.27406,18.12686],[-95.28176,18.12785],[-95.29335,18.12657],[-95.30266,18.12375],[-95.30881,18.12456],[-95.31027,18.12621],[-95.30885,18.13081],[-95.30951,18.13423],[-95.31168,18.13802],[-95.31299,18.13854],[-95.31467,18.13721],[-95.31506,18.13365],[-95.3164,18.13178],[-95.32046,18.1304],[-95.32265,18.13074],[-95.32483,18.1331],[-95.32473,18.13703],[-95.32348,18.14169],[-95.32517,18.14549],[-95.3297,18.14761],[-95.3365,18.14635],[-95.33879,18.14841],[-95.33847,18.15179],[-95.3362,18.15427],[-95.33321,18.15556],[-95.33293,18.15668],[-95.33383,18.15806],[-95.33674,18.15807],[-95.33984,18.15472],[-95.34223,18.15361],[-95.34549,18.15464],[-95.34858,18.15772],[-95.35369,18.16098],[-95.3575,18.17008],[-95.3602,18.17114],[-95.36489,18.16915],[-95.36776,18.16908],[-95.36985,18.17059],[-95.3724,18.17551],[-95.37481,18.17672],[-95.37672,18.17612],[-95.37876,18.16698],[-95.38071,18.16588],[-95.38556,18.17473],[-95.38946,18.17899],[-95.39076,18.18213],[-95.39061,18.18526],[-95.38657,18.19004],[-95.38674,18.19138],[-95.38887,18.19251],[-95.39358,18.1902],[-95.39859,18.18414],[-95.40134,18.1827],[-95.40283,18.18276],[-95.40449,18.18396],[-95.40505,18.18666],[-95.40285,18.19243],[-95.40275,18.19563],[-95.4085,18.19351],[-95.411,18.1949],[-95.41202,18.19651],[-95.41244,18.19858],[-95.41148,18.20145],[-95.40748,18.20578],[-95.40533,18.20618],[-95.40398,18.20753],[-95.40433,18.20871],[-95.40669,18.21068],[-95.40597,18.21223],[-95.40211,18.21509],[-95.39401,18.21166],[-95.38808,18.21347],[-95.38729,18.21488],[-95.38892,18.21918],[-95.38697,18.21595],[-95.38582,18.21534],[-95.38531,18.21766],[-95.38809,18.2224],[-95.38706,18.22319],[-95.38411,18.22325],[-95.38156,18.22027],[-95.38015,18.22268],[-95.38222,18.2252],[-95.38172,18.22643],[-95.38015,18.22616],[-95.3784,18.22304],[-95.37754,18.2228],[-95.37608,18.22335],[-95.37329,18.22811],[-95.36758,18.23134],[-95.36548,18.22928],[-95.36015,18.23045],[-95.35887,18.22951],[-95.35867,18.22794],[-95.36108,18.22309],[-95.35863,18.22316],[-95.35741,18.22487],[-95.35846,18.22799],[-95.35365,18.23059],[-95.35369,18.2318],[-95.35608,18.23352],[-95.35809,18.23717],[-95.35131,18.24064],[-95.34838,18.23944],[-95.3459,18.23636],[-95.34175,18.23502],[-95.33956,18.23749],[-95.3377,18.23802],[-95.33714,18.23673],[-95.33512,18.2365],[-95.33585,18.23458],[-95.33438,18.23282],[-95.33298,18.2348],[-95.33055,18.23334],[-95.33053,18.2352],[-95.33206,18.23735],[-95.33061,18.23865],[-95.32996,18.23848],[-95.32995,18.23682],[-95.3289,18.23637],[-95.32805,18.2366],[-95.32749,18.23851],[-95.326,18.237],[-95.32488,18.237],[-95.32428,18.23578],[-95.32197,18.23481],[-95.32075,18.23553],[-95.31838,18.23369],[-95.31853,18.23238],[-95.31979,18.23251],[-95.31895,18.23098],[-95.31948,18.22959],[-95.31898,18.22881],[-95.31794,18.22921],[-95.31859,18.23071],[-95.31803,18.23117],[-95.31727,18.23115],[-95.31706,18.23026],[-95.31442,18.23012],[-95.32208,18.22135],[-95.31974,18.21917],[-95.31524,18.2185],[-95.31196,18.21555],[-95.30919,18.21876],[-95.30773,18.21775],[-95.30546,18.22043],[-95.30385,18.21922],[-95.30676,18.21578],[-95.30604,18.21522],[-95.30528,18.2147],[-95.30232,18.21793],[-95.29817,18.21396],[-95.29739,18.21488],[-95.29587,18.21335],[-95.29592,18.21222],[-95.2926,18.21098],[-95.29342,18.21287],[-95.28902,18.21246],[-95.28855,18.2141],[-95.28714,18.21403],[-95.28387,18.21707],[-95.28247,18.21711],[-95.28616,18.22236],[-95.28573,18.22362],[-95.29194,18.24509],[-95.29359,18.24538],[-95.29435,18.24773],[-95.291,18.24725],[-95.29077,18.24476],[-95.28538,18.24326],[-95.26301,18.24262],[-95.26154,18.23773],[-95.25071,18.23819],[-95.25043,18.23223],[-95.23972,18.23283],[-95.23839,18.22663],[-95.23117,18.22838],[-95.23085,18.23563],[-95.22375,18.23667],[-95.22472,18.23907],[-95.22323,18.23941],[-95.21849,18.23662],[-95.21793,18.23749],[-95.21533,18.2382],[-95.21605,18.23878],[-95.21567,18.23945],[-95.21313,18.24163],[-95.21237,18.24148],[-95.20995,18.24453],[-95.20722,18.251],[-95.20798,18.25159],[-95.20732,18.2517],[-95.20766,18.25253],[-95.21258,18.25241],[-95.21291,18.25061],[-95.21898,18.25092],[-95.21828,18.25306],[-95.21897,18.2524],[-95.22289,18.25256],[-95.22263,18.25366],[-95.22648,18.25504],[-95.22598,18.25621],[-95.23033,18.25602],[-95.23032,18.25716],[-95.23359,18.25719],[-95.23359,18.25995],[-95.23671,18.25987],[-95.23702,18.26336],[-95.24501,18.26355],[-95.24424,18.26401],[-95.24476,18.26826],[-95.24568,18.26827],[-95.24553,18.26919],[-95.24628,18.26938],[-95.24504,18.27199],[-95.24315,18.27186],[-95.24306,18.27693],[-95.24112,18.27683],[-95.24117,18.27913],[-95.2374,18.27926],[-95.23743,18.28153],[-95.23552,18.28166],[-95.23537,18.27709],[-95.23726,18.2768],[-95.23703,18.27601],[-95.23038,18.27664],[-95.2305,18.27482],[-95.23144,18.27483],[-95.2288,18.26911],[-95.22685,18.26912],[-95.22491,18.26273],[-95.22098,18.26208],[-95.22118,18.26104],[-95.22448,18.26169],[-95.22418,18.2605],[-95.22263,18.26032],[-95.22288,18.25861],[-95.21581,18.25832],[-95.21594,18.2575],[-95.21326,18.25654],[-95.20949,18.25773],[-95.20488,18.25637],[-95.20246,18.25963],[-95.19903,18.2624],[-95.19893,18.26676],[-95.19807,18.26651],[-95.19546,18.26887],[-95.18815,18.2855],[-95.18795,18.28634],[-95.19099,18.28659],[-95.19012,18.2873],[-95.19,18.29422],[-95.18676,18.29491],[-95.1868,18.29622],[-95.18305,18.29641],[-95.18314,18.30056],[-95.17948,18.30085],[-95.17934,18.29803],[-95.17571,18.29787],[-95.17571,18.30119],[-95.17492,18.30081],[-95.17479,18.30213],[-95.17294,18.30214],[-95.17363,18.30112],[-95.17279,18.30074],[-95.17327,18.29997],[-95.16951,18.29815],[-95.16676,18.30164],[-95.16446,18.30012],[-95.16128,18.30404],[-95.15607,18.30175],[-95.15813,18.29853],[-95.1575,18.29816],[-95.15441,18.30315],[-95.14942,18.30009],[-95.14606,18.30423],[-95.14541,18.3036],[-95.14602,18.30291],[-95.14434,18.30122],[-95.14561,18.30013],[-95.14155,18.29677],[-95.14212,18.29611],[-95.14402,18.2972],[-95.14382,18.29444],[-95.14517,18.29563],[-95.14657,18.29448],[-95.14785,18.29554],[-95.1488,18.29368],[-95.14356,18.28907],[-95.14159,18.29072],[-95.1407,18.2897],[-95.13901,18.29134],[-95.13738,18.29089],[-95.13557,18.29193],[-95.13345,18.29156],[-95.13134,18.29338],[-95.1296,18.29359],[-95.12668,18.29659],[-95.12242,18.29871],[-95.12163,18.30085],[-95.12181,18.30589],[-95.11533,18.31053],[-95.11162,18.30842],[-95.11064,18.30919],[-95.10788,18.30814],[-95.10297,18.30518],[-95.10152,18.30615],[-95.09808,18.30372],[-95.09527,18.3059],[-95.0943,18.3048],[-95.0857,18.30708],[-95.08458,18.30947],[-95.08197,18.31047],[-95.08194,18.31278],[-95.07813,18.31535],[-95.07868,18.30941],[-95.07658,18.29921],[-95.0749,18.29798],[-95.07323,18.29984],[-95.06764,18.29936],[-95.07017,18.29051],[-95.06933,18.28574],[-95.0676,18.28261],[-95.06314,18.27838],[-95.06319,18.27697],[-95.04117,18.27113],[-95.03925,18.27191],[-95.03773,18.27348],[-95.0378,18.27438],[-95.03592,18.27408],[-95.03617,18.27689],[-95.0343,18.27663],[-95.03515,18.28114],[-95.03181,18.28061],[-95.03188,18.28287],[-95.02839,18.2836],[-95.02829,18.28511],[-95.02104,18.28438],[-95.02299,18.29815],[-95.03033,18.29915],[-95.0303,18.30969],[-95.02558,18.30913],[-95.02592,18.31262],[-95.01994,18.31175],[-95.02006,18.31358],[-95.02114,18.31423],[-95.02076,18.31638],[-95.01968,18.31648],[-95.02047,18.31745],[-95.0203,18.31918],[-95.01757,18.32038],[-95.01901,18.32371],[-95.02472,18.3228],[-95.03167,18.32655],[-95.02596,18.33751],[-95.01496,18.34036],[-95.00861,18.34569],[-95.00601,18.3463],[-95.00375,18.34787],[-95.00308,18.3472],[-94.99952,18.3479],[-94.99896,18.34532],[-94.99744,18.34576],[-94.9933,18.34408],[-94.98971,18.34538],[-94.98866,18.34493],[-94.98536,18.34678],[-94.97301,18.36387],[-94.96899,18.36342],[-94.96687,18.36436],[-94.96035,18.36249],[-94.95761,18.36366],[-94.95458,18.36157],[-94.9527,18.36184],[-94.95158,18.36105],[-94.94889,18.36365],[-94.94614,18.36428],[-94.94601,18.3655],[-94.94373,18.36375],[-94.94146,18.35948],[-94.93994,18.35916],[-94.93986,18.3579],[-94.93859,18.35684],[-94.93477,18.35588],[-94.92487,18.35882],[-94.92015,18.35878],[-94.91639,18.35402],[-94.91416,18.3564],[-94.91047,18.35657],[-94.90865,18.35937],[-94.90616,18.35995],[-94.9049,18.3612],[-94.90409,18.36093],[-94.90437,18.3582],[-94.90267,18.35796],[-94.90144,18.35542],[-94.89917,18.35415],[-94.89712,18.35658],[-94.89799,18.36099],[-94.89773,18.36462],[-94.89539,18.36859],[-94.88463,18.37191],[-94.88025,18.37181],[-94.88085,18.37876],[-94.87708,18.37999],[-94.86918,18.38958],[-94.87492,18.39314],[-94.88296,18.40077],[-94.88647,18.40519],[-94.89107,18.40754],[-94.89429,18.40625],[-94.89638,18.40722],[-94.89651,18.40895],[-94.89424,18.41148],[-94.89396,18.41401],[-94.89292,18.41561],[-94.89042,18.41695],[-94.88947,18.42166],[-94.88778,18.42384],[-94.88953,18.42523],[-94.88963,18.42662],[-94.8913,18.42738],[-94.89187,18.42915],[-94.88869,18.43169],[-94.88652,18.43227],[-94.88615,18.43416],[-94.88523,18.43464],[-94.88327,18.4388],[-94.8822,18.44364],[-94.88013,18.44389],[-94.87812,18.44607],[-94.87415,18.44823],[-94.86942,18.44831],[-94.86714,18.44709],[-94.8663,18.44754],[-94.8649,18.45179],[-94.86399,18.45233],[-94.86833,18.45335],[-94.87191,18.45303],[-94.87328,18.45543],[-94.87656,18.45737],[-94.87843,18.45458],[-94.88572,18.45412],[-94.88801,18.45042],[-94.89387,18.4484],[-94.89931,18.45004],[-94.90109,18.44975],[-94.90278,18.44717],[-94.90402,18.4471],[-94.90686,18.45198],[-94.90779,18.45474],[-94.90718,18.45609],[-94.90871,18.45794],[-94.90631,18.45997],[-94.91138,18.4657],[-94.90837,18.46815],[-94.91106,18.47112],[-94.90918,18.47263],[-94.91315,18.477],[-94.90904,18.47976],[-94.91242,18.48291],[-94.90598,18.48932],[-94.90928,18.49372],[-94.90566,18.49662],[-94.90871,18.49996],[-94.90542,18.50306],[-94.90824,18.50646],[-94.90543,18.5088],[-94.90416,18.51325],[-94.907,18.52092],[-94.90403,18.52569],[-94.90298,18.5306],[-94.90215,18.53132],[-94.90095,18.5307],[-94.89938,18.53227],[-94.90097,18.53476],[-94.89891,18.5383],[-94.90025,18.53897],[-94.90024,18.54051],[-94.89895,18.54228],[-94.89778,18.54231],[-94.89746,18.54134],[-94.89637,18.54259],[-94.89641,18.54322],[-94.89716,18.54269],[-94.89734,18.54421],[-94.89855,18.54443],[-94.89794,18.54605],[-94.89851,18.54698],[-94.9008,18.54707],[-94.90045,18.54822],[-94.89907,18.54868],[-94.88757,18.54762],[-94.87422,18.5488],[-94.8668,18.54548],[-94.85678,18.54454],[-94.84737,18.54484],[-94.84464,18.54576],[-94.84085,18.54348],[-94.83298,18.54303],[-94.81657,18.53858],[-94.8103,18.53396],[-94.80993,18.53072],[-94.8078,18.5282],[-94.79956,18.52491],[-94.7959,18.51914],[-94.79434,18.51322],[-94.78793,18.50644],[-94.78682,18.5043],[-94.786,18.49843],[-94.78297,18.49197],[-94.78275,18.4864],[-94.77967,18.47762],[-94.77949,18.47412],[-94.77782,18.46973],[-94.77425,18.46384],[-94.7757,18.45638],[-94.7737,18.44921],[-94.76011,18.43536],[-94.74379,18.42175],[-94.74303,18.41921],[-94.74461,18.41447],[-94.74413,18.41182],[-94.7419,18.40392],[-94.73751,18.39517],[-94.72903,18.38555],[-94.71371,18.37254],[-94.70182,18.36467],[-94.69458,18.36068],[-94.69177,18.35996],[-94.68473,18.35391],[-94.68338,18.35401],[-94.68363,18.35168],[-94.68187,18.34907],[-94.67397,18.3427],[-94.6723,18.34347],[-94.67315,18.34278],[-94.67271,18.34166],[-94.67029,18.3392],[-94.66622,18.33708],[-94.66398,18.33839],[-94.66415,18.33571],[-94.6634,18.33457],[-94.66457,18.3348],[-94.66606,18.33242],[-94.66502,18.32762],[-94.66312,18.32305],[-94.66201,18.32241],[-94.66224,18.3202],[-94.65711,18.31161],[-94.65039,18.30549],[-94.63955,18.29741],[-94.6231,18.28713],[-94.62335,18.28633],[-94.62571,18.28554],[-94.62708,18.2772],[-94.62369,18.25025],[-94.61752,18.23143],[-94.6112,18.2194],[-94.60982,18.21044],[-94.60762,18.20494],[-94.59723,18.19347],[-94.59846,18.19246],[-94.60037,18.19226],[-94.60729,18.19705],[-94.60807,18.20094],[-94.61341,18.20974],[-94.61521,18.21099],[-94.6209,18.21235],[-94.62618,18.21131],[-94.63852,18.17953],[-94.63903,18.17314],[-94.63663,18.16798],[-94.63356,18.16598],[-94.63481,18.16368],[-94.63462,18.16231],[-94.63258,18.15906],[-94.63125,18.15871],[-94.62984,18.15954],[-94.62727,18.15667],[-94.62609,18.15658],[-94.62458,18.15804],[-94.62349,18.15774],[-94.62267,18.15725],[-94.62233,18.1551],[-94.61986,18.15382],[-94.61504,18.15507],[-94.60677,18.15498],[-94.60112,18.15251],[-94.60068,18.15161],[-94.60205,18.15128],[-94.60168,18.14906],[-94.60237,18.14776],[-94.6008,18.14593],[-94.60145,18.14332],[-94.60053,18.14107],[-94.59714,18.13797],[-94.59846,18.13697],[-94.59839,18.13522],[-94.60157,18.13156],[-94.59808,18.12968],[-94.59653,18.12655],[-94.58488,18.12159],[-94.5845,18.12269],[-94.57774,18.12263],[-94.57697,18.12394],[-94.57534,18.12342],[-94.57523,18.12474],[-94.57324,18.12484],[-94.57049,18.12715],[-94.56913,18.12624],[-94.56875,18.12763],[-94.56677,18.12782],[-94.56639,18.12914],[-94.56331,18.13074],[-94.56134,18.13405],[-94.55945,18.13274],[-94.559,18.13539],[-94.56018,18.13613],[-94.55753,18.13577],[-94.5487,18.13774],[-94.54589,18.13769],[-94.5415,18.1402],[-94.53886,18.14061],[-94.538,18.1422],[-94.53736,18.14215],[-94.5353,18.13901],[-94.5325,18.13827],[-94.53085,18.13478],[-94.52838,18.13342],[-94.52316,18.13244],[-94.52038,18.12987],[-94.51654,18.1292],[-94.51423,18.12444],[-94.51492,18.1224],[-94.51344,18.11695],[-94.5152,18.11584],[-94.51584,18.11252],[-94.51688,18.11198],[-94.52231,18.1129],[-94.52473,18.11189],[-94.52316,18.10429],[-94.52223,18.1025],[-94.51996,18.10091],[-94.5155,18.10271],[-94.51351,18.1002],[-94.51263,18.10009],[-94.50131,18.10416],[-94.49495,18.10748],[-94.48384,18.1095],[-94.47779,18.10791],[-94.47009,18.1119],[-94.46756,18.11015],[-94.4656,18.10345],[-94.45542,18.10682],[-94.45324,18.10652],[-94.44879,18.10212],[-94.44733,18.102],[-94.44562,18.10263],[-94.44378,18.10765],[-94.44023,18.11103],[-94.43813,18.11065],[-94.43631,18.10835],[-94.43712,18.10106],[-94.43647,18.09394],[-94.43503,18.09287],[-94.43047,18.09347],[-94.42408,18.09804],[-94.41848,18.08606],[-94.41567,18.08215],[-94.41434,18.06976],[-94.41441,18.06628],[-94.41952,18.05534],[-94.42334,18.05138],[-94.42755,18.05029],[-94.44257,18.05596],[-94.44717,18.05598],[-94.45192,18.05396],[-94.45686,18.0492],[-94.45792,18.04687],[-94.45947,18.0404],[-94.4603,18.03053],[-94.4601,18.02847],[-94.45838,18.02595],[-94.44823,18.01634],[-94.44828,18.0115],[-94.44214,18.00683],[-94.44184,18.00416],[-94.44336,18.00073],[-94.44277,17.99956],[-94.4416,17.99874],[-94.42963,17.99645],[-94.43199,17.9932],[-94.43182,17.99011],[-94.42712,17.98386],[-94.42781,17.98072],[-94.43452,17.97391],[-94.43738,17.96678],[-94.44191,17.96534],[-94.44335,17.96395],[-94.44545,17.95661],[-94.44888,17.95325],[-94.44983,17.95125],[-94.44947,17.95005],[-94.44571,17.94683],[-94.4449,17.94281],[-94.44547,17.93643],[-94.44664,17.93476],[-94.44924,17.9333],[-94.44496,17.92795],[-94.44186,17.92652],[-94.44099,17.92447],[-94.43811,17.92374],[-94.43947,17.91856],[-94.44136,17.91682],[-94.43657,17.91416],[-94.43707,17.91048],[-94.43455,17.9097],[-94.42964,17.91036],[-94.42461,17.90985],[-94.41917,17.91049],[-94.4127,17.9125],[-94.40822,17.91117],[-94.40407,17.9074],[-94.40118,17.90603],[-94.39626,17.90524],[-94.38734,17.90884],[-94.38755,17.91115],[-94.38852,17.91147],[-94.3869,17.91361],[-94.38287,17.91324],[-94.37905,17.91165],[-94.37513,17.90293],[-94.37182,17.89966],[-94.37174,17.8979],[-94.3703,17.89813],[-94.36981,17.89985],[-94.36765,17.90038],[-94.36576,17.90435],[-94.36349,17.90482],[-94.36185,17.90748],[-94.35966,17.90885],[-94.35909,17.9105],[-94.35756,17.91047],[-94.35761,17.9116],[-94.35658,17.91132],[-94.35595,17.91275],[-94.35352,17.9129],[-94.3536,17.91359],[-94.34567,17.91043],[-94.34465,17.91098],[-94.3397,17.90831],[-94.3399,17.90448],[-94.33317,17.90475],[-94.32707,17.90723],[-94.30205,17.91087],[-94.29885,17.90299],[-94.29368,17.9047],[-94.29074,17.8971],[-94.28891,17.89907],[-94.28703,17.89429],[-94.27915,17.89282],[-94.27932,17.8916],[-94.27728,17.89032],[-94.26724,17.88781],[-94.2668,17.89022],[-94.26385,17.89004],[-94.26346,17.89066],[-94.26164,17.89068],[-94.25887,17.88889],[-94.25543,17.89421],[-94.2511,17.8969],[-94.2504,17.90202],[-94.24621,17.9052],[-94.24459,17.90559],[-94.24506,17.90658],[-94.24381,17.90715],[-94.24371,17.90847],[-94.24174,17.90914],[-94.24103,17.91617],[-94.23758,17.9159],[-94.23572,17.91695],[-94.23469,17.91661],[-94.23197,17.92137],[-94.23085,17.92571],[-94.23152,17.92565],[-94.23154,17.92861],[-94.2292,17.92871],[-94.22924,17.93293],[-94.22628,17.93083],[-94.22639,17.9379],[-94.2228,17.9378],[-94.22284,17.94244],[-94.21921,17.94246],[-94.2192,17.94039],[-94.21459,17.9416],[-94.21133,17.94393],[-94.21061,17.94714],[-94.20796,17.95028],[-94.20941,17.95883],[-94.21785,17.9642],[-94.2171,17.96959],[-94.21459,17.97243],[-94.21077,17.97371],[-94.2089,17.97325],[-94.19732,17.98969],[-94.19622,17.98897],[-94.18943,17.98992],[-94.18092,17.98949],[-94.17966,17.98788],[-94.17959,17.98348],[-94.17783,17.98023],[-94.17607,17.97869],[-94.17202,17.98025],[-94.15477,17.98393],[-94.14878,17.98085],[-94.14433,17.98038],[-94.14022,17.97784],[-94.13543,17.97893],[-94.13136,17.97798],[-94.13022,17.9773],[-94.12931,17.97491],[-94.11881,17.96976],[-94.118,17.96779],[-94.11244,17.96604],[-94.10388,17.96693],[-94.10339,17.96811],[-94.09929,17.97012],[-94.09866,17.96904],[-94.09757,17.96971],[-94.09508,17.96787],[-94.09015,17.96826],[-94.09034,17.96475],[-94.09203,17.96116],[-94.08737,17.95898],[-94.08711,17.95277],[-94.09023,17.94689],[-94.08856,17.94157],[-94.09133,17.93657],[-94.0912,17.93404],[-94.08995,17.92693],[-94.08623,17.92183],[-94.08497,17.91553],[-94.08553,17.91307],[-94.088,17.90891],[-94.08801,17.90648],[-94.08745,17.90498],[-94.08334,17.90227],[-94.08182,17.89991],[-94.08542,17.89428],[-94.08514,17.89287],[-94.07984,17.89208],[-94.07931,17.89105],[-94.08288,17.88577],[-94.08309,17.88119],[-94.08142,17.87807],[-94.08387,17.87295],[-94.08343,17.86987],[-94.07627,17.86876],[-94.07361,17.86591],[-94.0723,17.86556],[-94.06688,17.86837],[-94.06511,17.86845],[-94.06455,17.86769],[-94.06485,17.86415],[-94.0626,17.86309],[-94.05889,17.86596],[-94.05375,17.86765],[-94.05198,17.87074],[-94.04742,17.87058],[-94.04509,17.86808],[-94.04288,17.86744],[-94.04162,17.86831],[-94.0433,17.8722],[-94.0429,17.87351],[-94.03876,17.87226],[-94.03527,17.873],[-94.03316,17.87256],[-94.03261,17.87133],[-94.03316,17.87034],[-94.03427,17.87002],[-94.03653,17.87098],[-94.03799,17.86997],[-94.03705,17.86613],[-94.03753,17.86266],[-94.03268,17.86213],[-94.03286,17.85492],[-94.02982,17.85331],[-94.02856,17.85064],[-94.02846,17.84912],[-94.0298,17.84661],[-94.02945,17.84567],[-94.02304,17.84626],[-94.0228,17.84419],[-94.02633,17.84193],[-94.02663,17.841],[-94.02595,17.84038],[-94.02226,17.84112],[-94.01703,17.83955],[-94.01756,17.84311],[-94.01634,17.84449],[-94.00623,17.83995],[-94.00393,17.84223],[-94.00297,17.84226],[-93.99793,17.8371],[-93.99561,17.83662],[-93.99413,17.83763],[-93.99387,17.8395],[-93.99724,17.83888],[-93.99764,17.83952],[-93.99562,17.84547],[-93.99461,17.84602],[-93.99177,17.84088],[-93.99036,17.83547],[-93.98787,17.83436],[-93.9865,17.83499],[-93.98627,17.83635],[-93.98824,17.84201],[-93.98824,17.84472],[-93.98596,17.84439],[-93.98431,17.84073],[-93.98317,17.83986],[-93.98117,17.84603],[-93.98164,17.8472],[-93.98624,17.84706],[-93.98457,17.85157],[-93.9781,17.8516],[-93.97595,17.85037],[-93.97398,17.84746],[-93.97426,17.84362],[-93.97318,17.84234],[-93.97109,17.84256],[-93.96779,17.84525],[-93.96562,17.8414],[-93.96859,17.83892],[-93.96788,17.83705],[-93.9629,17.83431],[-93.95984,17.83727],[-93.95891,17.83516],[-93.95621,17.83416],[-93.95595,17.8334],[-93.95744,17.82532],[-93.95916,17.82615],[-93.95844,17.83024],[-93.96387,17.83063],[-93.96499,17.82997],[-93.96351,17.82769],[-93.96312,17.82404],[-93.95884,17.8212],[-93.95833,17.81973],[-93.96247,17.8184],[-93.96712,17.81942],[-93.968,17.81787],[-93.96778,17.81663],[-93.9634,17.81272],[-93.95858,17.81217],[-93.9568,17.81064],[-93.95783,17.80557],[-93.96317,17.7995],[-93.9606,17.7983],[-93.96006,17.80155],[-93.95771,17.80244],[-93.95063,17.80041],[-93.95223,17.79851],[-93.95534,17.79959],[-93.95456,17.7951],[-93.95311,17.79212],[-93.95295,17.78669],[-93.95591,17.78304],[-93.9561,17.78172],[-93.95328,17.77932],[-93.95219,17.77646],[-93.94925,17.77318],[-93.9495,17.76949],[-93.94085,17.76511],[-93.93989,17.76226],[-93.94148,17.76088],[-93.94114,17.75985],[-93.93954,17.75905],[-93.93657,17.75978],[-93.93526,17.7591],[-93.93772,17.75578],[-93.94143,17.75558],[-93.94011,17.75317],[-93.93837,17.75247],[-93.93487,17.75293],[-93.9333,17.75176],[-93.9321,17.75321],[-93.92913,17.75326],[-93.92461,17.75091],[-93.92673,17.74948],[-93.9271,17.74809],[-93.92394,17.74838],[-93.92231,17.74633],[-93.92012,17.7497],[-93.91877,17.74927],[-93.91782,17.75047],[-93.91429,17.74983],[-93.9133,17.75367],[-93.91012,17.75469],[-93.90795,17.75464],[-93.90787,17.75293],[-93.90433,17.75012],[-93.90172,17.75193],[-93.90107,17.75567],[-93.89907,17.75351],[-93.89434,17.75309],[-93.89221,17.75368],[-93.89045,17.7525],[-93.89069,17.75113],[-93.89158,17.75067],[-93.89386,17.75144],[-93.89388,17.74965],[-93.89128,17.74808],[-93.88896,17.74873],[-93.88666,17.75102],[-93.8879,17.75377],[-93.88535,17.75722],[-93.8831,17.75657],[-93.88489,17.75427],[-93.88124,17.7513],[-93.87705,17.75656],[-93.8766,17.75603],[-93.87745,17.75364],[-93.87424,17.75529],[-93.87003,17.75061],[-93.87064,17.74963],[-93.87449,17.74818],[-93.87467,17.74721],[-93.8704,17.74389],[-93.86961,17.73932],[-93.87047,17.73903],[-93.87264,17.74088],[-93.87433,17.73993],[-93.87476,17.73829],[-93.87328,17.73687],[-93.87376,17.73466],[-93.87712,17.73559],[-93.87822,17.73752],[-93.87999,17.73609],[-93.88281,17.73628],[-93.88366,17.73553],[-93.88204,17.73402],[-93.87616,17.7333],[-93.8767,17.73131],[-93.8788,17.72918],[-93.8804,17.72884],[-93.88072,17.72628],[-93.87974,17.72499],[-93.87749,17.72441],[-93.8766,17.72651],[-93.87586,17.72653],[-93.87562,17.72113],[-93.87442,17.71789],[-93.87,17.71354],[-93.86641,17.71407],[-93.86722,17.71615],[-93.86462,17.71672],[-93.8661,17.71806],[-93.86832,17.71742],[-93.86918,17.71798],[-93.86648,17.71931],[-93.865,17.72219],[-93.86164,17.72094],[-93.85868,17.72089],[-93.8604,17.71783],[-93.85929,17.71685],[-93.85618,17.7195],[-93.8533,17.72021],[-93.85109,17.71963],[-93.84858,17.72071],[-93.8482,17.718],[-93.8504,17.7174],[-93.8504,17.71666],[-93.847,17.71409],[-93.84665,17.71668],[-93.84589,17.71719],[-93.84418,17.71233],[-93.84302,17.71137],[-93.83884,17.71149],[-93.83991,17.7149],[-93.83738,17.71361],[-93.83491,17.71655],[-93.83375,17.71643],[-93.83046,17.7137],[-93.82887,17.71507],[-93.8285,17.71847],[-93.82659,17.71919],[-93.82672,17.71474],[-93.82865,17.71294],[-93.82755,17.71104],[-93.82351,17.70943],[-93.826,17.70596],[-93.82289,17.7041],[-93.82327,17.70148],[-93.82234,17.69958],[-93.82145,17.70108],[-93.82011,17.6994],[-93.81933,17.69947],[-93.81597,17.70341],[-93.81409,17.7039],[-93.81254,17.70692],[-93.81066,17.70617],[-93.81286,17.70392],[-93.81261,17.70252],[-93.81055,17.70459],[-93.80699,17.70592],[-93.80688,17.70431],[-93.80516,17.70337],[-93.80724,17.69726],[-93.80515,17.68936],[-93.79889,17.6874],[-93.79626,17.6899],[-93.79785,17.69224],[-93.79205,17.69262],[-93.79107,17.69474],[-93.78949,17.69399],[-93.78708,17.69425],[-93.78479,17.6909],[-93.7824,17.6931],[-93.78123,17.69324],[-93.78222,17.69006],[-93.78052,17.68867],[-93.77794,17.68993],[-93.7783,17.69243],[-93.77608,17.69035],[-93.77461,17.69203],[-93.77257,17.69271],[-93.77293,17.68765],[-93.77036,17.68678],[-93.7682,17.68795],[-93.7676,17.68111],[-93.76543,17.67723],[-93.76578,17.67535],[-93.76504,17.67457],[-93.7633,17.67508],[-93.76536,17.68052],[-93.76097,17.68324],[-93.75977,17.68512],[-93.75756,17.68363],[-93.75645,17.68543],[-93.7547,17.68592],[-93.75179,17.68399],[-93.75179,17.68282],[-93.75269,17.68221],[-93.75653,17.68262],[-93.75729,17.67824],[-93.75672,17.67687],[-93.75364,17.6788],[-93.75319,17.68017],[-93.75206,17.67915],[-93.75184,17.67656],[-93.75103,17.67932],[-93.74908,17.67925],[-93.74855,17.67565],[-93.74784,17.67538],[-93.73851,17.67937],[-93.73799,17.6777],[-93.73969,17.6752],[-93.74047,17.67466],[-93.74123,17.6757],[-93.74223,17.67523],[-93.74396,17.67073],[-93.74708,17.66835],[-93.74562,17.66222],[-93.74241,17.66654],[-93.74108,17.66478],[-93.74288,17.66073],[-93.7464,17.66079],[-93.74658,17.66011],[-93.74483,17.65713],[-93.7425,17.6571],[-93.74089,17.64941],[-93.73743,17.6517],[-93.73269,17.64916],[-93.72999,17.64129],[-93.73251,17.6392],[-93.73719,17.63743],[-93.73799,17.63495],[-93.73773,17.63162],[-93.73528,17.63008],[-93.73458,17.63028],[-93.73395,17.63285],[-93.73231,17.63389],[-93.73235,17.63585],[-93.73102,17.63583],[-93.73358,17.62915],[-93.73288,17.62576],[-93.73146,17.62585],[-93.72912,17.62987],[-93.72634,17.62659],[-93.72355,17.62621],[-93.72344,17.62315],[-93.71833,17.62295],[-93.71473,17.62085],[-93.71251,17.62201],[-93.71206,17.62384],[-93.71355,17.62281],[-93.71392,17.62409],[-93.71318,17.62551],[-93.71553,17.62621],[-93.71917,17.63346],[-93.71836,17.6339],[-93.71622,17.63311],[-93.71318,17.63067],[-93.71266,17.62991],[-93.71325,17.6287],[-93.71023,17.62729],[-93.70849,17.62342],[-93.71047,17.61408],[-93.70969,17.61163],[-93.707,17.61225],[-93.70413,17.6103],[-93.70162,17.6114],[-93.69966,17.61369],[-93.70132,17.60776],[-93.69945,17.59994],[-93.69999,17.5971],[-93.69946,17.59602],[-93.69333,17.58956],[-93.6914,17.59072],[-93.69321,17.5935],[-93.68721,17.59369],[-93.68494,17.59243],[-93.68628,17.59031],[-93.68542,17.58709],[-93.67986,17.58701],[-93.67761,17.58587],[-93.67731,17.58472],[-93.67963,17.5859],[-93.68081,17.58493],[-93.67958,17.58162],[-93.67728,17.57916],[-93.67783,17.57698],[-93.67731,17.57577],[-93.67317,17.57678],[-93.6711,17.57625],[-93.67016,17.57545],[-93.67216,17.57272],[-93.67122,17.56956],[-93.66786,17.56976],[-93.66345,17.5668],[-93.65917,17.56549],[-93.65943,17.55907],[-93.65671,17.55534],[-93.65456,17.5555],[-93.65469,17.5593],[-93.65369,17.55997],[-93.64943,17.55776],[-93.64848,17.55535],[-93.64383,17.5556],[-93.64238,17.55811],[-93.63829,17.55529],[-93.63485,17.55672],[-93.63114,17.55673],[-93.62887,17.55417],[-93.62999,17.55218],[-93.63161,17.5513],[-93.63164,17.55039],[-93.62947,17.54937],[-93.62455,17.54885],[-93.62152,17.55288],[-93.61752,17.55517],[-93.61525,17.55511],[-93.6135,17.55221],[-93.62153,17.54483],[-93.62086,17.5433],[-93.61818,17.5421],[-93.61956,17.53756],[-93.62031,17.53683],[-93.62353,17.53851],[-93.62469,17.53826],[-93.62726,17.53168],[-93.62788,17.52855],[-93.62512,17.52628],[-93.62666,17.524],[-93.62648,17.51951],[-93.62502,17.51464],[-93.62767,17.51422],[-93.62934,17.51309],[-93.63093,17.51038],[-93.63333,17.50977],[-93.63653,17.51044],[-93.63734,17.50981],[-93.63455,17.50722],[-93.62904,17.50648],[-93.62607,17.50442],[-93.62545,17.501],[-93.62917,17.50203],[-93.62991,17.50088],[-93.62728,17.49844],[-93.6241,17.49346],[-93.62705,17.49152],[-93.63125,17.48693],[-93.63164,17.48197],[-93.63434,17.47906],[-93.63696,17.47387],[-93.63712,17.47195],[-93.63579,17.47079],[-93.6357,17.46806],[-93.63996,17.46463],[-93.63921,17.46327],[-93.64027,17.46132],[-93.63934,17.45959],[-93.64044,17.45882],[-93.64494,17.46169],[-93.64771,17.46174],[-93.65041,17.45885],[-93.64949,17.4571],[-93.64739,17.45919],[-93.64463,17.4586],[-93.64414,17.45641],[-93.64581,17.45575],[-93.64686,17.45423],[-93.64648,17.45319],[-93.64416,17.45217],[-93.64295,17.45235],[-93.64333,17.45466],[-93.64246,17.45607],[-93.63956,17.45469],[-93.63766,17.45575],[-93.6366,17.45528],[-93.63639,17.45275],[-93.63535,17.45239],[-93.63514,17.45125],[-93.63692,17.45007],[-93.63912,17.4503],[-93.64133,17.44912],[-93.64398,17.44656],[-93.64279,17.44344],[-93.64518,17.4424],[-93.64214,17.43942],[-93.63717,17.43912],[-93.63821,17.43609],[-93.63936,17.43502],[-93.64535,17.43297],[-93.64616,17.43202],[-93.64563,17.43033],[-93.64931,17.43247],[-93.65068,17.42966],[-93.65124,17.42465],[-93.65355,17.42141],[-93.65295,17.41963],[-93.65574,17.41991],[-93.65758,17.41691],[-93.66022,17.41626],[-93.66128,17.41927],[-93.66308,17.4197],[-93.66479,17.41831],[-93.66507,17.41611],[-93.66574,17.416],[-93.66706,17.42001],[-93.66897,17.42017],[-93.67074,17.41883],[-93.673,17.41992],[-93.67385,17.4182],[-93.67174,17.41745],[-93.67313,17.41593],[-93.67223,17.4141],[-93.67342,17.41227],[-93.67713,17.41025],[-93.679,17.41097],[-93.68163,17.40585],[-93.68374,17.40446],[-93.6819,17.40157],[-93.68354,17.39563],[-93.68504,17.39402],[-93.68713,17.39557],[-93.68877,17.39321],[-93.68797,17.39144],[-93.69059,17.39034],[-93.69148,17.39072],[-93.69215,17.38832],[-93.69307,17.388],[-93.69413,17.38874],[-93.69492,17.3878],[-93.69347,17.38582],[-93.69181,17.3852],[-93.6917,17.38229],[-93.69045,17.383],[-93.68948,17.38233],[-93.69009,17.37955],[-93.68581,17.37713],[-93.6846,17.37819],[-93.68315,17.37641],[-93.68297,17.37356],[-93.6839,17.37402],[-93.68429,17.3761],[-93.68567,17.37418],[-93.68575,17.37237],[-93.68143,17.37009],[-93.677,17.36576],[-93.67492,17.36558],[-93.67394,17.36413],[-93.66683,17.36029],[-93.63496,17.3377],[-93.63504,17.33694],[-93.637,17.33715],[-93.63956,17.33498],[-93.63968,17.33276],[-93.64162,17.33247],[-93.64175,17.33125],[-93.64359,17.33179],[-93.6452,17.33069],[-93.64533,17.32777],[-93.64216,17.32344],[-93.64298,17.32184],[-93.64103,17.31911],[-93.6415,17.31795],[-93.63587,17.31435],[-93.62743,17.31284],[-93.62725,17.3142],[-93.62503,17.31588],[-93.62649,17.31621],[-93.62662,17.31829],[-93.62439,17.32248],[-93.61855,17.32173],[-93.60794,17.31493],[-93.63813,17.29095],[-93.66441,17.28619],[-93.66269,17.25628],[-93.68987,17.25531],[-93.69567,17.24723],[-93.71752,17.24934],[-93.72437,17.24709],[-93.73679,17.24751],[-93.74261,17.246],[-93.74618,17.24369],[-93.75421,17.24364],[-93.76298,17.23934],[-93.76571,17.2407],[-93.76592,17.2415],[-93.76934,17.24259],[-93.77009,17.24412],[-93.77245,17.24582],[-93.788,17.23379],[-93.78861,17.23233],[-93.78986,17.23337],[-93.79122,17.23212],[-93.79178,17.23323],[-93.79129,17.23745],[-93.79485,17.2409],[-93.79831,17.24192],[-93.79897,17.24058],[-93.80145,17.24038],[-93.80215,17.23434],[-93.80435,17.23307],[-93.80469,17.23128],[-93.80595,17.23022],[-93.8054,17.22638],[-93.80376,17.22487],[-93.81836,17.20348],[-93.81879,17.20202],[-93.81808,17.19933],[-93.82012,17.19532],[-93.82663,17.19049],[-93.82714,17.1725],[-93.83905,17.17295],[-93.84118,17.1722],[-93.84397,17.16861],[-93.85198,17.16625],[-93.85334,17.16512],[-93.86092,17.16374],[-93.86232,17.15154],[-93.87012,17.14665],[-93.86743,17.13696],[-94.39589,17.16636],[-94.92281,17.19379],[-94.92378,17.20184],[-94.92302,17.20413],[-94.91941,17.20605],[-94.91541,17.20622],[-94.91121,17.21371],[-94.91021,17.21971],[-94.91046,17.22788],[-94.9085,17.23197],[-94.90593,17.23472],[-94.9053,17.23691],[-94.9094,17.24061],[-94.90957,17.24278],[-94.90644,17.24669],[-94.89803,17.25177],[-94.89543,17.25638],[-94.89745,17.25908],[-94.90118,17.26012],[-94.90374,17.26208],[-94.90517,17.26542],[-94.90837,17.26656],[-94.90965,17.26798],[-94.90959,17.27111],[-94.90791,17.27402],[-94.90676,17.27945],[-94.9019,17.28551],[-94.90135,17.28745],[-94.90425,17.28962],[-94.91309,17.28623],[-94.91548,17.28816],[-94.91477,17.29258],[-94.90913,17.29719],[-94.90176,17.29636],[-94.89781,17.29893],[-94.889,17.30008],[-94.88798,17.30272],[-94.89078,17.31106],[-94.89287,17.31242],[-94.89504,17.31269],[-94.89904,17.31627],[-94.90095,17.31706],[-94.90419,17.31684],[-94.90831,17.3138],[-94.91149,17.3143],[-94.9159,17.31787],[-94.92006,17.31923],[-94.9251,17.32213],[-94.92567,17.32433],[-94.92716,17.32514],[-94.92892,17.32474],[-94.93308,17.31898],[-94.94461,17.31445],[-94.94797,17.31468],[-94.95206,17.31612],[-94.96056,17.32307],[-94.96276,17.32673],[-94.9635,17.33157],[-94.96632,17.33428],[-94.96812,17.33449],[-94.96975,17.33361],[-94.97119,17.33097],[-95.02821,17.35369]]]]}},{"type":"Feature","properties":{"nombre":"Valles Centrales"},"geometry":{"type":"MultiPolygon","coordinates":[[[[-96.87005,17.18023],[-96.86517,17.1778],[-96.87123,17.14297],[-96.85375,17.15602],[-96.83556,17.15476],[-96.83159,17.14346],[-96.82979,17.14376],[-96.82649,17.14694],[-96.82256,17.13238],[-96.8245,17.12805],[-96.82208,17.12493],[-96.8236,17.12229],[-96.82574,17.11364],[-96.82997,17.1016],[-96.83261,17.09606],[-96.82866,17.08909],[-96.80978,17.09055],[-96.81656,17.09821],[-96.81009,17.10357],[-96.80322,17.10644],[-96.79792,17.10735],[-96.79409,17.10706],[-96.78722,17.10497],[-96.78657,17.10773],[-96.79254,17.11118],[-96.79732,17.11228],[-96.80016,17.11709],[-96.79451,17.11724],[-96.79601,17.1191],[-96.79186,17.11935],[-96.79285,17.12066],[-96.79213,17.12598],[-96.78325,17.12661],[-96.78373,17.12821],[-96.78235,17.12837],[-96.78038,17.12352],[-96.77828,17.1237],[-96.77812,17.12252],[-96.76803,17.12523],[-96.76712,17.12593],[-96.77132,17.13111],[-96.76574,17.13325],[-96.76125,17.13324],[-96.74762,17.13821],[-96.74429,17.14497],[-96.74231,17.14542],[-96.73728,17.14376],[-96.73055,17.14791],[-96.7098,17.15621],[-96.68919,17.16189],[-96.67893,17.16232],[-96.67272,17.164],[-96.67135,17.16731],[-96.66945,17.16857],[-96.66336,17.17636],[-96.65887,17.17109],[-96.65748,17.17093],[-96.65334,17.17372],[-96.65008,17.15208],[-96.65054,17.14575],[-96.64273,17.14411],[-96.63633,17.13553],[-96.62249,17.1449],[-96.6222,17.14221],[-96.61824,17.13383],[-96.61184,17.12868],[-96.60724,17.11922],[-96.5978,17.1174],[-96.59222,17.12171],[-96.53801,17.13147],[-96.5356,17.1286],[-96.53454,17.12572],[-96.53357,17.12569],[-96.53118,17.12038],[-96.52622,17.11697],[-96.52401,17.11445],[-96.51568,17.10981],[-96.51146,17.10434],[-96.50666,17.10267],[-96.49869,17.10858],[-96.49602,17.10858],[-96.49069,17.11323],[-96.48163,17.11325],[-96.47992,17.11103],[-96.47383,17.11179],[-96.46716,17.10697],[-96.46932,17.10037],[-96.4698,17.09239],[-96.46849,17.08842],[-96.4631,17.08076],[-96.46552,17.07482],[-96.46845,17.07335],[-96.46856,17.06459],[-96.47002,17.05968],[-96.468,17.05337],[-96.46463,17.04848],[-96.46211,17.04639],[-96.45946,17.04573],[-96.45332,17.04084],[-96.44605,17.03767],[-96.44011,17.02786],[-96.44304,17.01692],[-96.44271,17.0153],[-96.44072,17.01418],[-96.45104,16.9848],[-96.45379,16.97372],[-96.45929,16.96651],[-96.44133,16.96193],[-96.43894,16.96719],[-96.43833,16.96708],[-96.43414,16.96408],[-96.43174,16.96429],[-96.43006,16.96089],[-96.41786,16.95835],[-96.40894,16.95198],[-96.42308,16.94557],[-96.4186,16.9378],[-96.41323,16.93135],[-96.41089,16.932],[-96.41384,16.92281],[-96.41639,16.92388],[-96.41699,16.92132],[-96.41555,16.92064],[-96.41522,16.91854],[-96.40779,16.911],[-96.3938,16.90088],[-96.37532,16.89301],[-96.35374,16.88629],[-96.34868,16.88403],[-96.33324,16.87478],[-96.32497,16.85832],[-96.31018,16.87344],[-96.24903,16.85034],[-96.24148,16.8471],[-96.23921,16.84488],[-96.21991,16.86269],[-96.21751,16.86717],[-96.2053,16.83933],[-96.20183,16.82116],[-96.1984,16.81073],[-96.16871,16.81462],[-96.15017,16.81099],[-96.15092,16.82523],[-96.15845,16.84929],[-96.16803,16.85736],[-96.14908,16.86094],[-96.13929,16.86454],[-96.13633,16.86479],[-96.13016,16.86805],[-96.12389,16.87267],[-96.1126,16.88293],[-96.10525,16.88606],[-96.09947,16.89142],[-96.09674,16.89262],[-96.08997,16.89829],[-96.08613,16.89736],[-96.08442,16.89825],[-96.08199,16.8976],[-96.08062,16.8947],[-96.07644,16.8929],[-96.07203,16.88957],[-96.06774,16.89197],[-96.06623,16.89113],[-96.06366,16.89145],[-96.06102,16.88975],[-96.0594,16.8909],[-96.05683,16.89129],[-96.05558,16.88975],[-96.05412,16.8893],[-96.05249,16.88984],[-96.01707,16.87994],[-95.98905,16.88647],[-95.9877,16.88859],[-95.9818,16.89134],[-95.9814,16.89],[-95.98021,16.89012],[-95.97931,16.88838],[-95.9758,16.88599],[-95.97161,16.87927],[-95.96902,16.87795],[-95.96721,16.87895],[-95.9644,16.87681],[-95.9669,16.87552],[-95.97161,16.86654],[-95.97649,16.85961],[-95.97154,16.84466],[-95.95689,16.8329],[-95.95337,16.82797],[-95.95208,16.82732],[-95.95091,16.82437],[-95.9445,16.81942],[-95.9419,16.81625],[-95.94051,16.81593],[-95.93592,16.81161],[-95.92475,16.80396],[-95.91542,16.79981],[-95.90734,16.79271],[-95.91278,16.76788],[-95.90965,16.74727],[-95.91613,16.73295],[-95.91406,16.72509],[-95.91808,16.70429],[-95.92384,16.69429],[-95.93049,16.67846],[-95.94648,16.66156],[-95.95473,16.65794],[-95.96932,16.6552],[-95.98325,16.65094],[-96.00174,16.65092],[-96.01039,16.65242],[-96.0336,16.63229],[-96.04476,16.63123],[-96.06411,16.6381],[-96.06685,16.64154],[-96.06976,16.63923],[-96.07511,16.63867],[-96.07756,16.64059],[-96.07925,16.64044],[-96.08262,16.64745],[-96.08395,16.64721],[-96.0848,16.64983],[-96.08708,16.65199],[-96.09958,16.67003],[-96.10997,16.69268],[-96.14197,16.73108],[-96.14046,16.73721],[-96.16502,16.73032],[-96.1768,16.73076],[-96.17998,16.73012],[-96.20014,16.72257],[-96.23023,16.70208],[-96.25123,16.71503],[-96.2641,16.72687],[-96.28402,16.74821],[-96.3076,16.74612],[-96.31344,16.74865],[-96.32181,16.73834],[-96.35076,16.70965],[-96.37736,16.69674],[-96.39483,16.6944],[-96.40388,16.69714],[-96.40492,16.69341],[-96.41803,16.68976],[-96.41512,16.69439],[-96.41762,16.69942],[-96.41382,16.70515],[-96.41278,16.71008],[-96.41216,16.72248],[-96.4153,16.72326],[-96.41548,16.72935],[-96.41691,16.73063],[-96.41889,16.73616],[-96.43261,16.73969],[-96.46657,16.7599],[-96.47137,16.74967],[-96.47838,16.7433],[-96.48454,16.74715],[-96.48882,16.74831],[-96.48818,16.74325],[-96.48585,16.7412],[-96.48521,16.73444],[-96.4858,16.7344],[-96.48546,16.73121],[-96.48675,16.72907],[-96.48612,16.72747],[-96.48805,16.7256],[-96.48713,16.72474],[-96.48802,16.72352],[-96.48726,16.72104],[-96.48867,16.71841],[-96.48532,16.7167],[-96.47563,16.70852],[-96.47154,16.70204],[-96.4664,16.68359],[-96.46209,16.66354],[-96.47628,16.66965],[-96.48938,16.67173],[-96.50632,16.69782],[-96.5182,16.70611],[-96.52812,16.70504],[-96.53438,16.67954],[-96.53934,16.66366],[-96.56952,16.67128],[-96.59467,16.6567],[-96.6098,16.6386],[-96.61198,16.62171],[-96.59367,16.61853],[-96.6016,16.60204],[-96.59903,16.56961],[-96.59595,16.56216],[-96.59295,16.52845],[-96.58639,16.52979],[-96.57421,16.52913],[-96.56118,16.5206],[-96.55904,16.5109],[-96.56277,16.50742],[-96.56034,16.5026],[-96.56116,16.50087],[-96.57293,16.49523],[-96.57358,16.49427],[-96.57085,16.49465],[-96.56609,16.49165],[-96.56655,16.4888],[-96.56419,16.48905],[-96.56423,16.48795],[-96.5618,16.48461],[-96.56,16.48368],[-96.55821,16.47945],[-96.5587,16.47855],[-96.56651,16.47781],[-96.56927,16.47645],[-96.57702,16.4769],[-96.57988,16.47544],[-96.58635,16.47634],[-96.5863,16.47714],[-96.58713,16.47543],[-96.58963,16.47487],[-96.58999,16.4736],[-96.59136,16.47304],[-96.5895,16.46953],[-96.59437,16.46839],[-96.59582,16.46662],[-96.59605,16.46497],[-96.59979,16.46079],[-96.60185,16.4608],[-96.60323,16.45961],[-96.60528,16.45928],[-96.60812,16.46136],[-96.60804,16.46251],[-96.61194,16.46374],[-96.61161,16.46467],[-96.61233,16.46524],[-96.61161,16.46615],[-96.61266,16.46664],[-96.61123,16.46918],[-96.61451,16.47064],[-96.61062,16.4699],[-96.61053,16.47086],[-96.61486,16.47206],[-96.62016,16.46944],[-96.62825,16.47239],[-96.6318,16.46402],[-96.63324,16.46306],[-96.6328,16.46205],[-96.63347,16.46021],[-96.63237,16.45813],[-96.63355,16.45729],[-96.63352,16.45598],[-96.635,16.46174],[-96.63853,16.46396],[-96.63935,16.46618],[-96.64213,16.4673],[-96.64348,16.46875],[-96.64545,16.46962],[-96.65389,16.47063],[-96.65876,16.47302],[-96.66111,16.47264],[-96.65985,16.48807],[-96.66905,16.48341],[-96.67408,16.4844],[-96.67562,16.48226],[-96.67538,16.48131],[-96.70322,16.49506],[-96.71779,16.48633],[-96.7371,16.47848],[-96.74156,16.47769],[-96.75912,16.48015],[-96.77103,16.48001],[-96.77174,16.48054],[-96.77531,16.47948],[-96.77777,16.48051],[-96.77921,16.48029],[-96.78193,16.47755],[-96.78961,16.47481],[-96.79155,16.47484],[-96.79449,16.47131],[-96.79768,16.4699],[-96.7977,16.46779],[-96.80467,16.46177],[-96.80605,16.45823],[-96.80763,16.4581],[-96.81011,16.46012],[-96.81285,16.45785],[-96.81654,16.4585],[-96.82066,16.45636],[-96.82511,16.45731],[-96.83255,16.45275],[-96.83947,16.45722],[-96.84278,16.46061],[-96.84784,16.45993],[-96.84932,16.459],[-96.84967,16.4578],[-96.8535,16.45805],[-96.85554,16.46546],[-96.85415,16.4659],[-96.85328,16.46747],[-96.8544,16.469],[-96.85442,16.47177],[-96.85844,16.47438],[-96.85901,16.47595],[-96.86362,16.47752],[-96.86492,16.47967],[-96.86358,16.48349],[-96.86112,16.48638],[-96.86091,16.4894],[-96.85912,16.49146],[-96.85176,16.49281],[-96.85265,16.48878],[-96.84752,16.48896],[-96.82576,16.47715],[-96.80958,16.47591],[-96.80418,16.47603],[-96.80144,16.48006],[-96.79715,16.48242],[-96.79433,16.48289],[-96.79486,16.48853],[-96.79743,16.49062],[-96.80053,16.49074],[-96.80097,16.49248],[-96.77251,16.49148],[-96.76591,16.49358],[-96.75276,16.49075],[-96.75264,16.5027],[-96.75796,16.50568],[-96.76464,16.52283],[-96.76794,16.52336],[-96.7744,16.52883],[-96.77093,16.53587],[-96.77689,16.53993],[-96.78821,16.55044],[-96.78632,16.55273],[-96.78611,16.55419],[-96.78664,16.56431],[-96.7849,16.58585],[-96.76887,16.60688],[-96.7575,16.61643],[-96.76636,16.6265],[-96.76987,16.62244],[-96.78061,16.63461],[-96.79598,16.63842],[-96.79889,16.64326],[-96.79574,16.65241],[-96.79292,16.65483],[-96.79941,16.66059],[-96.8052,16.66122],[-96.80775,16.66101],[-96.80786,16.66018],[-96.81035,16.6607],[-96.81189,16.66227],[-96.81383,16.66118],[-96.81325,16.66013],[-96.81463,16.65782],[-96.81574,16.65189],[-96.81504,16.65081],[-96.81764,16.64673],[-96.82031,16.63924],[-96.82517,16.63084],[-96.83507,16.62774],[-96.83749,16.61801],[-96.84845,16.621],[-96.84945,16.62662],[-96.84784,16.62882],[-96.84594,16.62976],[-96.8535,16.63188],[-96.85263,16.63617],[-96.85247,16.64472],[-96.85142,16.6461],[-96.84637,16.64785],[-96.84423,16.67355],[-96.84232,16.67411],[-96.84234,16.67551],[-96.83962,16.67922],[-96.83777,16.68025],[-96.83765,16.68216],[-96.83556,16.68516],[-96.84068,16.69203],[-96.84442,16.69304],[-96.84537,16.694],[-96.84491,16.69558],[-96.84346,16.69603],[-96.84222,16.6983],[-96.84463,16.70216],[-96.84362,16.70439],[-96.84511,16.70772],[-96.84416,16.70969],[-96.83813,16.70741],[-96.83103,16.70311],[-96.82969,16.70396],[-96.82772,16.7064],[-96.82856,16.70917],[-96.82688,16.71201],[-96.82552,16.71249],[-96.82546,16.71334],[-96.82476,16.71314],[-96.82186,16.72035],[-96.81924,16.72089],[-96.81602,16.72714],[-96.8037,16.73488],[-96.80146,16.73769],[-96.82256,16.74826],[-96.82795,16.74329],[-96.83527,16.74627],[-96.85064,16.75819],[-96.85175,16.75849],[-96.85141,16.75733],[-96.85259,16.75575],[-96.84974,16.75475],[-96.85107,16.75265],[-96.85606,16.75576],[-96.86223,16.76155],[-96.86291,16.76309],[-96.86504,16.76328],[-96.86794,16.76827],[-96.86987,16.76923],[-96.87501,16.78769],[-96.87559,16.7878],[-96.88579,16.78086],[-96.89071,16.77877],[-96.8948,16.77484],[-96.89925,16.77398],[-96.905,16.76986],[-96.90966,16.7691],[-96.91299,16.76348],[-96.90923,16.75836],[-96.909,16.7566],[-96.90417,16.75173],[-96.9008,16.74584],[-96.90123,16.74517],[-96.89804,16.7403],[-96.89109,16.73444],[-96.88563,16.7269],[-96.97914,16.72403],[-96.97884,16.72904],[-96.98078,16.73259],[-96.99874,16.75014],[-97.00775,16.75428],[-97.01191,16.76124],[-97.01584,16.7622],[-97.01673,16.7664],[-97.02069,16.76298],[-97.02212,16.75954],[-97.02426,16.75913],[-97.02722,16.76034],[-97.02659,16.76299],[-97.0226,16.76971],[-97.02192,16.77345],[-97.0293,16.76983],[-97.03171,16.76941],[-97.04014,16.76875],[-97.04711,16.77019],[-97.05296,16.76625],[-97.06909,16.75086],[-97.0915,16.7349],[-97.09268,16.73317],[-97.09211,16.73044],[-97.09621,16.72938],[-97.09624,16.72697],[-97.09769,16.72322],[-97.09384,16.7204],[-97.09365,16.71627],[-97.0909,16.71566],[-97.08943,16.71251],[-97.08664,16.71227],[-97.08581,16.71151],[-97.08468,16.70788],[-97.08878,16.70448],[-97.08245,16.70313],[-97.08004,16.70087],[-97.07235,16.70677],[-97.06873,16.70762],[-97.06707,16.70172],[-97.07258,16.69935],[-97.07632,16.69947],[-97.07766,16.69859],[-97.07831,16.69363],[-97.07587,16.69305],[-97.07491,16.69033],[-97.07485,16.6844],[-97.0763,16.68237],[-97.07492,16.67951],[-97.08292,16.66247],[-97.08424,16.62659],[-97.07954,16.61884],[-97.08349,16.60977],[-97.08474,16.60569],[-97.08398,16.60407],[-97.08584,16.60145],[-97.08567,16.59771],[-97.08733,16.59567],[-97.0882,16.59233],[-97.08657,16.58888],[-97.08789,16.5869],[-97.08779,16.5843],[-97.09051,16.58379],[-97.08984,16.5879],[-97.09262,16.58915],[-97.09228,16.59025],[-97.09021,16.5914],[-97.09072,16.59393],[-97.09292,16.59497],[-97.09467,16.59722],[-97.09756,16.59795],[-97.0972,16.60017],[-97.09993,16.601],[-97.09972,16.60392],[-97.10178,16.60903],[-97.10071,16.61381],[-97.10339,16.61667],[-97.10273,16.61759],[-97.10141,16.61638],[-97.09919,16.61756],[-97.1005,16.62069],[-97.09714,16.62111],[-97.0985,16.62321],[-97.09606,16.6232],[-97.09593,16.62507],[-97.09946,16.62767],[-97.0998,16.63033],[-97.10251,16.63276],[-97.10444,16.63779],[-97.10735,16.63905],[-97.108,16.64047],[-97.11101,16.64146],[-97.11472,16.64694],[-97.11989,16.64782],[-97.12618,16.64749],[-97.13307,16.65224],[-97.13558,16.65522],[-97.13589,16.66197],[-97.14077,16.67104],[-97.14297,16.67179],[-97.14691,16.67042],[-97.14864,16.66818],[-97.15242,16.66642],[-97.1548,16.66686],[-97.15623,16.66583],[-97.15819,16.6622],[-97.16183,16.65932],[-97.1639,16.65921],[-97.1694,16.66159],[-97.17167,16.66192],[-97.17652,16.66094],[-97.18132,16.66226],[-97.18483,16.65903],[-97.18935,16.65785],[-97.1876,16.66535],[-97.18551,16.66762],[-97.18154,16.66984],[-97.17582,16.67547],[-97.17204,16.68199],[-97.16163,16.68581],[-97.16358,16.6881],[-97.1697,16.68854],[-97.17204,16.68793],[-97.17611,16.69096],[-97.17962,16.69424],[-97.18283,16.70094],[-97.18231,16.70728],[-97.19429,16.71413],[-97.2056,16.71817],[-97.20543,16.71921],[-97.19471,16.72534],[-97.18849,16.72616],[-97.18548,16.72868],[-97.18352,16.72891],[-97.17883,16.72767],[-97.17517,16.72406],[-97.17363,16.72361],[-97.17217,16.72087],[-97.17239,16.71695],[-97.16813,16.7151],[-97.16718,16.72116],[-97.16838,16.72371],[-97.1678,16.72632],[-97.16973,16.72731],[-97.1701,16.7285],[-97.17263,16.73055],[-97.17419,16.73338],[-97.17358,16.7356],[-97.1697,16.74029],[-97.16436,16.74412],[-97.1561,16.74755],[-97.1546,16.74922],[-97.15512,16.75035],[-97.15699,16.75086],[-97.15134,16.75713],[-97.14999,16.75769],[-97.14616,16.76355],[-97.16078,16.76096],[-97.1644,16.75983],[-97.16561,16.75833],[-97.16794,16.76423],[-97.16996,16.76557],[-97.1723,16.76539],[-97.17366,16.76865],[-97.17356,16.77215],[-97.17526,16.77415],[-97.17581,16.77673],[-97.17977,16.77928],[-97.18428,16.77986],[-97.18613,16.78138],[-97.18554,16.78306],[-97.18766,16.7851],[-97.18628,16.78798],[-97.18721,16.78861],[-97.18629,16.78968],[-97.18694,16.78962],[-97.18835,16.79222],[-97.18725,16.79372],[-97.1882,16.79522],[-97.18369,16.8001],[-97.1838,16.80186],[-97.18068,16.80411],[-97.1802,16.80491],[-97.18089,16.80607],[-97.17891,16.8072],[-97.17991,16.81065],[-97.17812,16.81423],[-97.17865,16.81732],[-97.17301,16.81903],[-97.17163,16.82083],[-97.17189,16.82443],[-97.16882,16.82859],[-97.16981,16.8307],[-97.16906,16.83187],[-97.16991,16.83576],[-97.16844,16.83682],[-97.1696,16.83783],[-97.16979,16.83931],[-97.16879,16.84065],[-97.1695,16.84296],[-97.16862,16.84404],[-97.16985,16.84666],[-97.16756,16.84845],[-97.16003,16.84849],[-97.15797,16.85081],[-97.15758,16.8529],[-97.14606,16.85286],[-97.14293,16.85593],[-97.07728,16.86739],[-97.07581,16.87433],[-97.07132,16.87756],[-97.06977,16.88212],[-97.06726,16.88521],[-97.06652,16.8877],[-97.06842,16.8902],[-97.06866,16.8957],[-97.0655,16.90542],[-97.06194,16.91022],[-97.06152,16.91284],[-97.0598,16.91489],[-97.05401,16.91239],[-97.05133,16.90793],[-97.04921,16.90624],[-97.04665,16.90553],[-97.04436,16.90642],[-97.04258,16.9082],[-97.04158,16.91161],[-97.03805,16.91684],[-97.0307,16.91918],[-97.02936,16.92085],[-97.02635,16.91761],[-97.01559,16.91356],[-97.00518,16.91708],[-97.00296,16.91659],[-97.00254,16.91467],[-96.99093,16.91541],[-96.988,16.9132],[-96.98157,16.91966],[-96.98069,16.91929],[-96.97884,16.91552],[-96.97793,16.90856],[-96.97663,16.90675],[-96.97281,16.91166],[-96.96454,16.91564],[-96.96441,16.91913],[-96.96326,16.9199],[-96.96282,16.92183],[-96.96287,16.92688],[-96.96058,16.92703],[-96.95652,16.93021],[-96.95322,16.93086],[-96.95122,16.93682],[-96.94593,16.94426],[-96.94292,16.94547],[-96.9389,16.94568],[-96.93641,16.94921],[-96.93255,16.95108],[-96.92893,16.95108],[-96.92757,16.95029],[-96.91977,16.95555],[-96.9174,16.95803],[-96.92029,16.96209],[-96.91967,16.96417],[-96.91727,16.96574],[-96.91743,16.96841],[-96.92022,16.96906],[-96.92492,16.97435],[-96.92534,16.97886],[-96.92675,16.98185],[-96.92704,16.98584],[-96.92288,16.99144],[-96.92505,17.00119],[-96.92395,17.00767],[-96.92687,17.0106],[-96.92708,17.01275],[-96.92946,17.01624],[-96.93201,17.01827],[-96.93222,17.02001],[-96.92969,17.02645],[-96.93636,17.03454],[-96.93553,17.03847],[-96.93742,17.04138],[-96.93588,17.04416],[-96.93676,17.04444],[-96.93694,17.05477],[-96.93811,17.05693],[-96.93604,17.05929],[-96.94527,17.05977],[-96.94684,17.06178],[-96.92588,17.0816],[-96.92713,17.09305],[-96.92478,17.09641],[-96.93294,17.09791],[-96.934,17.0996],[-96.93067,17.10371],[-96.93078,17.10597],[-96.96365,17.15125],[-96.95251,17.16136],[-96.92469,17.16396],[-96.90042,17.16344],[-96.90023,17.16743],[-96.89363,17.16891],[-96.88803,17.17908],[-96.87146,17.18114],[-96.87005,17.18023]]]]}},{"type":"Feature","properties":{"nombre":"Maya"},"geometry":{"type":"MultiPolygon","coordinates":[[[[-88.4861,18.48611],[-88.48871,18.48426],[-88.49182,18.48381],[-88.49643,18.47711],[-88.50819,18.47],[-88.51381,18.46488],[-88.51761,18.46347],[-88.52119,18.45804],[-88.52381,18.44559],[-88.52794,18.43536],[-88.52929,18.41965],[-88.53194,18.40822],[-88.54138,18.39386],[-88.5452,18.39121],[-88.54739,18.38241],[-88.55017,18.37939],[-88.55164,18.37615],[-88.5513,18.37325],[-88.54587,18.3684],[-88.54404,18.3626],[-88.54438,18.36002],[-88.54721,18.35562],[-88.55155,18.35172],[-88.55579,18.34547],[-88.55938,18.34206],[-88.56447,18.33408],[-88.57067,18.32865],[-88.57275,18.32321],[-88.574,18.32266],[-88.57527,18.32022],[-88.57884,18.32041],[-88.58065,18.31703],[-88.58517,18.31333],[-88.58765,18.30963],[-88.59629,18.30091],[-88.59835,18.29695],[-88.60209,18.29583],[-88.60583,18.29174],[-88.605,18.2906],[-88.60329,18.29177],[-88.60073,18.29044],[-88.59872,18.29124],[-88.59746,18.29016],[-88.59725,18.28888],[-88.60098,18.27928],[-88.59997,18.2752],[-88.60269,18.27046],[-88.60234,18.26827],[-88.60335,18.26655],[-88.60639,18.26439],[-88.60556,18.25918],[-88.60383,18.25745],[-88.60558,18.25648],[-88.60547,18.25216],[-88.6031,18.25059],[-88.60416,18.24957],[-88.60436,18.24762],[-88.60658,18.24558],[-88.60609,18.24486],[-88.60413,18.2451],[-88.60442,18.24152],[-88.60841,18.23827],[-88.60945,18.23399],[-88.61232,18.23244],[-88.61192,18.23001],[-88.61387,18.22851],[-88.61398,18.22623],[-88.61554,18.22328],[-88.61887,18.22374],[-88.62414,18.22137],[-88.62581,18.21868],[-88.62901,18.21897],[-88.63232,18.21573],[-88.63164,18.21404],[-88.63238,18.21293],[-88.63965,18.21524],[-88.6407,18.21668],[-88.64165,18.21637],[-88.64839,18.20957],[-88.6526,18.2079],[-88.65825,18.20372],[-88.66657,18.20273],[-88.67016,18.19701],[-88.67349,18.19423],[-88.68668,18.1947],[-88.69433,18.18687],[-88.69756,18.18242],[-88.69732,18.18023],[-88.69589,18.17913],[-88.68439,18.17781],[-88.6833,18.16685],[-88.68009,18.16252],[-88.68009,18.16018],[-88.68634,18.1559],[-88.68922,18.15581],[-88.69292,18.14947],[-88.6952,18.14821],[-88.69666,18.14463],[-88.69849,18.14245],[-88.6994,18.1381],[-88.70359,18.13479],[-88.70608,18.12889],[-88.70951,18.12391],[-88.70935,18.11927],[-88.71018,18.11714],[-88.71729,18.1109],[-88.71861,18.10883],[-88.71852,18.10782],[-88.71638,18.10635],[-88.7147,18.10657],[-88.71208,18.10412],[-88.71031,18.09696],[-88.71137,18.09587],[-88.71574,18.09423],[-88.71866,18.0882],[-88.71764,18.0857],[-88.71959,18.08388],[-88.71921,18.0811],[-88.71541,18.08076],[-88.71514,18.07719],[-88.7139,18.07545],[-88.71416,18.07329],[-88.71517,18.07256],[-88.71629,18.07187],[-88.71915,18.07198],[-88.71903,18.06725],[-88.71829,18.06413],[-88.71635,18.06162],[-88.71669,18.06053],[-88.7203,18.05955],[-88.72478,18.05446],[-88.73148,18.04957],[-88.73741,18.04795],[-88.73961,18.04817],[-88.74043,18.04748],[-88.74075,18.04371],[-88.74381,18.04392],[-88.74598,18.0425],[-88.74742,18.0402],[-88.74955,18.04099],[-88.75422,18.03811],[-88.75691,18.03785],[-88.75725,18.03602],[-88.75803,18.03561],[-88.75976,18.03577],[-88.76153,18.03449],[-88.76346,18.03501],[-88.76665,18.0343],[-88.77078,18.02918],[-88.76801,18.02456],[-88.76767,18.01987],[-88.76913,18.01727],[-88.76697,18.01664],[-88.76693,18.01602],[-88.76839,18.01377],[-88.7728,18.01206],[-88.77309,18.00988],[-88.77299,18.00748],[-88.77025,18.00777],[-88.76985,18.00679],[-88.77305,18.00524],[-88.77772,18.00462],[-88.77733,18.00279],[-88.78309,18.00021],[-88.78439,17.99799],[-88.78441,17.99586],[-88.7885,17.99304],[-88.7877,17.98964],[-88.78579,17.99053],[-88.78624,17.98833],[-88.78547,17.98716],[-88.78405,17.98848],[-88.78313,17.98827],[-88.78511,17.98524],[-88.78153,17.98509],[-88.78468,17.9829],[-88.78446,17.97986],[-88.78641,17.97895],[-88.78714,17.98112],[-88.78878,17.98097],[-88.79173,17.97699],[-88.79059,17.97443],[-88.79255,17.97156],[-88.79322,17.97211],[-88.79303,17.97401],[-88.79597,17.97434],[-88.79588,17.97163],[-88.7986,17.97104],[-88.80002,17.96824],[-88.80421,17.96626],[-88.80453,17.96413],[-88.80656,17.96291],[-88.80483,17.96226],[-88.80506,17.9611],[-88.81026,17.95481],[-88.81399,17.95297],[-88.81517,17.9503],[-88.81639,17.94943],[-88.82129,17.94937],[-88.82312,17.94751],[-88.8259,17.94668],[-88.83054,17.94877],[-88.83005,17.9464],[-88.8338,17.94523],[-88.83372,17.94193],[-88.83799,17.94022],[-88.84427,17.94027],[-88.84391,17.93743],[-88.8474,17.93701],[-88.8494,17.93431],[-88.85221,17.93348],[-88.85543,17.92856],[-88.8556,17.92616],[-88.85943,17.92519],[-88.85903,17.92446],[-88.8574,17.92429],[-88.85804,17.92268],[-88.85599,17.92193],[-88.85652,17.92085],[-88.85497,17.92013],[-88.85652,17.9185],[-88.85501,17.9176],[-88.85548,17.91534],[-88.85415,17.90775],[-88.85524,17.90679],[-88.85495,17.90424],[-88.85635,17.90318],[-88.85784,17.90329],[-88.8583,17.90194],[-88.86042,17.90084],[-88.85988,17.89971],[-88.85779,17.89978],[-88.85977,17.89446],[-88.86351,17.89426],[-88.86661,17.89618],[-88.86881,17.89486],[-88.87224,17.89447],[-88.87507,17.89607],[-88.87763,17.89439],[-88.88067,17.89622],[-88.88294,17.89623],[-88.88372,17.89852],[-88.88262,17.90061],[-88.88517,17.9007],[-88.88538,17.90252],[-88.88728,17.90382],[-88.88695,17.90562],[-88.88544,17.90656],[-88.88536,17.90756],[-88.89044,17.9069],[-88.89332,17.90745],[-88.89439,17.90626],[-88.89625,17.90612],[-88.90208,17.90963],[-88.90391,17.91316],[-88.90658,17.91586],[-88.9093,17.91428],[-88.90994,17.91202],[-88.91278,17.91038],[-88.91368,17.91059],[-88.91312,17.91414],[-88.91543,17.91657],[-88.92046,17.91581],[-88.9239,17.92354],[-88.92432,17.92626],[-88.92695,17.92975],[-88.93374,17.93128],[-88.93395,17.9328],[-88.93138,17.93365],[-88.9307,17.93493],[-88.93115,17.93929],[-88.93048,17.94139],[-88.93132,17.94286],[-88.9329,17.9433],[-88.93601,17.93994],[-88.93796,17.94063],[-88.93872,17.94287],[-88.93737,17.94642],[-88.93975,17.94955],[-88.94186,17.95059],[-88.94426,17.95066],[-88.94527,17.95274],[-88.94406,17.95813],[-88.94478,17.95913],[-88.94757,17.95891],[-88.94999,17.9561],[-88.95091,17.95664],[-88.95382,17.95463],[-88.95469,17.95509],[-88.9544,17.95631],[-88.95501,17.95677],[-88.95692,17.95668],[-88.95696,17.95514],[-88.95977,17.95172],[-88.96611,17.95425],[-88.97044,17.95245],[-88.97109,17.95335],[-88.97303,17.95336],[-88.97392,17.95619],[-88.97539,17.95519],[-88.97602,17.95625],[-88.97983,17.95537],[-88.98113,17.95755],[-88.98325,17.95798],[-88.98506,17.95647],[-88.98592,17.94747],[-88.98722,17.94728],[-88.98723,17.9483],[-88.98829,17.94841],[-88.99128,17.95169],[-88.99153,17.95409],[-88.99363,17.95593],[-88.99297,17.95972],[-88.99668,17.96541],[-88.99962,17.96747],[-88.99813,17.9702],[-88.99816,17.97166],[-89.00399,17.97249],[-89.00383,17.97582],[-89.00012,17.97729],[-89.00017,17.97894],[-88.99885,17.97993],[-89.00049,17.98107],[-88.99984,17.98273],[-89.00119,17.98283],[-89.00062,17.98443],[-89.00643,17.9878],[-89.00809,17.98842],[-89.00955,17.98802],[-89.01264,17.99016],[-89.01516,17.9899],[-89.01752,17.99178],[-89.02157,17.99274],[-89.02535,17.99629],[-89.02861,17.99731],[-89.02911,17.99946],[-89.02814,18.00188],[-89.03013,18.00346],[-89.03144,18.00222],[-89.03332,18.00338],[-89.03587,18.00227],[-89.03695,18.00263],[-89.03619,18.00467],[-89.03752,18.00512],[-89.04173,18.00343],[-89.04355,18.00355],[-89.04481,18.00156],[-89.04831,18.00067],[-89.04917,17.99923],[-89.05226,18.00019],[-89.05554,17.99258],[-89.0586,17.99031],[-89.06736,17.99085],[-89.07046,17.99257],[-89.07635,17.99382],[-89.08506,17.99042],[-89.0948,17.9844],[-89.09605,17.98186],[-89.10195,17.98099],[-89.10337,17.97917],[-89.10311,17.97785],[-89.10501,17.97719],[-89.10539,17.97625],[-89.1066,17.97628],[-89.1056,17.97525],[-89.10773,17.97528],[-89.10763,17.97471],[-89.10677,17.97491],[-89.10696,17.9738],[-89.11159,17.96976],[-89.11444,17.97043],[-89.11568,17.96882],[-89.11669,17.96886],[-89.11995,17.97198],[-89.12241,17.97216],[-89.12421,17.97528],[-89.13271,17.97203],[-89.13397,17.97122],[-89.13387,17.96948],[-89.13268,17.96862],[-89.13372,17.9642],[-89.13346,17.96084],[-89.1356,17.95951],[-89.13621,17.95544],[-89.13744,17.95409],[-89.14497,17.95107],[-89.14577,17.94611],[-89.14812,17.94237],[-89.15156,17.94139],[-89.15171,17.81561],[-89.49284,17.81464],[-89.77387,17.81604],[-89.92968,17.81505],[-90.1267,17.81662],[-90.28074,17.81552],[-90.3606,17.81287],[-90.43952,17.81491],[-90.58632,17.81613],[-90.98764,17.81547],[-90.98766,17.87536],[-90.99564,17.87549],[-90.99551,17.90216],[-90.98767,17.90135],[-90.98795,17.96255],[-91.1202,17.96338],[-91.11358,17.97585],[-91.13067,17.98225],[-91.13318,17.95801],[-91.15112,17.96267],[-91.14966,17.9669],[-91.14473,17.97516],[-91.1726,17.97805],[-91.17645,17.97487],[-91.17845,17.97489],[-91.18095,17.97668],[-91.18211,17.97413],[-91.18561,17.97295],[-91.18855,17.97521],[-91.18864,17.97602],[-91.19046,17.97599],[-91.19271,17.97821],[-91.19499,17.97809],[-91.19513,17.97629],[-91.19839,17.97739],[-91.20013,17.97451],[-91.20262,17.97636],[-91.20482,17.97455],[-91.20623,17.97617],[-91.21009,17.9754],[-91.21111,17.97606],[-91.21234,17.97435],[-91.21529,17.97556],[-91.21746,17.97499],[-91.21869,17.97715],[-91.22106,17.97808],[-91.22092,17.97943],[-91.22195,17.97904],[-91.22375,17.98133],[-91.23333,17.98305],[-91.23405,17.98418],[-91.23794,17.98556],[-91.24206,17.98889],[-91.24378,17.99113],[-91.24352,17.99494],[-91.24481,17.99555],[-91.24603,17.99882],[-91.2484,18.00087],[-91.24841,18.00467],[-91.25312,18.00921],[-91.25973,18.01099],[-91.26554,18.01552],[-91.28142,18.02401],[-91.28409,18.02763],[-91.28383,18.02931],[-91.28544,18.0298],[-91.28855,18.03355],[-91.29248,18.03525],[-91.29705,18.04117],[-91.29674,18.04194],[-91.3102,18.04804],[-91.3184,18.04938],[-91.32074,18.05127],[-91.32069,18.0522],[-91.32415,18.05408],[-91.32341,18.0591],[-91.32595,18.05972],[-91.32668,18.06242],[-91.32829,18.0628],[-91.31269,18.08533],[-91.30407,18.07798],[-91.3008,18.08852],[-91.29915,18.1029],[-91.28784,18.10243],[-91.28762,18.09975],[-91.28302,18.09917],[-91.28257,18.1033],[-91.23943,18.09884],[-91.2386,18.10595],[-91.25005,18.14393],[-91.25244,18.14756],[-91.25268,18.15414],[-91.25407,18.15612],[-91.25154,18.15918],[-91.25406,18.1617],[-91.25444,18.16358],[-91.25069,18.16655],[-91.24947,18.17024],[-91.25075,18.17093],[-91.25046,18.17314],[-91.25116,18.17442],[-91.24908,18.17516],[-91.24953,18.17665],[-91.25183,18.17859],[-91.25142,18.18076],[-91.2522,18.18277],[-91.24913,18.18449],[-91.24945,18.18742],[-91.24485,18.19422],[-91.24631,18.20311],[-91.26772,18.19991],[-91.26398,18.20926],[-91.18739,18.22767],[-91.19047,18.2355],[-91.18581,18.27691],[-91.17498,18.27572],[-91.16231,18.28702],[-91.15648,18.28263],[-91.1517,18.28835],[-91.13375,18.28747],[-91.1198,18.30413],[-91.10855,18.3026],[-91.10515,18.30676],[-91.11649,18.30853],[-91.1153,18.31931],[-91.12421,18.32034],[-91.12716,18.32827],[-91.11106,18.33093],[-91.10961,18.32824],[-91.10509,18.32755],[-91.10287,18.33989],[-91.0844,18.33802],[-91.08354,18.34298],[-91.09787,18.34516],[-91.09639,18.36406],[-91.07943,18.36918],[-91.06604,18.37003],[-91.06628,18.35818],[-91.06872,18.34059],[-91.05377,18.33826],[-91.04226,18.33818],[-91.01861,18.33511],[-91.01599,18.3616],[-90.99731,18.35824],[-90.99387,18.39097],[-91.00407,18.39143],[-91.02577,18.41292],[-91.02664,18.41145],[-91.02996,18.41478],[-91.02376,18.43158],[-91.00674,18.48408],[-91.00123,18.53356],[-90.995,18.53887],[-91.01309,18.55869],[-90.99402,18.57299],[-90.98524,18.56311],[-90.99524,18.55519],[-90.9866,18.54496],[-90.97133,18.55689],[-90.997,18.58709],[-90.98326,18.58576],[-90.98166,18.58751],[-90.9753,18.58694],[-90.96827,18.63568],[-90.98193,18.63775],[-90.97881,18.65701],[-90.94179,18.65421],[-90.94085,18.6583],[-90.91587,18.65395],[-90.91993,18.62343],[-90.90402,18.62193],[-90.89998,18.65119],[-90.89838,18.65094],[-90.89255,18.67099],[-90.89024,18.67048],[-90.88988,18.6718],[-90.89212,18.67229],[-90.8906,18.67644],[-90.8709,18.67082],[-90.86935,18.68124],[-90.84808,18.68],[-90.84701,18.68821],[-90.82752,18.68599],[-90.82301,18.71464],[-90.80404,18.71233],[-90.79543,18.74217],[-90.81215,18.7447],[-90.81083,18.75829],[-90.84409,18.76133],[-90.84002,18.79942],[-90.83215,18.79889],[-90.82621,18.81945],[-90.82374,18.83097],[-90.86801,18.8362],[-90.87123,18.83283],[-90.91576,18.8723],[-90.91055,18.87847],[-90.91623,18.89036],[-90.90337,18.90476],[-90.90186,18.90531],[-90.90117,18.91023],[-90.91209,18.91768],[-90.91252,18.91445],[-90.94427,18.94199],[-90.96648,18.91693],[-91.02093,18.9649],[-91.02613,18.96812],[-91.00328,18.98468],[-91.02896,19.01719],[-91.04044,19],[-91.04752,18.98581],[-91.08919,19.01993],[-91.09196,19.02317],[-91.09527,19.03128],[-91.0996,19.02884],[-91.09903,19.03095],[-91.09974,19.03232],[-91.11321,19.02884],[-91.1175,19.02367],[-91.12035,19.0171],[-91.1236,19.01472],[-91.14109,19.01034],[-91.14131,19.0095],[-91.13966,19.00854],[-91.13885,19.00571],[-91.13974,19.0022],[-91.14293,18.99875],[-91.14918,18.99769],[-91.15455,18.99265],[-91.15692,18.99193],[-91.16267,18.99305],[-91.16355,18.99456],[-91.16374,18.99901],[-91.1693,18.99606],[-91.17514,18.99719],[-91.17657,18.9968],[-91.18166,18.99382],[-91.18307,18.99193],[-91.18516,18.99617],[-91.16663,19.0049],[-91.13082,19.02449],[-91.11326,19.03536],[-91.11066,19.03835],[-91.11093,19.04449],[-91.09166,19.05671],[-91.08112,19.06746],[-91.056,19.08335],[-91.03795,19.0934],[-91.03409,19.09666],[-91.02563,19.10064],[-90.99544,19.11816],[-90.97966,19.12951],[-90.96745,19.13656],[-90.96257,19.14076],[-90.93748,19.1566],[-90.8997,19.18346],[-90.89801,19.18611],[-90.89832,19.18727],[-90.86285,19.21707],[-90.83424,19.24311],[-90.79607,19.27224],[-90.77716,19.28865],[-90.76581,19.29976],[-90.7406,19.32953],[-90.73617,19.33664],[-90.72584,19.35688],[-90.72468,19.3584],[-90.72278,19.35917],[-90.72218,19.36555],[-90.72387,19.3761],[-90.72523,19.37968],[-90.72564,19.3849],[-90.72517,19.40124],[-90.72314,19.40821],[-90.71562,19.42258],[-90.7131,19.42924],[-90.70992,19.44269],[-90.71035,19.44687],[-90.70602,19.46153],[-90.70701,19.46334],[-90.70769,19.46808],[-90.70404,19.47926],[-90.70304,19.48537],[-90.70407,19.50071],[-90.70586,19.50393],[-90.70815,19.50564],[-90.71062,19.51404],[-90.70856,19.52332],[-90.70959,19.52549],[-90.71008,19.52348],[-90.70976,19.52568],[-90.71114,19.52776],[-90.70736,19.53569],[-90.70802,19.53927],[-90.70496,19.54587],[-90.70424,19.55382],[-90.70642,19.56086],[-90.7097,19.56063],[-90.71182,19.56241],[-90.70709,19.56869],[-90.69449,19.59343],[-90.68822,19.61145],[-90.68535,19.62629],[-90.6871,19.63479],[-90.69326,19.64534],[-90.6994,19.64871],[-90.70633,19.64977],[-90.70631,19.65168],[-90.70731,19.65166],[-90.70628,19.65189],[-90.70626,19.65434],[-90.70737,19.65437],[-90.70858,19.65155],[-90.70943,19.65216],[-90.70833,19.65465],[-90.70591,19.65459],[-90.70387,19.66105],[-90.70351,19.66509],[-90.7046,19.66915],[-90.70589,19.6708],[-90.70801,19.67135],[-90.70818,19.67034],[-90.70835,19.6714],[-90.70952,19.67146],[-90.70958,19.67061],[-90.71054,19.67063],[-90.71056,19.67142],[-90.71232,19.67182],[-90.70712,19.67169],[-90.70674,19.67593],[-90.69774,19.68354],[-90.69474,19.68646],[-90.69193,19.69079],[-90.68954,19.69242],[-90.68716,19.69569],[-90.68413,19.70282],[-90.67909,19.70668],[-90.67076,19.71752],[-90.6683,19.7225],[-90.66665,19.72874],[-90.66795,19.73318],[-90.67006,19.73519],[-90.66996,19.73621],[-90.66613,19.74473],[-90.66575,19.75088],[-90.66401,19.75253],[-90.66509,19.75292],[-90.66314,19.75338],[-90.66149,19.75853],[-90.65083,19.7662],[-90.64861,19.76931],[-90.63765,19.77816],[-90.63768,19.779],[-90.63698,19.77885],[-90.63034,19.78551],[-90.62344,19.79428],[-90.62153,19.79404],[-90.6167,19.79597],[-90.6168,19.79682],[-90.61626,19.79632],[-90.61448,19.79719],[-90.61438,19.79885],[-90.61404,19.79712],[-90.61402,19.79889],[-90.61474,19.79898],[-90.614,19.79899],[-90.61379,19.79764],[-90.61257,19.7981],[-90.61048,19.80058],[-90.60519,19.80371],[-90.60413,19.80473],[-90.6046,19.80525],[-90.6029,19.80532],[-90.60041,19.80769],[-90.59848,19.80839],[-90.59902,19.80926],[-90.59801,19.80991],[-90.59829,19.81148],[-90.59737,19.81211],[-90.5966,19.81099],[-90.59493,19.81202],[-90.59576,19.81318],[-90.59818,19.81302],[-90.5957,19.81335],[-90.59502,19.81247],[-90.59147,19.8147],[-90.5932,19.81714],[-90.5909,19.81412],[-90.58989,19.81407],[-90.58594,19.81684],[-90.58653,19.81823],[-90.58566,19.81746],[-90.58443,19.81775],[-90.58255,19.8195],[-90.57125,19.82526],[-90.5708,19.82588],[-90.57164,19.82735],[-90.57025,19.82587],[-90.56563,19.82923],[-90.5583,19.83238],[-90.55623,19.83369],[-90.55652,19.8342],[-90.5545,19.83461],[-90.54981,19.8386],[-90.55028,19.83931],[-90.54872,19.83944],[-90.53464,19.85308],[-90.5218,19.85844],[-90.52791,19.8645],[-90.53044,19.8623],[-90.53129,19.86316],[-90.53064,19.86271],[-90.52859,19.86458],[-90.52943,19.86542],[-90.53178,19.86321],[-90.52916,19.86583],[-90.52175,19.85862],[-90.50886,19.86621],[-90.50138,19.87569],[-90.50025,19.88091],[-90.49662,19.88467],[-90.49348,19.8846],[-90.49095,19.88853],[-90.48835,19.89416],[-90.48683,19.89517],[-90.48272,19.90486],[-90.47707,19.91111],[-90.47624,19.91604],[-90.47255,19.92045],[-90.47338,19.92213],[-90.47186,19.92561],[-90.47023,19.92636],[-90.4699,19.92772],[-90.46617,19.93081],[-90.46378,19.93166],[-90.46245,19.93099],[-90.46208,19.93428],[-90.45998,19.93705],[-90.45901,19.94091],[-90.45743,19.94226],[-90.45819,19.94581],[-90.45462,19.9491],[-90.45188,19.95873],[-90.44908,19.96124],[-90.4473,19.95947],[-90.44743,19.96096],[-90.44882,19.96156],[-90.4511,19.95968],[-90.45197,19.95988],[-90.45461,19.96464],[-90.45357,19.96848],[-90.45207,19.96884],[-90.45252,19.9698],[-90.45185,19.9706],[-90.45311,19.97142],[-90.45202,19.97267],[-90.45222,19.97419],[-90.46079,19.9745],[-90.45992,19.97389],[-90.46115,19.97279],[-90.46355,19.97592],[-90.46457,19.979],[-90.46695,19.98063],[-90.46683,19.98159],[-90.46553,19.98158],[-90.46614,19.98242],[-90.46816,19.98295],[-90.46921,19.98478],[-90.47017,19.98448],[-90.47063,19.986],[-90.46995,19.99077],[-90.47319,19.99484],[-90.46703,19.99731],[-90.46301,20.00063],[-90.46206,20.00258],[-90.46286,20.00408],[-90.46268,20.00653],[-90.46358,20.00767],[-90.46333,20.00953],[-90.46258,20.00969],[-90.4634,20.01074],[-90.46263,20.01391],[-90.46569,20.01539],[-90.46891,20.02024],[-90.46903,20.0219],[-90.47242,20.02613],[-90.47393,20.02658],[-90.47413,20.02833],[-90.47582,20.02897],[-90.47618,20.03046],[-90.47752,20.03014],[-90.47854,20.0309],[-90.47943,20.03359],[-90.47887,20.0346],[-90.47961,20.04079],[-90.4854,20.04868],[-90.48517,20.05011],[-90.4864,20.05093],[-90.49115,20.06099],[-90.49106,20.06276],[-90.48606,20.0692],[-90.48645,20.07514],[-90.48538,20.07901],[-90.48655,20.08267],[-90.48664,20.08842],[-90.48543,20.09206],[-90.48135,20.09486],[-90.48011,20.09674],[-90.48008,20.09867],[-90.48116,20.09961],[-90.47866,20.10474],[-90.48066,20.10757],[-90.47945,20.10892],[-90.47967,20.11141],[-90.47883,20.11345],[-90.48049,20.11494],[-90.4818,20.12607],[-90.48626,20.13479],[-90.48793,20.13642],[-90.48883,20.14444],[-90.49003,20.14418],[-90.49127,20.14831],[-90.49225,20.14902],[-90.49519,20.15998],[-90.49382,20.16355],[-90.48865,20.16986],[-90.48397,20.17131],[-90.47951,20.17389],[-90.4801,20.17615],[-90.47895,20.17775],[-90.47988,20.18138],[-90.47754,20.18444],[-90.47781,20.18601],[-90.47944,20.18764],[-90.47956,20.18926],[-90.47801,20.192],[-90.47933,20.19442],[-90.47929,20.19726],[-90.48087,20.19981],[-90.48078,20.20139],[-90.48015,20.20159],[-90.48093,20.20276],[-90.47825,20.20525],[-90.47971,20.20671],[-90.47932,20.20816],[-90.4806,20.20881],[-90.4813,20.21047],[-90.48548,20.2141],[-90.48921,20.21594],[-90.48798,20.21968],[-90.48672,20.22048],[-90.48763,20.22329],[-90.48715,20.22679],[-90.48807,20.22974],[-90.48813,20.24127],[-90.4897,20.24753],[-90.48847,20.25122],[-90.48959,20.25734],[-90.49081,20.25915],[-90.49114,20.26745],[-90.49215,20.27242],[-90.49176,20.27517],[-90.49026,20.27657],[-90.49085,20.27758],[-90.48932,20.28228],[-90.49028,20.28465],[-90.49028,20.2862],[-90.48949,20.28682],[-90.49033,20.28731],[-90.48986,20.28972],[-90.49041,20.29255],[-90.48915,20.29652],[-90.48944,20.30044],[-90.48818,20.30007],[-90.48962,20.30105],[-90.48939,20.30479],[-90.49037,20.30535],[-90.49164,20.30823],[-90.49221,20.3113],[-90.49104,20.31844],[-90.48992,20.32031],[-90.49072,20.32484],[-90.48951,20.32696],[-90.49032,20.32946],[-90.48964,20.33131],[-90.4912,20.33183],[-90.49206,20.3354],[-90.49491,20.33992],[-90.49463,20.34076],[-90.49668,20.34098],[-90.49609,20.34173],[-90.49658,20.3424],[-90.49489,20.3423],[-90.493,20.34463],[-90.49129,20.3448],[-90.49167,20.34532],[-90.49081,20.34605],[-90.48833,20.34676],[-90.48918,20.34813],[-90.4918,20.34727],[-90.49341,20.3492],[-90.49222,20.34952],[-90.48983,20.35753],[-90.48639,20.36286],[-90.48644,20.36468],[-90.4854,20.36593],[-90.48545,20.36936],[-90.48362,20.37151],[-90.48418,20.37527],[-90.48353,20.37639],[-90.48479,20.37842],[-90.48503,20.38133],[-90.48562,20.38131],[-90.4876,20.38923],[-90.487,20.39104],[-90.48829,20.39312],[-90.48819,20.3951],[-90.49036,20.40084],[-90.49001,20.40335],[-90.49074,20.40464],[-90.48991,20.4052],[-90.49,20.40669],[-90.49259,20.40592],[-90.49186,20.41334],[-90.49241,20.41338],[-90.49263,20.41734],[-90.49406,20.42003],[-90.49357,20.42237],[-90.49525,20.42433],[-90.4965,20.42927],[-90.49562,20.43203],[-90.49651,20.43443],[-90.49473,20.43536],[-90.49498,20.43607],[-90.49228,20.4384],[-90.49128,20.44065],[-90.49312,20.44274],[-90.4933,20.4477],[-90.49442,20.44867],[-90.4951,20.4523],[-90.4962,20.4535],[-90.49902,20.45359],[-90.50059,20.45571],[-90.50149,20.46281],[-90.50265,20.46423],[-90.50117,20.46646],[-90.5008,20.4692],[-90.50114,20.4712],[-90.50276,20.47319],[-90.50196,20.47649],[-90.50238,20.48904],[-90.50143,20.49147],[-90.50009,20.49255],[-90.50049,20.49359],[-90.49872,20.49418],[-90.50063,20.49404],[-90.50114,20.4929],[-90.5021,20.49365],[-90.5024,20.49595],[-90.5018,20.4994],[-90.49935,20.50284],[-90.49746,20.50778],[-90.49772,20.50902],[-90.4966,20.51078],[-90.49579,20.51579],[-90.49416,20.51828],[-90.49454,20.51871],[-90.49335,20.51934],[-90.49502,20.52107],[-90.49393,20.52596],[-90.49049,20.53078],[-90.48909,20.53652],[-90.48642,20.54058],[-90.48692,20.54137],[-90.4855,20.54251],[-90.48605,20.54434],[-90.48491,20.54657],[-90.4841,20.5514],[-90.48192,20.55462],[-90.48231,20.55742],[-90.48134,20.55811],[-90.47991,20.56182],[-90.47473,20.56664],[-90.47512,20.56713],[-90.47393,20.5684],[-90.47218,20.57383],[-90.47006,20.57692],[-90.46929,20.58088],[-90.46845,20.58213],[-90.46684,20.58269],[-90.46684,20.58389],[-90.46423,20.58691],[-90.46491,20.58766],[-90.46348,20.59019],[-90.4644,20.59098],[-90.46381,20.59392],[-90.46188,20.59656],[-90.46246,20.59678],[-90.46179,20.5984],[-90.46244,20.59897],[-90.46103,20.6001],[-90.46092,20.60137],[-90.4576,20.60387],[-90.45728,20.60722],[-90.45787,20.60871],[-90.4566,20.61059],[-90.45697,20.61107],[-90.45307,20.61359],[-90.45379,20.61435],[-90.45337,20.61507],[-90.45448,20.61474],[-90.45659,20.61583],[-90.45663,20.61735],[-90.45344,20.62167],[-90.45415,20.62203],[-90.45403,20.62326],[-90.45196,20.62643],[-90.45223,20.6286],[-90.45053,20.63246],[-90.44809,20.63393],[-90.44878,20.63761],[-90.44723,20.63965],[-90.44653,20.64349],[-90.44703,20.6456],[-90.44629,20.64722],[-90.44683,20.64769],[-90.44596,20.64781],[-90.4473,20.64934],[-90.44621,20.65167],[-90.44689,20.65614],[-90.44503,20.66552],[-90.44503,20.67342],[-90.44558,20.67399],[-90.44192,20.67967],[-90.44353,20.68239],[-90.44243,20.68435],[-90.4521,20.68651],[-90.45288,20.6859],[-90.45306,20.69004],[-90.45438,20.69295],[-90.4547,20.69935],[-90.45361,20.70411],[-90.4485,20.71637],[-90.44051,20.72404],[-90.43536,20.72636],[-90.43391,20.72812],[-90.43251,20.73288],[-90.43314,20.73287],[-90.4314,20.73463],[-90.43052,20.73755],[-90.43111,20.74664],[-90.42984,20.74711],[-90.42431,20.74641],[-90.4221,20.74762],[-90.41862,20.75212],[-90.41485,20.75462],[-90.41176,20.75808],[-90.41037,20.7618],[-90.41045,20.76522],[-90.4074,20.7683],[-90.4064,20.77381],[-90.40682,20.77613],[-90.41334,20.77572],[-90.41478,20.77638],[-90.41418,20.78507],[-90.41604,20.8055],[-90.41546,20.81227],[-90.4123,20.82462],[-90.40388,20.84252],[-90.40361,20.84466],[-90.40499,20.84527],[-90.40452,20.84676],[-90.39985,20.84529],[-90.37936,20.84833],[-90.38182,20.74952],[-90.27854,20.75059],[-90.25936,20.73421],[-90.2307,20.76418],[-90.20697,20.74479],[-90.19347,20.75892],[-90.19342,20.76449],[-90.19529,20.77094],[-90.19178,20.77451],[-90.18766,20.78233],[-90.18185,20.78385],[-90.18127,20.78899],[-90.16773,20.78454],[-90.12385,20.77801],[-90.15985,20.84149],[-90.17066,20.84272],[-90.17519,20.83653],[-90.21647,20.84131],[-90.20922,20.90481],[-90.22783,20.90739],[-90.21781,20.92273],[-90.21536,20.92768],[-90.27226,20.93494],[-90.23864,20.99788],[-90.18505,21.03567],[-90.16766,21.04888],[-90.16776,21.10919],[-90.19725,21.08923],[-90.1997,21.09255],[-90.1629,21.11787],[-90.14759,21.12725],[-90.10475,21.14844],[-90.09461,21.15555],[-90.07272,21.16006],[-90.05266,21.1617],[-90.04954,21.16238],[-90.04942,21.16445],[-90.04845,21.15976],[-90.04767,21.15963],[-90.048,21.16072],[-90.0473,21.16086],[-90.04647,21.15944],[-90.04678,21.16097],[-90.04615,21.1611],[-90.04543,21.15972],[-90.04567,21.161],[-90.04481,21.16167],[-90.04798,21.16131],[-90.04913,21.16589],[-90.0426,21.16545],[-90.03515,21.16621],[-90.01469,21.17076],[-89.99223,21.17813],[-89.98565,21.18085],[-89.96961,21.19063],[-89.95451,21.19866],[-89.94477,21.20593],[-89.92332,21.21882],[-89.89383,21.23232],[-89.88911,21.2324],[-89.88965,21.23342],[-89.8912,21.23349],[-89.88322,21.23665],[-89.86863,21.24148],[-89.85024,21.24559],[-89.84411,21.2479],[-89.84531,21.25075],[-89.84022,21.25037],[-89.83147,21.2528],[-89.79603,21.25882],[-89.78991,21.26133],[-89.77646,21.26355],[-89.76896,21.26631],[-89.74364,21.27114],[-89.73591,21.27339],[-89.71198,21.27825],[-89.71205,21.27878],[-89.70438,21.27957],[-89.70362,21.27991],[-89.70257,21.2829],[-89.69601,21.28226],[-89.69593,21.2809],[-89.69478,21.2809],[-89.6748,21.28352],[-89.66999,21.28491],[-89.66492,21.28823],[-89.67063,21.33927],[-89.67301,21.34009],[-89.67304,21.34147],[-89.67623,21.34145],[-89.67182,21.34159],[-89.67096,21.34225],[-89.67127,21.34532],[-89.67369,21.34529],[-89.67462,21.34619],[-89.67609,21.3448],[-89.68114,21.34522],[-89.6813,21.34875],[-89.68379,21.3474],[-89.68137,21.34887],[-89.67534,21.34815],[-89.67389,21.34644],[-89.67194,21.3464],[-89.67101,21.3455],[-89.66478,21.28841],[-89.64547,21.28967],[-89.61808,21.29398],[-89.56886,21.30235],[-89.55165,21.30806],[-89.47875,21.31938],[-89.41501,21.32703],[-89.39912,21.33072],[-89.35638,21.33459],[-89.32277,21.33862],[-89.32746,21.33797],[-89.32704,21.33489],[-89.32108,21.32267],[-89.32497,21.29222],[-89.31922,21.29151],[-89.32079,21.27903],[-89.2988,21.27841],[-89.29145,21.27756],[-89.29154,21.27659],[-89.26614,21.27493],[-89.25894,21.27388],[-89.25539,21.27225],[-89.25377,21.27672],[-89.24724,21.27601],[-89.24659,21.28103],[-89.2654,21.28313],[-89.26399,21.30017],[-89.22984,21.29577],[-89.2288,21.30459],[-89.22482,21.30445],[-89.22389,21.31193],[-89.23005,21.31256],[-89.22589,21.3482],[-89.21018,21.34943],[-89.17742,21.35418],[-89.14713,21.3554],[-89.14474,21.35607],[-89.14474,21.35803],[-89.1448,21.35481],[-89.14073,21.35495],[-89.14381,21.35543],[-89.144,21.35832],[-89.14381,21.3568],[-89.14273,21.35661],[-89.11002,21.35782],[-89.08924,21.36158],[-89.08737,21.36296],[-89.08386,21.36379],[-89.0818,21.36394],[-89.08149,21.36318],[-89.07994,21.36406],[-89.08178,21.36421],[-89.07876,21.36568],[-89.06837,21.36756],[-89.07292,21.34419],[-89.07625,21.34385],[-89.07653,21.34291],[-89.08549,21.34384],[-89.09693,21.32275],[-89.09827,21.31341],[-89.07979,21.31148],[-89.0789,21.29492],[-89.08354,21.29495],[-89.08448,21.28851],[-89.07725,21.28759],[-89.07668,21.29462],[-89.07265,21.29343],[-89.07552,21.267],[-89.07739,21.26845],[-89.07934,21.26004],[-89.08069,21.25778],[-89.08168,21.23924],[-89.08506,21.23865],[-89.08407,21.23729],[-89.07886,21.23798],[-89.08029,21.22823],[-89.07898,21.21985],[-89.08028,21.21766],[-89.07859,21.21715],[-89.07909,21.21399],[-89.07545,21.21355],[-89.07547,21.21289],[-89.07053,21.21302],[-89.0712,21.21145],[-89.06912,21.20983],[-89.06677,21.20946],[-89.06513,21.20794],[-89.05733,21.20705],[-89.05583,21.20107],[-89.05484,21.201],[-89.05537,21.20673],[-89.04605,21.20616],[-89.04669,21.20099],[-89.04832,21.20101],[-89.04835,21.19993],[-89.04909,21.2006],[-89.04911,21.19858],[-89.04818,21.19779],[-89.04605,21.19815],[-89.04579,21.2009],[-89.03507,21.20005],[-89.03513,21.19518],[-88.98589,21.20093],[-88.96046,21.19722],[-88.95736,21.21866],[-88.97158,21.2185],[-88.97277,21.21814],[-88.9728,21.21555],[-88.97926,21.21679],[-88.97782,21.23137],[-88.98549,21.23188],[-88.98405,21.24615],[-88.98485,21.25598],[-88.98399,21.25588],[-88.98347,21.26616],[-88.99957,21.26125],[-88.99783,21.26667],[-89.00488,21.26709],[-89.0041,21.27362],[-89.01335,21.27189],[-89.01324,21.27368],[-89.01379,21.27373],[-89.01301,21.28153],[-89.00316,21.28051],[-89.00016,21.28712],[-88.99818,21.29447],[-88.97717,21.29248],[-88.97419,21.30456],[-88.97887,21.30486],[-88.97892,21.31736],[-88.97692,21.33068],[-88.97326,21.33603],[-88.96913,21.33273],[-88.96416,21.3315],[-88.96084,21.34479],[-88.95564,21.34292],[-88.95318,21.36034],[-88.94714,21.3591],[-88.94982,21.34126],[-88.90116,21.33984],[-88.87231,21.34247],[-88.86459,21.34157],[-88.86453,21.34298],[-88.85147,21.34478],[-88.85204,21.34886],[-88.84531,21.35099],[-88.83275,21.35132],[-88.82323,21.3528],[-88.81817,21.35232],[-88.81914,21.34485],[-88.79399,21.33892],[-88.7936,21.34137],[-88.78937,21.34103],[-88.78946,21.34945],[-88.71842,21.34215],[-88.71646,21.35718],[-88.7493,21.35732],[-88.76428,21.35811],[-88.76278,21.37615],[-88.75201,21.37538],[-88.7494,21.40102],[-88.71457,21.39944],[-88.71463,21.39452],[-88.68239,21.39909],[-88.67801,21.37985],[-88.67849,21.36146],[-88.6801,21.35404],[-88.6868,21.3546],[-88.68898,21.35135],[-88.69224,21.33927],[-88.68844,21.33892],[-88.66612,21.34751],[-88.65136,21.35823],[-88.65234,21.37414],[-88.65125,21.38271],[-88.65803,21.38432],[-88.65423,21.40732],[-88.6409,21.4062],[-88.6318,21.40679],[-88.63033,21.41946],[-88.61892,21.41857],[-88.61785,21.42404],[-88.60579,21.42275],[-88.58931,21.42297],[-88.58465,21.42887],[-88.58605,21.43006],[-88.585,21.43277],[-88.57837,21.43209],[-88.58246,21.42366],[-88.58456,21.42218],[-88.5704,21.41889],[-88.55998,21.41727],[-88.55938,21.42084],[-88.55464,21.42],[-88.55411,21.42266],[-88.54965,21.42203],[-88.54754,21.41858],[-88.52823,21.421],[-88.53527,21.44256],[-88.51205,21.44676],[-88.51376,21.43248],[-88.52029,21.43282],[-88.52055,21.43107],[-88.52154,21.43091],[-88.52101,21.42834],[-88.51941,21.42896],[-88.51957,21.42505],[-88.50048,21.42434],[-88.49881,21.43943],[-88.48721,21.43786],[-88.48492,21.44701],[-88.48501,21.45196],[-88.48783,21.45163],[-88.48752,21.45879],[-88.48476,21.47323],[-88.47239,21.4724],[-88.46975,21.45839],[-88.46688,21.45801],[-88.46863,21.44232],[-88.46945,21.44087],[-88.469,21.43413],[-88.46798,21.43261],[-88.45679,21.4348],[-88.45837,21.44381],[-88.45742,21.4441],[-88.43336,21.44157],[-88.43491,21.42939],[-88.42449,21.43113],[-88.40661,21.43049],[-88.4046,21.44343],[-88.37295,21.43861],[-88.37391,21.43171],[-88.36835,21.43058],[-88.36282,21.43078],[-88.35122,21.43478],[-88.34123,21.42777],[-88.34214,21.43809],[-88.33923,21.43768],[-88.33718,21.43394],[-88.32981,21.43228],[-88.32958,21.4344],[-88.31159,21.43354],[-88.28798,21.42578],[-88.28759,21.4287],[-88.27781,21.4265],[-88.27891,21.41539],[-88.26358,21.41458],[-88.26261,21.40586],[-88.25786,21.39021],[-88.21179,21.38542],[-88.21045,21.39361],[-88.2083,21.39333],[-88.20684,21.40733],[-88.20322,21.40689],[-88.20151,21.42246],[-88.19172,21.42355],[-88.19196,21.43138],[-88.17307,21.42966],[-88.17337,21.43517],[-88.16552,21.43433],[-88.16343,21.45239],[-88.16671,21.4527],[-88.16361,21.47802],[-88.13089,21.47514],[-88.13213,21.45936],[-88.13219,21.44589],[-88.14131,21.44691],[-88.14406,21.42865],[-88.14217,21.42859],[-88.14258,21.4253],[-88.12446,21.42326],[-88.12211,21.44207],[-88.11556,21.44396],[-88.11402,21.4567],[-88.11044,21.45655],[-88.08777,21.44367],[-88.08848,21.44225],[-88.10318,21.44363],[-88.10497,21.42831],[-88.09681,21.42607],[-88.09251,21.4264],[-88.09662,21.41908],[-88.09847,21.4116],[-88.07459,21.40984],[-88.07281,21.42669],[-88.07906,21.42972],[-88.07491,21.46245],[-88.08462,21.46346],[-88.08134,21.47929],[-88.09115,21.48025],[-88.08987,21.48535],[-88.08489,21.49364],[-88.08311,21.4987],[-88.08261,21.50899],[-88.08136,21.51227],[-88.08138,21.51385],[-88.08277,21.51568],[-88.08277,21.5251],[-88.09686,21.52378],[-88.09921,21.53234],[-88.07183,21.53196],[-88.07038,21.53578],[-88.01693,21.53184],[-88.01299,21.53342],[-87.99955,21.53284],[-87.99692,21.55804],[-87.99452,21.56866],[-87.99271,21.57034],[-87.97912,21.56677],[-87.97689,21.56735],[-87.97402,21.56546],[-87.97105,21.56579],[-87.9675,21.5649],[-87.9654,21.56574],[-87.96211,21.56378],[-87.95722,21.56522],[-87.95453,21.56329],[-87.95301,21.56321],[-87.95425,21.56478],[-87.94878,21.5614],[-87.94653,21.56165],[-87.94485,21.56302],[-87.94383,21.56686],[-87.94235,21.56605],[-87.94329,21.56529],[-87.94322,21.56422],[-87.94095,21.56192],[-87.93976,21.56177],[-87.93641,21.56346],[-87.92986,21.55855],[-87.92765,21.55784],[-87.91864,21.55867],[-87.91599,21.56272],[-87.91374,21.56318],[-87.90764,21.56784],[-87.90303,21.56861],[-87.89826,21.56827],[-87.89492,21.56671],[-87.89084,21.567],[-87.88932,21.56854],[-87.88296,21.56863],[-87.88388,21.56754],[-87.88355,21.56647],[-87.88037,21.56521],[-87.8787,21.56618],[-87.87947,21.56628],[-87.88092,21.569],[-87.88228,21.56887],[-87.88204,21.56945],[-87.8801,21.56897],[-87.87865,21.56673],[-87.87491,21.5669],[-87.8647,21.56838],[-87.86254,21.56972],[-87.86158,21.57191],[-87.82548,21.55744],[-87.79671,21.54742],[-87.73836,21.53039],[-87.69726,21.52041],[-87.68695,21.51932],[-87.68769,21.5184],[-87.68729,21.51706],[-87.68711,21.51773],[-87.68438,21.51753],[-87.68432,21.51836],[-87.68645,21.51883],[-87.6863,21.52133],[-87.68231,21.51971],[-87.67788,21.51949],[-87.66205,21.51547],[-87.63524,21.51071],[-87.60422,21.50292],[-87.54683,21.49077],[-87.51351,21.48865],[-87.50309,21.48602],[-87.48833,21.48518],[-87.48599,21.48366],[-87.48569,21.48123],[-87.48551,21.47498],[-87.48686,21.47299],[-87.48655,21.47044],[-87.4872,21.46889],[-87.48658,21.46526],[-87.48511,21.46314],[-87.47774,21.45844],[-87.46952,21.45663],[-87.46418,21.45711],[-87.45925,21.46019],[-87.45754,21.46256],[-87.45412,21.46379],[-87.44469,21.46504],[-87.43764,21.46889],[-87.42927,21.46825],[-87.41806,21.46252],[-87.40999,21.46091],[-87.40282,21.4572],[-87.3944,21.45694],[-87.38536,21.45512],[-87.37921,21.45481],[-87.36938,21.44877],[-87.36094,21.44697],[-87.35711,21.44734],[-87.35545,21.44677],[-87.35439,21.44597],[-87.35135,21.43951],[-87.34837,21.43787],[-87.3471,21.43513],[-87.34519,21.4349],[-87.34438,21.43368],[-87.3411,21.43227],[-87.33878,21.43237],[-87.33535,21.43412],[-87.33222,21.43257],[-87.33076,21.43323],[-87.32738,21.43248],[-87.32633,21.43399],[-87.31943,21.43707],[-87.31933,21.43934],[-87.31576,21.44137],[-87.3094,21.4395],[-87.30884,21.43851],[-87.30703,21.43856],[-87.30526,21.43705],[-87.30183,21.43654],[-87.30027,21.43508],[-87.29674,21.43579],[-87.29568,21.43461],[-87.29316,21.4357],[-87.29392,21.43754],[-87.29342,21.44004],[-87.29271,21.43995],[-87.28807,21.43722],[-87.286,21.43789],[-87.28565,21.43633],[-87.28439,21.43539],[-87.28187,21.43516],[-87.28222,21.43445],[-87.27788,21.43497],[-87.27748,21.43394],[-87.27526,21.43347],[-87.2744,21.43248],[-87.27213,21.43234],[-87.27245,21.43951],[-87.27376,21.44097],[-87.27386,21.44328],[-87.27301,21.4422],[-87.27315,21.44093],[-87.27159,21.43999],[-87.26993,21.44032],[-87.26982,21.43942],[-87.27144,21.43852],[-87.27148,21.43701],[-87.26951,21.43437],[-87.26755,21.43419],[-87.26745,21.43589],[-87.26598,21.43551],[-87.26528,21.43669],[-87.26574,21.43915],[-87.26382,21.43839],[-87.26462,21.43547],[-87.2619,21.43618],[-87.2608,21.43769],[-87.26004,21.43694],[-87.25853,21.43779],[-87.25782,21.43722],[-87.25827,21.43491],[-87.25686,21.43581],[-87.25666,21.43694],[-87.2561,21.43529],[-87.25681,21.4343],[-87.2559,21.43345],[-87.25464,21.43355],[-87.2534,21.43489],[-87.25011,21.43408],[-87.24607,21.42984],[-87.24406,21.42631],[-87.24428,21.42546],[-87.24171,21.42572],[-87.24153,21.42378],[-87.24057,21.42296],[-87.23898,21.42516],[-87.23804,21.42444],[-87.23811,21.42181],[-87.23665,21.41993],[-87.23599,21.4195],[-87.23569,21.4203],[-87.23453,21.41899],[-87.23246,21.41861],[-87.22955,21.42362],[-87.22983,21.42613],[-87.229,21.42673],[-87.22966,21.42774],[-87.2284,21.42952],[-87.22895,21.43046],[-87.22802,21.43098],[-87.22898,21.43272],[-87.22838,21.43282],[-87.22558,21.43072],[-87.22334,21.43122],[-87.22263,21.42555],[-87.22045,21.41969],[-87.19925,21.41714],[-87.18576,21.42349],[-87.12754,21.42181],[-87.12621,21.36362],[-87.09974,21.36216],[-87.1008,21.23167],[-87.10173,21.21204],[-86.99747,21.21207],[-86.9975,21.21716],[-86.97811,21.21715],[-86.97808,21.21207],[-86.91456,21.21205],[-86.9145,21.21014],[-86.86511,21.21006],[-86.866,21.21201],[-86.84805,21.212],[-86.84696,21.2104],[-86.84295,21.21103],[-86.83959,21.21303],[-86.83919,21.21199],[-86.80184,21.21195],[-86.80433,21.20477],[-86.80509,21.19473],[-86.80675,21.18942],[-86.80711,21.18383],[-86.80531,21.17214],[-86.80324,21.16688],[-86.80404,21.16418],[-86.80226,21.1588],[-86.80063,21.15749],[-86.80124,21.16037],[-86.7973,21.15418],[-86.79129,21.14866],[-86.78905,21.14756],[-86.78801,21.14594],[-86.78811,21.14348],[-86.78746,21.14324],[-86.78722,21.14414],[-86.78573,21.1448],[-86.78058,21.14512],[-86.77998,21.14638],[-86.77266,21.14313],[-86.76909,21.13941],[-86.76376,21.13773],[-86.76317,21.1369],[-86.76096,21.13671],[-86.76087,21.13738],[-86.76089,21.1367],[-86.75713,21.13653],[-86.75628,21.13729],[-86.75599,21.13674],[-86.75306,21.13778],[-86.75199,21.13964],[-86.74985,21.1397],[-86.74699,21.13706],[-86.74617,21.13738],[-86.7461,21.13866],[-86.74649,21.13688],[-86.74355,21.13629],[-86.74289,21.1367],[-86.74309,21.13775],[-86.74282,21.13667],[-86.74101,21.1383],[-86.7406,21.1349],[-86.74588,21.13319],[-86.75253,21.12449],[-86.76112,21.10854],[-86.77068,21.08512],[-86.77946,21.06022],[-86.78188,21.05015],[-86.78231,21.04437],[-86.78145,21.03909],[-86.77928,21.03619],[-86.77833,21.03598],[-86.77737,21.03689],[-86.77863,21.03253],[-86.77982,21.03102],[-86.78056,21.03194],[-86.78208,21.03195],[-86.78766,21.0298],[-86.78906,21.0322],[-86.79211,21.03402],[-86.79703,21.03567],[-86.80089,21.03546],[-86.8098,21.02919],[-86.81297,21.02305],[-86.82194,21.00128],[-86.82872,20.97959],[-86.83012,20.97136],[-86.82991,20.9669],[-86.83421,20.95716],[-86.83684,20.94556],[-86.83806,20.92866],[-86.84122,20.92578],[-86.84421,20.92018],[-86.84569,20.91379],[-86.84647,20.9048],[-86.85005,20.90051],[-86.85389,20.89782],[-86.85719,20.89381],[-86.85929,20.89289],[-86.86054,20.89122],[-86.8641,20.88188],[-86.86554,20.87188],[-86.87469,20.84754],[-86.87376,20.84711],[-86.87509,20.84716],[-86.8791,20.84322],[-86.87793,20.8414],[-86.87882,20.8406],[-86.87832,20.84202],[-86.87933,20.84306],[-86.88189,20.8411],[-86.88969,20.83199],[-86.88806,20.83045],[-86.88911,20.82931],[-86.88906,20.82785],[-86.88963,20.82954],[-86.88887,20.83027],[-86.89005,20.83003],[-86.88931,20.8307],[-86.89004,20.83047],[-86.89,20.83133],[-86.89029,20.83008],[-86.89187,20.82899],[-86.89085,20.82787],[-86.88983,20.82824],[-86.89084,20.82765],[-86.89241,20.82931],[-86.89335,20.82856],[-86.90474,20.81239],[-86.91013,20.81247],[-86.9124,20.81064],[-86.91444,20.81094],[-86.91803,20.80846],[-86.92025,20.80801],[-86.92949,20.79636],[-86.93492,20.78743],[-86.94045,20.78233],[-86.94292,20.77841],[-86.94641,20.76833],[-86.95364,20.7605],[-86.95429,20.76108],[-86.95543,20.76065],[-86.95714,20.75897],[-86.96141,20.74948],[-86.96416,20.7478],[-86.96525,20.73743],[-86.96457,20.73404],[-86.9625,20.73231],[-86.96273,20.73009],[-86.96478,20.72818],[-86.96957,20.72575],[-86.97643,20.72349],[-86.98777,20.7152],[-86.99767,20.71068],[-87.00266,20.70522],[-87.00577,20.70522],[-87.01024,20.70237],[-87.0184,20.69074],[-87.021,20.68154],[-87.02178,20.67448],[-87.02827,20.66837],[-87.03329,20.66101],[-87.03624,20.66004],[-87.03995,20.65726],[-87.04107,20.6548],[-87.04523,20.65235],[-87.04737,20.64786],[-87.04936,20.64736],[-87.05142,20.64814],[-87.0533,20.64704],[-87.057,20.64223],[-87.05932,20.63624],[-87.06124,20.63518],[-87.0671,20.62762],[-87.06864,20.62789],[-87.07174,20.6252],[-87.07477,20.62132],[-87.07398,20.62036],[-87.07519,20.62076],[-87.07912,20.61425],[-87.08382,20.6103],[-87.09812,20.59474],[-87.099,20.59277],[-87.11596,20.58035],[-87.11638,20.57924],[-87.11807,20.57891],[-87.11854,20.57735],[-87.12155,20.5766],[-87.1237,20.57356],[-87.12763,20.56951],[-87.12943,20.56875],[-87.1325,20.56509],[-87.13371,20.56569],[-87.13445,20.5648],[-87.13787,20.56494],[-87.14281,20.56241],[-87.14408,20.5613],[-87.1464,20.556],[-87.15269,20.55142],[-87.15391,20.54854],[-87.15714,20.54689],[-87.16912,20.53589],[-87.17623,20.53193],[-87.17839,20.53142],[-87.18081,20.53248],[-87.18609,20.52973],[-87.18767,20.52775],[-87.18841,20.52361],[-87.18977,20.5218],[-87.19293,20.52191],[-87.19361,20.51893],[-87.20795,20.51039],[-87.21828,20.50239],[-87.21746,20.50333],[-87.21825,20.50311],[-87.21864,20.50384],[-87.21846,20.503],[-87.22016,20.50248],[-87.21997,20.50077],[-87.22364,20.49695],[-87.22456,20.49656],[-87.22478,20.49802],[-87.22516,20.49694],[-87.22548,20.49816],[-87.22692,20.49899],[-87.23131,20.49737],[-87.23229,20.49566],[-87.23074,20.49414],[-87.23246,20.49562],[-87.23302,20.49261],[-87.23473,20.49277],[-87.23464,20.49063],[-87.23567,20.48935],[-87.23892,20.48916],[-87.24221,20.48621],[-87.24635,20.48485],[-87.24698,20.48314],[-87.24504,20.47972],[-87.24788,20.47823],[-87.2514,20.47852],[-87.25511,20.47546],[-87.26091,20.46752],[-87.26029,20.46595],[-87.26141,20.46418],[-87.26312,20.46311],[-87.26743,20.45716],[-87.27394,20.45189],[-87.27769,20.4505],[-87.28224,20.44606],[-87.28511,20.4421],[-87.28543,20.43984],[-87.28387,20.43824],[-87.28543,20.43521],[-87.28653,20.43402],[-87.28906,20.43338],[-87.28839,20.43098],[-87.28994,20.4306],[-87.29056,20.42909],[-87.29162,20.42972],[-87.29259,20.42911],[-87.29284,20.428],[-87.29139,20.42708],[-87.29234,20.42507],[-87.29361,20.42299],[-87.29514,20.42247],[-87.29521,20.4204],[-87.29811,20.41584],[-87.30039,20.4154],[-87.30188,20.41414],[-87.30175,20.41116],[-87.30356,20.41094],[-87.30315,20.40789],[-87.30387,20.40705],[-87.3064,20.40707],[-87.3088,20.40539],[-87.30937,20.40298],[-87.30802,20.40038],[-87.30999,20.39673],[-87.31181,20.39512],[-87.31294,20.39617],[-87.31468,20.39544],[-87.31912,20.3914],[-87.3203,20.38845],[-87.3227,20.38702],[-87.32299,20.38479],[-87.32419,20.38372],[-87.32386,20.38053],[-87.32252,20.3787],[-87.3228,20.37666],[-87.32806,20.37259],[-87.32949,20.36887],[-87.33162,20.36678],[-87.33245,20.36436],[-87.3314,20.36129],[-87.33332,20.35736],[-87.33551,20.35644],[-87.33814,20.35676],[-87.33833,20.35591],[-87.33644,20.35344],[-87.33986,20.35201],[-87.34023,20.35015],[-87.33898,20.34785],[-87.34116,20.34348],[-87.34469,20.34026],[-87.34741,20.33931],[-87.34874,20.33686],[-87.3486,20.33389],[-87.3521,20.33212],[-87.35402,20.32975],[-87.35423,20.32555],[-87.35185,20.32158],[-87.35392,20.31884],[-87.35447,20.31497],[-87.35651,20.31502],[-87.35598,20.3122],[-87.36146,20.29941],[-87.3647,20.29427],[-87.36754,20.29595],[-87.37058,20.29602],[-87.37255,20.29355],[-87.37204,20.29276],[-87.37257,20.2915],[-87.37462,20.29084],[-87.37467,20.28856],[-87.37313,20.28651],[-87.36994,20.28677],[-87.36979,20.2856],[-87.3712,20.28457],[-87.37329,20.28591],[-87.376,20.28612],[-87.37854,20.28429],[-87.38052,20.2815],[-87.38144,20.2779],[-87.3805,20.27598],[-87.37868,20.27459],[-87.38197,20.26843],[-87.3835,20.26766],[-87.38631,20.26952],[-87.38956,20.26746],[-87.39574,20.26065],[-87.40109,20.25269],[-87.40357,20.25122],[-87.40451,20.2494],[-87.40994,20.24432],[-87.41404,20.23857],[-87.41574,20.23422],[-87.42355,20.22624],[-87.4307,20.20972],[-87.43166,20.20388],[-87.43631,20.19836],[-87.43963,20.19261],[-87.44468,20.17949],[-87.44939,20.17035],[-87.44934,20.16899],[-87.4529,20.16406],[-87.4581,20.1504],[-87.46359,20.13309],[-87.46705,20.11858],[-87.47359,20.1008],[-87.47459,20.09157],[-87.47839,20.0769],[-87.47734,20.05794],[-87.47844,20.05391],[-87.47971,20.04165],[-87.47782,20.03661],[-87.47635,20.02514],[-87.47603,20.02031],[-87.47825,20.00723],[-87.47627,19.99899],[-87.47443,19.99528],[-87.47154,19.99247],[-87.4693,19.99226],[-87.46491,19.99405],[-87.464,19.99059],[-87.46408,19.98574],[-87.46772,19.98271],[-87.46836,19.98055],[-87.46733,19.97113],[-87.46499,19.96671],[-87.46573,19.96361],[-87.46516,19.95828],[-87.46375,19.95442],[-87.45789,19.94776],[-87.45788,19.94471],[-87.45322,19.93404],[-87.45107,19.93119],[-87.44809,19.92917],[-87.44556,19.92896],[-87.44514,19.92994],[-87.44183,19.92997],[-87.44056,19.93075],[-87.43748,19.92976],[-87.43652,19.92765],[-87.43671,19.92481],[-87.43251,19.90869],[-87.4301,19.88684],[-87.43033,19.88494],[-87.4326,19.88241],[-87.43691,19.8707],[-87.43665,19.86735],[-87.43558,19.86525],[-87.43825,19.86362],[-87.4398,19.86004],[-87.44367,19.85535],[-87.44509,19.85232],[-87.44647,19.84419],[-87.451,19.83578],[-87.45423,19.83357],[-87.45991,19.83307],[-87.46734,19.82866],[-87.4702,19.82542],[-87.47242,19.81896],[-87.47387,19.81875],[-87.47389,19.81615],[-87.47669,19.80967],[-87.47692,19.80365],[-87.47355,19.79696],[-87.47219,19.79116],[-87.46888,19.78423],[-87.46964,19.7807],[-87.47472,19.77755],[-87.47699,19.77722],[-87.47956,19.77874],[-87.47952,19.78023],[-87.48109,19.78119],[-87.47795,19.78056],[-87.47566,19.78154],[-87.47561,19.78401],[-87.47818,19.78431],[-87.47896,19.78566],[-87.48647,19.78696],[-87.48517,19.79375],[-87.48719,19.8013],[-87.48388,19.80315],[-87.48256,19.8028],[-87.48106,19.80348],[-87.48102,19.80575],[-87.48172,19.80624],[-87.4809,19.80807],[-87.48328,19.81122],[-87.48256,19.81231],[-87.48181,19.81113],[-87.48006,19.81142],[-87.48017,19.81362],[-87.47711,19.81492],[-87.47669,19.81726],[-87.47794,19.81711],[-87.47541,19.82144],[-87.47397,19.82235],[-87.47499,19.82484],[-87.47249,19.82605],[-87.47504,19.82567],[-87.47524,19.82662],[-87.47413,19.82691],[-87.4769,19.8284],[-87.47524,19.82893],[-87.47627,19.82999],[-87.47592,19.83168],[-87.4725,19.83584],[-87.47048,19.83689],[-87.46945,19.83561],[-87.47263,19.83262],[-87.47262,19.83061],[-87.47208,19.83255],[-87.46802,19.83622],[-87.46686,19.83615],[-87.4669,19.83755],[-87.46783,19.83748],[-87.46685,19.83839],[-87.46494,19.83677],[-87.46097,19.83666],[-87.45996,19.8374],[-87.45461,19.83624],[-87.45202,19.83698],[-87.44889,19.84644],[-87.44881,19.85137],[-87.43851,19.86642],[-87.43874,19.86755],[-87.44003,19.86824],[-87.44098,19.87076],[-87.44053,19.87223],[-87.44195,19.87541],[-87.43973,19.87706],[-87.43985,19.87952],[-87.43811,19.88024],[-87.43592,19.88436],[-87.43336,19.88605],[-87.43749,19.88663],[-87.438,19.88546],[-87.43853,19.88739],[-87.43562,19.88756],[-87.43291,19.88645],[-87.43129,19.88708],[-87.43116,19.88826],[-87.43196,19.89012],[-87.43128,19.89533],[-87.43341,19.90745],[-87.43298,19.90925],[-87.43417,19.91143],[-87.43522,19.91184],[-87.43463,19.91327],[-87.43531,19.91523],[-87.43648,19.91493],[-87.43616,19.91208],[-87.43837,19.91314],[-87.43649,19.91016],[-87.43975,19.91095],[-87.44511,19.91527],[-87.44681,19.9179],[-87.44779,19.91819],[-87.44802,19.91992],[-87.44922,19.91996],[-87.45021,19.92156],[-87.45493,19.92209],[-87.45891,19.92481],[-87.46084,19.92725],[-87.45983,19.92753],[-87.45945,19.92903],[-87.45917,19.92813],[-87.45735,19.9282],[-87.45764,19.9298],[-87.45591,19.92989],[-87.45772,19.93254],[-87.45665,19.93348],[-87.45756,19.93384],[-87.45692,19.93466],[-87.45773,19.93829],[-87.4597,19.93828],[-87.46,19.94021],[-87.46186,19.94201],[-87.4674,19.94507],[-87.47204,19.94364],[-87.47361,19.94087],[-87.47351,19.93806],[-87.46915,19.93163],[-87.46505,19.92827],[-87.46618,19.92646],[-87.4658,19.92304],[-87.46234,19.91577],[-87.45955,19.91578],[-87.45897,19.91721],[-87.45948,19.91773],[-87.45777,19.91708],[-87.46369,19.90756],[-87.46486,19.90225],[-87.46426,19.90123],[-87.46489,19.89931],[-87.46421,19.89469],[-87.46217,19.89175],[-87.4599,19.8913],[-87.46024,19.88958],[-87.45925,19.88769],[-87.45648,19.88741],[-87.45472,19.88846],[-87.4529,19.88834],[-87.45,19.89071],[-87.44745,19.89021],[-87.45065,19.88564],[-87.45396,19.88541],[-87.4567,19.88115],[-87.45679,19.87921],[-87.45518,19.87626],[-87.45518,19.87474],[-87.45875,19.8704],[-87.46018,19.86552],[-87.45937,19.85839],[-87.46176,19.86102],[-87.464,19.86133],[-87.46745,19.8586],[-87.47172,19.85772],[-87.47388,19.8561],[-87.47783,19.84914],[-87.47987,19.83979],[-87.48395,19.83782],[-87.48759,19.83307],[-87.48857,19.82914],[-87.48783,19.82755],[-87.48625,19.82689],[-87.48722,19.82603],[-87.48723,19.82477],[-87.4896,19.82534],[-87.49085,19.8244],[-87.49175,19.81732],[-87.49223,19.81584],[-87.49363,19.81486],[-87.49381,19.81089],[-87.49772,19.8069],[-87.50268,19.80664],[-87.50788,19.80405],[-87.51031,19.80153],[-87.515,19.79905],[-87.5216,19.80087],[-87.52574,19.79667],[-87.53325,19.79555],[-87.53773,19.79703],[-87.5402,19.7997],[-87.54416,19.79939],[-87.54294,19.7973],[-87.54544,19.79578],[-87.55231,19.80031],[-87.55294,19.80265],[-87.5519,19.80335],[-87.5516,19.80496],[-87.55336,19.808],[-87.55485,19.80852],[-87.55776,19.80759],[-87.56205,19.80467],[-87.56855,19.79587],[-87.57083,19.79541],[-87.57891,19.79037],[-87.58166,19.78629],[-87.58233,19.78365],[-87.5873,19.77412],[-87.58524,19.77193],[-87.58777,19.77189],[-87.59169,19.76638],[-87.59467,19.76399],[-87.60277,19.74987],[-87.60642,19.73926],[-87.60866,19.7378],[-87.61154,19.73163],[-87.619,19.72004],[-87.62199,19.71855],[-87.62929,19.7096],[-87.631,19.70477],[-87.63465,19.69841],[-87.63965,19.69339],[-87.64302,19.68777],[-87.6467,19.67693],[-87.64974,19.66171],[-87.65339,19.64856],[-87.65771,19.636],[-87.66224,19.62776],[-87.66678,19.61649],[-87.67073,19.61475],[-87.67934,19.61458],[-87.68016,19.61696],[-87.68346,19.61959],[-87.68399,19.62147],[-87.68299,19.62159],[-87.68133,19.62005],[-87.67986,19.62008],[-87.68042,19.62126],[-87.67641,19.62132],[-87.68223,19.62259],[-87.6894,19.62622],[-87.68904,19.62732],[-87.68747,19.62797],[-87.68606,19.62658],[-87.68185,19.62493],[-87.67636,19.62507],[-87.67627,19.62621],[-87.67245,19.62567],[-87.66902,19.62748],[-87.67755,19.62913],[-87.67913,19.62788],[-87.67978,19.62885],[-87.67791,19.62972],[-87.66761,19.62856],[-87.66653,19.63124],[-87.66526,19.63125],[-87.66468,19.63045],[-87.66423,19.63123],[-87.66485,19.63197],[-87.66341,19.63175],[-87.66543,19.63288],[-87.66282,19.63316],[-87.66229,19.63253],[-87.66299,19.63373],[-87.66069,19.63426],[-87.66059,19.63535],[-87.66728,19.63849],[-87.66678,19.63897],[-87.66178,19.63678],[-87.6595,19.63722],[-87.66048,19.63783],[-87.65931,19.63825],[-87.65953,19.63954],[-87.65874,19.64016],[-87.66162,19.64006],[-87.66167,19.64083],[-87.65863,19.64175],[-87.6617,19.6443],[-87.66288,19.6443],[-87.66245,19.64577],[-87.6631,19.64589],[-87.66337,19.64743],[-87.66193,19.64778],[-87.65991,19.64631],[-87.65703,19.64693],[-87.65826,19.64854],[-87.65758,19.64967],[-87.6602,19.6504],[-87.6605,19.6513],[-87.6597,19.6529],[-87.656,19.656],[-87.6571,19.6581],[-87.6566,19.6604],[-87.6539,19.6652],[-87.6521,19.6733],[-87.6508,19.6756],[-87.6528,19.6785],[-87.6526,19.68],[-87.6512,19.6808],[-87.6511,19.684],[-87.6497,19.6849],[-87.6491,19.6881],[-87.6511,19.6886],[-87.65669,19.68135],[-87.66612,19.68261],[-87.66896,19.68102],[-87.67622,19.68227],[-87.69343,19.68108],[-87.70285,19.67784],[-87.70787,19.67453],[-87.7136,19.67312],[-87.71616,19.67331],[-87.72211,19.67122],[-87.72525,19.6689],[-87.72641,19.6688],[-87.72732,19.67036],[-87.73219,19.66907],[-87.73242,19.66752],[-87.73091,19.66539],[-87.7317,19.66474],[-87.7345,19.66453],[-87.73511,19.66631],[-87.74064,19.66617],[-87.74228,19.66366],[-87.74335,19.65508],[-87.74157,19.65287],[-87.74226,19.65227],[-87.74289,19.64789],[-87.74168,19.64446],[-87.73961,19.64316],[-87.7384,19.64117],[-87.73963,19.64093],[-87.74222,19.62459],[-87.74157,19.62233],[-87.74049,19.62163],[-87.74201,19.62084],[-87.74238,19.61911],[-87.74071,19.61787],[-87.74366,19.61585],[-87.74346,19.61352],[-87.74226,19.61271],[-87.7449,19.61117],[-87.74392,19.61029],[-87.74586,19.60996],[-87.74437,19.60848],[-87.74579,19.60767],[-87.74605,19.60555],[-87.74861,19.60293],[-87.7477,19.60199],[-87.74847,19.59948],[-87.74567,19.59819],[-87.7457,19.59394],[-87.74449,19.59294],[-87.74366,19.59023],[-87.74086,19.5896],[-87.74055,19.58768],[-87.73889,19.58652],[-87.73734,19.58732],[-87.73764,19.58619],[-87.7367,19.58562],[-87.73295,19.58533],[-87.73042,19.58565],[-87.72781,19.58706],[-87.72345,19.58749],[-87.72676,19.58534],[-87.72722,19.58264],[-87.7326,19.58491],[-87.73491,19.58394],[-87.73272,19.58182],[-87.73047,19.58148],[-87.72857,19.57643],[-87.72679,19.57599],[-87.72498,19.57686],[-87.72373,19.57499],[-87.7224,19.57751],[-87.71988,19.57772],[-87.70963,19.57439],[-87.70758,19.57306],[-87.70808,19.57115],[-87.71082,19.57041],[-87.7131,19.56846],[-87.71446,19.56537],[-87.71431,19.56155],[-87.71275,19.55781],[-87.70953,19.55754],[-87.70649,19.55582],[-87.7042,19.55382],[-87.70212,19.5502],[-87.70054,19.55041],[-87.69991,19.5497],[-87.69545,19.55316],[-87.69,19.55308],[-87.6872,19.5571],[-87.68163,19.5581],[-87.6764,19.5638],[-87.67914,19.56517],[-87.68116,19.5651],[-87.68066,19.56555],[-87.68214,19.56666],[-87.68354,19.56602],[-87.68269,19.56532],[-87.68391,19.56581],[-87.68968,19.56475],[-87.69319,19.56162],[-87.68922,19.56688],[-87.68378,19.56738],[-87.67802,19.56966],[-87.67685,19.56922],[-87.67613,19.56569],[-87.67457,19.56418],[-87.6728,19.56036],[-87.66976,19.55071],[-87.66866,19.54931],[-87.66705,19.54922],[-87.66801,19.54769],[-87.67187,19.54669],[-87.67387,19.54366],[-87.67365,19.54028],[-87.67112,19.5397],[-87.66936,19.53755],[-87.67094,19.5382],[-87.67384,19.53757],[-87.67683,19.53823],[-87.68386,19.53321],[-87.68415,19.53394],[-87.68694,19.53291],[-87.68754,19.53173],[-87.68721,19.53046],[-87.68302,19.53293],[-87.67868,19.53327],[-87.67792,19.53436],[-87.67638,19.53469],[-87.67412,19.53318],[-87.6723,19.533],[-87.673,19.53],[-87.6703,19.5286],[-87.66586,19.52982],[-87.6638,19.5294],[-87.6643,19.5265],[-87.6632,19.5233],[-87.66415,19.52112],[-87.66627,19.52137],[-87.66852,19.51995],[-87.6718,19.5198],[-87.67298,19.51901],[-87.67283,19.51725],[-87.67008,19.51722],[-87.66883,19.51617],[-87.66956,19.51382],[-87.669,19.5126],[-87.66419,19.51378],[-87.66353,19.51319],[-87.66716,19.51011],[-87.67012,19.5099],[-87.6717,19.5075],[-87.66872,19.50585],[-87.67003,19.50294],[-87.6695,19.501],[-87.66537,19.50361],[-87.66323,19.5032],[-87.66254,19.50411],[-87.66353,19.5016],[-87.66313,19.50072],[-87.65869,19.50025],[-87.65651,19.50224],[-87.65596,19.50392],[-87.65199,19.50427],[-87.65044,19.50517],[-87.648,19.50961],[-87.64728,19.51311],[-87.64361,19.51558],[-87.64487,19.51655],[-87.64075,19.51965],[-87.63774,19.52401],[-87.63276,19.5384],[-87.62408,19.54745],[-87.61527,19.55248],[-87.61068,19.55301],[-87.61008,19.5541],[-87.60416,19.55377],[-87.59661,19.55536],[-87.59211,19.55521],[-87.5825,19.55645],[-87.57472,19.5598],[-87.55488,19.5638],[-87.55042,19.5661],[-87.54516,19.56116],[-87.54116,19.5609],[-87.54009,19.56164],[-87.54005,19.56076],[-87.5379,19.5597],[-87.5381,19.5577],[-87.5353,19.5574],[-87.53399,19.56109],[-87.53146,19.56196],[-87.5315,19.5577],[-87.5336,19.5572],[-87.5334,19.5529],[-87.5363,19.5504],[-87.5356,19.5491],[-87.5347,19.5494],[-87.5347,19.5478],[-87.5368,19.5466],[-87.5354,19.5456],[-87.5313,19.5451],[-87.5298,19.5431],[-87.5275,19.5428],[-87.5272,19.541],[-87.5257,19.5405],[-87.5249,19.5415],[-87.5256,19.5431],[-87.5255,19.5464],[-87.5217,19.5506],[-87.5189,19.5574],[-87.515,19.5631],[-87.5103,19.5649],[-87.5079,19.5641],[-87.5072,19.5647],[-87.5068,19.5683],[-87.5025,19.5704],[-87.5,19.5693],[-87.4973,19.5706],[-87.4953,19.5696],[-87.4924,19.5707],[-87.4967,19.5736],[-87.5028,19.5757],[-87.5045,19.5746],[-87.5099,19.5764],[-87.5093,19.5785],[-87.5098,19.58],[-87.5087,19.5818],[-87.502,19.5806],[-87.5028,19.5824],[-87.5072,19.5867],[-87.5042,19.5885],[-87.50479,19.59013],[-87.5011,19.5905],[-87.50012,19.58996],[-87.5002,19.5877],[-87.4981,19.5875],[-87.4966,19.5857],[-87.4954,19.5858],[-87.4949,19.5873],[-87.4929,19.5872],[-87.4921,19.5879],[-87.4926,19.58967],[-87.49023,19.59026],[-87.48392,19.589],[-87.4819,19.5879],[-87.4762,19.5889],[-87.4755,19.5913],[-87.4743,19.5918],[-87.4705,19.5902],[-87.469,19.5914],[-87.4658,19.592],[-87.4646,19.5932],[-87.4616,19.593],[-87.4586,19.5948],[-87.4539,19.5946],[-87.4534,19.596],[-87.4517,19.596],[-87.4515,19.5976],[-87.4525,19.5991],[-87.4516,19.5995],[-87.4532,19.6021],[-87.4572,19.6008],[-87.4562,19.6028],[-87.4583,19.6083],[-87.4599,19.6079],[-87.4603,19.6063],[-87.4623,19.6073],[-87.4562,19.6158],[-87.4525,19.6176],[-87.4503,19.6164],[-87.4482,19.6193],[-87.4457,19.62],[-87.44651,19.62212],[-87.44515,19.62277],[-87.44659,19.626],[-87.44964,19.62798],[-87.44903,19.63037],[-87.45131,19.63153],[-87.45089,19.63334],[-87.45213,19.63379],[-87.45335,19.63758],[-87.4545,19.6376],[-87.45333,19.63597],[-87.45472,19.63395],[-87.45613,19.63624],[-87.45725,19.64302],[-87.45564,19.64268],[-87.4551,19.64746],[-87.45445,19.64802],[-87.45333,19.64798],[-87.45285,19.64169],[-87.45052,19.63945],[-87.44871,19.63207],[-87.44294,19.62795],[-87.44165,19.62784],[-87.43532,19.62191],[-87.43108,19.62095],[-87.42645,19.6172],[-87.42367,19.61186],[-87.42503,19.61074],[-87.42352,19.61064],[-87.42278,19.60872],[-87.42054,19.60644],[-87.41958,19.60361],[-87.41595,19.60189],[-87.41644,19.60087],[-87.41266,19.60129],[-87.41038,19.59841],[-87.41151,19.59404],[-87.41064,19.59196],[-87.41136,19.5913],[-87.41152,19.58753],[-87.41305,19.58275],[-87.41433,19.56407],[-87.41621,19.56201],[-87.41663,19.55766],[-87.41995,19.558],[-87.42421,19.55056],[-87.42454,19.54503],[-87.42275,19.53848],[-87.42778,19.53091],[-87.42806,19.52795],[-87.4267,19.52347],[-87.43043,19.51971],[-87.43164,19.51496],[-87.43131,19.5072],[-87.43072,19.50446],[-87.42861,19.50081],[-87.42871,19.49863],[-87.42999,19.49379],[-87.43248,19.49026],[-87.43266,19.48612],[-87.43553,19.48366],[-87.43773,19.47958],[-87.4402,19.46903],[-87.445,19.46866],[-87.45277,19.461],[-87.4576,19.45778],[-87.45888,19.45557],[-87.46465,19.45265],[-87.47111,19.44493],[-87.477,19.44212],[-87.48646,19.43975],[-87.49134,19.43699],[-87.49605,19.43293],[-87.50088,19.42682],[-87.5035,19.42468],[-87.50698,19.41867],[-87.51437,19.41022],[-87.52057,19.39992],[-87.52507,19.39564],[-87.53262,19.39282],[-87.53938,19.39299],[-87.54541,19.39158],[-87.54927,19.39196],[-87.54932,19.39268],[-87.54757,19.39296],[-87.54952,19.39362],[-87.55506,19.39144],[-87.5583,19.39168],[-87.55984,19.39225],[-87.55982,19.39311],[-87.56456,19.39389],[-87.56471,19.39712],[-87.56233,19.39663],[-87.56101,19.3942],[-87.56046,19.39436],[-87.56113,19.39574],[-87.56003,19.39502],[-87.55885,19.3955],[-87.55775,19.39446],[-87.5575,19.39271],[-87.55336,19.39286],[-87.55073,19.39446],[-87.55277,19.3957],[-87.54912,19.39576],[-87.54858,19.3979],[-87.54709,19.39661],[-87.54769,19.39829],[-87.54642,19.39815],[-87.54645,19.39959],[-87.54458,19.39752],[-87.54261,19.39785],[-87.53988,19.4031],[-87.53981,19.40736],[-87.53852,19.40968],[-87.53781,19.41362],[-87.53794,19.41452],[-87.53853,19.41423],[-87.53813,19.41328],[-87.53916,19.41409],[-87.53927,19.41841],[-87.54327,19.41962],[-87.54591,19.41855],[-87.54541,19.41701],[-87.54725,19.41709],[-87.54783,19.41839],[-87.54379,19.42061],[-87.54189,19.41991],[-87.53944,19.4251],[-87.53554,19.42818],[-87.5354,19.42905],[-87.53729,19.42809],[-87.54254,19.42821],[-87.54328,19.42757],[-87.54439,19.42866],[-87.54613,19.42708],[-87.54745,19.42781],[-87.55195,19.42504],[-87.55387,19.42701],[-87.56556,19.41715],[-87.57631,19.41398],[-87.57927,19.41068],[-87.58317,19.40897],[-87.58871,19.40374],[-87.59065,19.4031],[-87.59375,19.40429],[-87.59566,19.40342],[-87.60027,19.39836],[-87.60202,19.39892],[-87.60733,19.39491],[-87.61102,19.38941],[-87.61659,19.38556],[-87.61892,19.38182],[-87.62555,19.38031],[-87.6297,19.3767],[-87.63596,19.37343],[-87.6419,19.3595],[-87.64619,19.34574],[-87.6481,19.3417],[-87.65018,19.33935],[-87.655,19.3198],[-87.65627,19.3028],[-87.66752,19.29739],[-87.6692,19.295],[-87.6684,19.2914],[-87.6649,19.2908],[-87.65992,19.28741],[-87.6579,19.2821],[-87.6584,19.2741],[-87.6612,19.2607],[-87.6664,19.2575],[-87.6692,19.2529],[-87.6721,19.2514],[-87.6744,19.2489],[-87.67815,19.24284],[-87.6834,19.2394],[-87.68685,19.23475],[-87.68594,19.23263],[-87.6865,19.2309],[-87.68177,19.22947],[-87.68087,19.23003],[-87.6764,19.22968],[-87.6736,19.22795],[-87.67382,19.22354],[-87.67578,19.22375],[-87.67729,19.22255],[-87.68328,19.22334],[-87.68461,19.2228],[-87.68614,19.22046],[-87.68376,19.21833],[-87.68274,19.21869],[-87.6845,19.22008],[-87.68334,19.22083],[-87.6802,19.21816],[-87.67685,19.2191],[-87.67729,19.21643],[-87.68231,19.21362],[-87.68247,19.21013],[-87.68166,19.20743],[-87.68275,19.20683],[-87.68301,19.20502],[-87.68049,19.2059],[-87.6812,19.20628],[-87.6806,19.20719],[-87.67873,19.20738],[-87.6791,19.2059],[-87.67784,19.20504],[-87.67434,19.20637],[-87.67378,19.20532],[-87.67491,19.20457],[-87.67579,19.2021],[-87.67849,19.19991],[-87.67699,19.1989],[-87.67536,19.19977],[-87.67207,19.19979],[-87.6709,19.19869],[-87.66929,19.19927],[-87.66941,19.1978],[-87.67167,19.19558],[-87.67243,19.19547],[-87.67196,19.19662],[-87.67257,19.19753],[-87.67403,19.19642],[-87.67332,19.19546],[-87.67351,19.19364],[-87.67043,19.19203],[-87.67082,19.18985],[-87.66627,19.19112],[-87.66606,19.18853],[-87.66493,19.18787],[-87.66263,19.18984],[-87.66134,19.18865],[-87.65989,19.19075],[-87.65718,19.19014],[-87.65891,19.18627],[-87.65787,19.18389],[-87.65519,19.18114],[-87.65132,19.18056],[-87.64789,19.1825],[-87.64516,19.18174],[-87.64177,19.18276],[-87.63924,19.18248],[-87.63833,19.18166],[-87.63919,19.18046],[-87.64025,19.1806],[-87.64055,19.17921],[-87.63974,19.17931],[-87.63928,19.17777],[-87.63776,19.17715],[-87.63746,19.17831],[-87.63624,19.17774],[-87.63361,19.17915],[-87.6336,19.1817],[-87.63,19.1834],[-87.6308,19.1858],[-87.63386,19.18792],[-87.62876,19.18996],[-87.6275,19.1882],[-87.6244,19.1917],[-87.6226,19.198],[-87.6193,19.2021],[-87.618,19.2077],[-87.6171,19.2092],[-87.6144,19.2105],[-87.6133,19.2164],[-87.6084,19.2221],[-87.6077,19.225],[-87.6084,19.2271],[-87.607,19.2285],[-87.607,19.23],[-87.6022,19.233],[-87.6016,19.2353],[-87.59885,19.23738],[-87.5973,19.2366],[-87.59339,19.23685],[-87.592,19.2421],[-87.5891,19.2467],[-87.5867,19.2454],[-87.5857,19.2486],[-87.586,19.2512],[-87.5833,19.2543],[-87.5825,19.2579],[-87.5831,19.2615],[-87.5812,19.2629],[-87.57782,19.26984],[-87.58209,19.26745],[-87.5861,19.2638],[-87.58777,19.2614],[-87.58785,19.25986],[-87.58902,19.26009],[-87.58972,19.25937],[-87.59024,19.2579],[-87.58943,19.25465],[-87.59177,19.25491],[-87.59391,19.25046],[-87.59877,19.24947],[-87.60516,19.24653],[-87.60828,19.24198],[-87.61244,19.23874],[-87.61199,19.24012],[-87.60503,19.24821],[-87.59901,19.25075],[-87.5939,19.25482],[-87.59209,19.25721],[-87.59118,19.26044],[-87.58726,19.26472],[-87.58218,19.2678],[-87.58077,19.2698],[-87.569,19.27819],[-87.56649,19.28516],[-87.563,19.28981],[-87.55918,19.29248],[-87.55621,19.29609],[-87.55173,19.29793],[-87.548,19.30054],[-87.54638,19.30294],[-87.54305,19.30362],[-87.53876,19.30618],[-87.53891,19.30675],[-87.53426,19.3072],[-87.52293,19.30582],[-87.51561,19.30839],[-87.51384,19.31026],[-87.51409,19.3127],[-87.51257,19.31573],[-87.51009,19.31817],[-87.50964,19.31978],[-87.50134,19.32419],[-87.49999,19.32377],[-87.49831,19.32154],[-87.49693,19.32303],[-87.49557,19.32251],[-87.49177,19.32367],[-87.49021,19.32574],[-87.48879,19.32622],[-87.4798,19.3237],[-87.4791,19.3257],[-87.4765,19.3261],[-87.4752,19.3241],[-87.474,19.3248],[-87.4725,19.3233],[-87.4704,19.3258],[-87.4694,19.3245],[-87.4671,19.3242],[-87.46645,19.32544],[-87.46377,19.32573],[-87.46061,19.31912],[-87.45422,19.31342],[-87.4525,19.31256],[-87.44577,19.31315],[-87.44556,19.31171],[-87.45358,19.3038],[-87.47118,19.28278],[-87.47289,19.28191],[-87.47345,19.28239],[-87.47537,19.28104],[-87.47518,19.28009],[-87.47604,19.28004],[-87.48128,19.27215],[-87.48239,19.2721],[-87.4838,19.27008],[-87.48547,19.26613],[-87.48788,19.26522],[-87.48898,19.26162],[-87.49665,19.25589],[-87.5004,19.25056],[-87.50464,19.2481],[-87.50645,19.24411],[-87.51039,19.24184],[-87.51482,19.2353],[-87.51745,19.23668],[-87.52002,19.23567],[-87.52103,19.23312],[-87.52613,19.23027],[-87.52789,19.2272],[-87.52848,19.22273],[-87.53208,19.21883],[-87.53724,19.20798],[-87.53962,19.19983],[-87.54004,19.19485],[-87.53799,19.18474],[-87.53975,19.18305],[-87.5404,19.17863],[-87.53972,19.17321],[-87.54163,19.16975],[-87.54228,19.16667],[-87.54069,19.16125],[-87.54076,19.15507],[-87.54173,19.15247],[-87.54681,19.14842],[-87.5486,19.14437],[-87.54737,19.13639],[-87.54941,19.13052],[-87.55008,19.12331],[-87.54976,19.10374],[-87.55223,19.09373],[-87.54932,19.08669],[-87.5499,19.08466],[-87.55116,19.08389],[-87.5508,19.08317],[-87.55186,19.08254],[-87.5516,19.08053],[-87.55251,19.07971],[-87.55345,19.07428],[-87.55657,19.06885],[-87.56232,19.06883],[-87.56684,19.06264],[-87.57123,19.05304],[-87.57122,19.05022],[-87.57351,19.04297],[-87.57949,19.03592],[-87.58341,19.02681],[-87.58543,19.01807],[-87.58859,19.01364],[-87.59003,19.00744],[-87.59237,19.00507],[-87.60065,18.99161],[-87.60533,18.98767],[-87.60757,18.97736],[-87.60927,18.97225],[-87.61337,18.96499],[-87.6172,18.95041],[-87.62444,18.94471],[-87.62743,18.93966],[-87.63229,18.9225],[-87.63148,18.90301],[-87.63364,18.89836],[-87.63752,18.8955],[-87.63935,18.89277],[-87.64204,18.88452],[-87.64249,18.87617],[-87.64078,18.86663],[-87.6417,18.86163],[-87.64357,18.85688],[-87.64727,18.85478],[-87.65392,18.84631],[-87.65389,18.83935],[-87.65731,18.83758],[-87.65777,18.83224],[-87.66038,18.83068],[-87.66258,18.82777],[-87.66349,18.82216],[-87.66254,18.81695],[-87.66652,18.81066],[-87.66891,18.80201],[-87.66917,18.79848],[-87.66739,18.78873],[-87.66941,18.78366],[-87.66917,18.78092],[-87.67143,18.77594],[-87.66824,18.77094],[-87.66935,18.76338],[-87.67383,18.75257],[-87.68079,18.74243],[-87.68393,18.7415],[-87.68487,18.73792],[-87.68843,18.73657],[-87.68903,18.7353],[-87.69315,18.73223],[-87.69489,18.72941],[-87.6994,18.72812],[-87.70214,18.7232],[-87.7046,18.72212],[-87.70557,18.7206],[-87.70771,18.71493],[-87.71069,18.71238],[-87.71375,18.70476],[-87.7153,18.69412],[-87.71746,18.69082],[-87.71763,18.68555],[-87.71842,18.68572],[-87.71935,18.68457],[-87.72154,18.68008],[-87.72201,18.67675],[-87.72523,18.66854],[-87.72598,18.66434],[-87.72588,18.65568],[-87.72826,18.64592],[-87.72789,18.63922],[-87.72944,18.62718],[-87.7316,18.62359],[-87.73275,18.61198],[-87.73761,18.59327],[-87.73947,18.58145],[-87.73919,18.57737],[-87.74017,18.56976],[-87.73944,18.55663],[-87.73995,18.54547],[-87.74168,18.54325],[-87.74221,18.53946],[-87.74371,18.53791],[-87.74481,18.52897],[-87.74727,18.52695],[-87.74902,18.52305],[-87.75467,18.51637],[-87.75776,18.51418],[-87.75801,18.51057],[-87.7595,18.50797],[-87.7596,18.50339],[-87.76206,18.49693],[-87.76124,18.48553],[-87.76166,18.47852],[-87.7644,18.46097],[-87.76156,18.45097],[-87.76226,18.44419],[-87.76164,18.44045],[-87.76363,18.43708],[-87.76501,18.4306],[-87.76508,18.42311],[-87.76411,18.41783],[-87.76636,18.41393],[-87.76581,18.41197],[-87.7676,18.4111],[-87.76719,18.40975],[-87.76886,18.40878],[-87.76964,18.40547],[-87.77094,18.40436],[-87.77024,18.40142],[-87.77249,18.40095],[-87.77391,18.39904],[-87.77707,18.39732],[-87.78267,18.39022],[-87.78497,18.38579],[-87.78694,18.38562],[-87.78847,18.38374],[-87.79356,18.37178],[-87.79863,18.36423],[-87.80209,18.35231],[-87.80594,18.34722],[-87.81329,18.34012],[-87.81974,18.33121],[-87.82799,18.31028],[-87.83306,18.29232],[-87.83456,18.28102],[-87.83456,18.27126],[-87.83674,18.24758],[-87.83924,18.24188],[-87.84182,18.22914],[-87.84197,18.20942],[-87.84392,18.20037],[-87.84429,18.19094],[-87.84559,18.18949],[-87.8474,18.1892],[-87.84835,18.18703],[-87.84965,18.18626],[-87.84959,18.18439],[-87.85403,18.18472],[-87.85457,18.18309],[-87.85608,18.18264],[-87.85631,18.18131],[-87.85737,18.18185],[-87.85753,18.18443],[-87.85961,18.18701],[-87.85884,18.1869],[-87.85988,18.18784],[-87.86019,18.18983],[-87.86608,18.1892],[-87.86751,18.18824],[-87.90243,18.14269],[-87.92545,18.16024],[-87.99999,18.15959],[-88.0303,18.16036],[-88.03037,18.41479],[-88.24963,18.41555],[-88.25009,18.47307],[-88.2608,18.47492],[-88.28899,18.47527],[-88.3045,18.47875],[-88.31036,18.48522],[-88.31371,18.48557],[-88.31919,18.48823],[-88.32685,18.49018],[-88.35112,18.48447],[-88.35488,18.48464],[-88.36228,18.48666],[-88.36723,18.48611],[-88.37184,18.48344],[-88.37685,18.47923],[-88.38013,18.47895],[-88.387,18.48164],[-88.38985,18.48628],[-88.39443,18.48936],[-88.39938,18.49497],[-88.4024,18.49666],[-88.40615,18.49558],[-88.41075,18.49297],[-88.4175,18.49247],[-88.42336,18.48728],[-88.42799,18.48524],[-88.43245,18.48502],[-88.43577,18.48232],[-88.44249,18.4814],[-88.44571,18.4762],[-88.44714,18.47559],[-88.45243,18.48217],[-88.45334,18.48744],[-88.45423,18.48851],[-88.4584,18.4896],[-88.46507,18.48702],[-88.46774,18.49022],[-88.47265,18.4899],[-88.47477,18.49467],[-88.4778,18.49417],[-88.48022,18.49249],[-88.4861,18.48611]]]]}}]}
